{
"type": "FeatureCollection",
"name": "matched_crashes",
"crs": { "type": "name", "properties": { "name": "urn:ogc:def:crs:OGC:1.3:CRS84" } },
"features": [
{ "type": "Feature", "properties": { "collision_index": "2022010406022", "collision_year": 2022, "collision_ref_no": "010406022", "location_easting_osgr": 529426.0, "location_northing_osgr": 180789.0, "longitude": -0.13633, "latitude": 51.511215, "police_force": 1, "collision_severity": 2, "number_of_vehicles": 2, "number_of_casualties": 1, "date": "22/10/2022", "day_of_week": 7, "time": "00:45:00", "local_authority_district": -1, "local_authority_ons_district": "E09000033", "local_authority_highway": "E09000033", "local_authority_highway_current": "E09000033", "first_road_class": 5, "first_road_number": 0, "road_type": 6, "speed_limit": 20, "junction_detail_historic": 6, "junction_detail": 16, "junction_control": 4, "second_road_class": 6, "second_road_number": 0, "pedestrian_crossing_human_control_historic": 0, "pedestrian_crossing_physical_facilities_historic": 0, "pedestrian_crossing": 0, "light_conditions": 4, "weather_conditions": 1, "road_surface_conditions": 1, "special_conditions_at_site": 0, "carriageway_hazards_historic": 0, "carriageway_hazards": 0, "urban_or_rural_area": 1, "did_police_officer_attend_scene_of_accident": 1, "trunk_road_flag": 2, "lsoa_of_accident_location": "E01033595", "enhanced_severity_collision": -1, "collision_injury_based": 0, "collision_adjusted_severity_serious": 1.0, "collision_adjusted_severity_slight": 0.0, "source": "STATS19", "source_year": "2022", "source_record_id": "CRASH_272", "matched_u": 18, "matched_v": 28, "match_distance": 20.986952761188149 }, "geometry": { "type": "Point", "coordinates": [ -0.13633, 51.511215 ] } },
{ "type": "Feature", "properties": { "collision_index": "2022010368725", "collision_year": 2022, "collision_ref_no": "010368725", "location_easting_osgr": 531207.0, "location_northing_osgr": 179946.0, "longitude": -0.110994, "latitude": 51.503229, "police_force": 1, "collision_severity": 3, "number_of_vehicles": 2, "number_of_casualties": 1, "date": "01/04/2022", "day_of_week": 6, "time": "13:30:00", "local_authority_district": -1, "local_authority_ons_district": "E09000022", "local_authority_highway": "E09000022", "local_authority_highway_current": "E09000022", "first_road_class": 3, "first_road_number": 301, "road_type": 6, "speed_limit": 20, "junction_detail_historic": 0, "junction_detail": 0, "junction_control": -1, "second_road_class": 0, "second_road_number": -1, "pedestrian_crossing_human_control_historic": 0, "pedestrian_crossing_physical_facilities_historic": 4, "pedestrian_crossing": 14, "light_conditions": 1, "weather_conditions": 2, "road_surface_conditions": 1, "special_conditions_at_site": 0, "carriageway_hazards_historic": 0, "carriageway_hazards": 0, "urban_or_rural_area": 1, "did_police_officer_attend_scene_of_accident": 1, "trunk_road_flag": 2, "lsoa_of_accident_location": "E01003017", "enhanced_severity_collision": -1, "collision_injury_based": 0, "collision_adjusted_severity_serious": 0.0, "collision_adjusted_severity_slight": 1.0, "source": "STATS19", "source_year": "2022", "source_record_id": "CRASH_636", "matched_u": 56, "matched_v": 57, "match_distance": 8.262379983321809 }, "geometry": { "type": "Point", "coordinates": [ -0.110994, 51.503229 ] } },
{ "type": "Feature", "properties": { "collision_index": "2022010390947", "collision_year": 2022, "collision_ref_no": "010390947", "location_easting_osgr": 532257.0, "location_northing_osgr": 179981.0, "longitude": -0.095861, "latitude": 51.503299, "police_force": 1, "collision_severity": 3, "number_of_vehicles": 1, "number_of_casualties": 1, "date": "26/07/2022", "day_of_week": 3, "time": "16:56:00", "local_authority_district": -1, "local_authority_ons_district": "E09000028", "local_authority_highway": "E09000028", "local_authority_highway_current": "E09000028", "first_road_class": 3, "first_road_number": 300, "road_type": 9, "speed_limit": 30, "junction_detail_historic": 0, "junction_detail": 0, "junction_control": -1, "second_road_class": 0, "second_road_number": -1, "pedestrian_crossing_human_control_historic": 0, "pedestrian_crossing_physical_facilities_historic": 9, "pedestrian_crossing": 0, "light_conditions": 1, "weather_conditions": 1, "road_surface_conditions": 1, "special_conditions_at_site": 9, "carriageway_hazards_historic": 9, "carriageway_hazards": 99, "urban_or_rural_area": 1, "did_police_officer_attend_scene_of_accident": 3, "trunk_road_flag": 2, "lsoa_of_accident_location": "E01003929", "enhanced_severity_collision": -1, "collision_injury_based": 0, "collision_adjusted_severity_serious": 0.0, "collision_adjusted_severity_slight": 1.0, "source": "STATS19", "source_year": "2022", "source_record_id": "CRASH_657", "matched_u": 76, "matched_v": 77, "match_distance": 36.055146184711703 }, "geometry": { "type": "Point", "coordinates": [ -0.095861, 51.503299 ] } },
{ "type": "Feature", "properties": { "collision_index": "2022010393993", "collision_year": 2022, "collision_ref_no": "010393993", "location_easting_osgr": 530072.0, "location_northing_osgr": 180884.0, "longitude": -0.126991, "latitude": 51.51192, "police_force": 1, "collision_severity": 3, "number_of_vehicles": 1, "number_of_casualties": 1, "date": "14/08/2022", "day_of_week": 1, "time": "18:25:00", "local_authority_district": -1, "local_authority_ons_district": "E09000033", "local_authority_highway": "E09000033", "local_authority_highway_current": "E09000033", "first_road_class": 4, "first_road_number": 402, "road_type": 9, "speed_limit": 30, "junction_detail_historic": 7, "junction_detail": 17, "junction_control": 2, "second_road_class": 4, "second_road_number": 404, "pedestrian_crossing_human_control_historic": 0, "pedestrian_crossing_physical_facilities_historic": 5, "pedestrian_crossing": 15, "light_conditions": 1, "weather_conditions": 8, "road_surface_conditions": 1, "special_conditions_at_site": 0, "carriageway_hazards_historic": 0, "carriageway_hazards": 0, "urban_or_rural_area": 1, "did_police_officer_attend_scene_of_accident": 3, "trunk_road_flag": 2, "lsoa_of_accident_location": "E01004734", "enhanced_severity_collision": -1, "collision_injury_based": 0, "collision_adjusted_severity_serious": 0.0, "collision_adjusted_severity_slight": 1.0, "source": "STATS19", "source_year": "2022", "source_record_id": "CRASH_673", "matched_u": 38, "matched_v": 39, "match_distance": 43.600133894031394 }, "geometry": { "type": "Point", "coordinates": [ -0.126991, 51.51192 ] } },
{ "type": "Feature", "properties": { "collision_index": "2022010397125", "collision_year": 2022, "collision_ref_no": "010397125", "location_easting_osgr": 529580.0, "location_northing_osgr": 181040.0, "longitude": -0.13402, "latitude": 51.513435, "police_force": 1, "collision_severity": 3, "number_of_vehicles": 2, "number_of_casualties": 1, "date": "01/09/2022", "day_of_week": 5, "time": "13:40:00", "local_authority_district": -1, "local_authority_ons_district": "E09000033", "local_authority_highway": "E09000033", "local_authority_highway_current": "E09000033", "first_road_class": 5, "first_road_number": 0, "road_type": 2, "speed_limit": 20, "junction_detail_historic": 0, "junction_detail": 0, "junction_control": -1, "second_road_class": 0, "second_road_number": -1, "pedestrian_crossing_human_control_historic": 0, "pedestrian_crossing_physical_facilities_historic": 5, "pedestrian_crossing": 15, "light_conditions": 1, "weather_conditions": 1, "road_surface_conditions": 1, "special_conditions_at_site": 0, "carriageway_hazards_historic": 0, "carriageway_hazards": 0, "urban_or_rural_area": 1, "did_police_officer_attend_scene_of_accident": 1, "trunk_road_flag": 2, "lsoa_of_accident_location": "E01033596", "enhanced_severity_collision": -1, "collision_injury_based": 0, "collision_adjusted_severity_serious": 0.0, "collision_adjusted_severity_slight": 1.0, "source": "STATS19", "source_year": "2022", "source_record_id": "CRASH_674", "matched_u": 28, "matched_v": 29, "match_distance": 38.392855491369119 }, "geometry": { "type": "Point", "coordinates": [ -0.13402, 51.513435 ] } },
{ "type": "Feature", "properties": { "collision_index": "2022010410626", "collision_year": 2022, "collision_ref_no": "010410626", "location_easting_osgr": 529541.0, "location_northing_osgr": 181332.0, "longitude": -0.134474, "latitude": 51.516068, "police_force": 1, "collision_severity": 2, "number_of_vehicles": 2, "number_of_casualties": 1, "date": "15/11/2022", "day_of_week": 3, "time": "12:52:00", "local_authority_district": -1, "local_authority_ons_district": "E09000033", "local_authority_highway": "E09000033", "local_authority_highway_current": "E09000033", "first_road_class": 3, "first_road_number": 40, "road_type": 6, "speed_limit": 20, "junction_detail_historic": 3, "junction_detail": 13, "junction_control": 2, "second_road_class": 6, "second_road_number": 0, "pedestrian_crossing_human_control_historic": 0, "pedestrian_crossing_physical_facilities_historic": 0, "pedestrian_crossing": 0, "light_conditions": 1, "weather_conditions": 2, "road_surface_conditions": 2, "special_conditions_at_site": 0, "carriageway_hazards_historic": 0, "carriageway_hazards": 0, "urban_or_rural_area": 1, "did_police_officer_attend_scene_of_accident": 1, "trunk_road_flag": 2, "lsoa_of_accident_location": "E01004763", "enhanced_severity_collision": -1, "collision_injury_based": 0, "collision_adjusted_severity_serious": 1.0, "collision_adjusted_severity_slight": 0.0, "source": "STATS19", "source_year": "2022", "source_record_id": "CRASH_675", "matched_u": 29, "matched_v": 30, "match_distance": 12.146193328775551 }, "geometry": { "type": "Point", "coordinates": [ -0.134474, 51.516068 ] } },
{ "type": "Feature", "properties": { "collision_index": "2022010374963", "collision_year": 2022, "collision_ref_no": "010374963", "location_easting_osgr": 530166.0, "location_northing_osgr": 179805.0, "longitude": -0.126035, "latitude": 51.502202, "police_force": 1, "collision_severity": 3, "number_of_vehicles": 2, "number_of_casualties": 1, "date": "14/04/2022", "day_of_week": 5, "time": "18:00:00", "local_authority_district": -1, "local_authority_ons_district": "E09000033", "local_authority_highway": "E09000033", "local_authority_highway_current": "E09000033", "first_road_class": 3, "first_road_number": 3212, "road_type": 6, "speed_limit": 20, "junction_detail_historic": 3, "junction_detail": 13, "junction_control": 2, "second_road_class": 6, "second_road_number": 0, "pedestrian_crossing_human_control_historic": 9, "pedestrian_crossing_physical_facilities_historic": 9, "pedestrian_crossing": 99, "light_conditions": 1, "weather_conditions": 8, "road_surface_conditions": 1, "special_conditions_at_site": 0, "carriageway_hazards_historic": 0, "carriageway_hazards": 0, "urban_or_rural_area": 1, "did_police_officer_attend_scene_of_accident": 3, "trunk_road_flag": 2, "lsoa_of_accident_location": "E01004733", "enhanced_severity_collision": -1, "collision_injury_based": 0, "collision_adjusted_severity_serious": 0.0, "collision_adjusted_severity_slight": 1.0, "source": "STATS19", "source_year": "2022", "source_record_id": "CRASH_2349", "matched_u": 36, "matched_v": 46, "match_distance": 4.7092157742008567 }, "geometry": { "type": "Point", "coordinates": [ -0.126035, 51.502202 ] } },
{ "type": "Feature", "properties": { "collision_index": "2022481291998", "collision_year": 2022, "collision_ref_no": "481291998", "location_easting_osgr": 531731.0, "location_northing_osgr": 180830.0, "longitude": -0.103119, "latitude": 51.511051, "police_force": 48, "collision_severity": 2, "number_of_vehicles": 1, "number_of_casualties": 1, "date": "03/12/2022", "day_of_week": 7, "time": "00:02:00", "local_authority_district": -1, "local_authority_ons_district": "E09000001", "local_authority_highway": "E09000001", "local_authority_highway_current": "E09000001", "first_road_class": 6, "first_road_number": 0, "road_type": 6, "speed_limit": 20, "junction_detail_historic": 0, "junction_detail": 0, "junction_control": -1, "second_road_class": 0, "second_road_number": -1, "pedestrian_crossing_human_control_historic": 0, "pedestrian_crossing_physical_facilities_historic": 0, "pedestrian_crossing": 0, "light_conditions": 4, "weather_conditions": 1, "road_surface_conditions": 1, "special_conditions_at_site": 0, "carriageway_hazards_historic": 0, "carriageway_hazards": 0, "urban_or_rural_area": 1, "did_police_officer_attend_scene_of_accident": 1, "trunk_road_flag": 2, "lsoa_of_accident_location": "E01032739", "enhanced_severity_collision": 7, "collision_injury_based": 1, "collision_adjusted_severity_serious": 1.0, "collision_adjusted_severity_slight": 0.0, "source": "STATS19", "source_year": "2022", "source_record_id": "CRASH_2677", "matched_u": 68, "matched_v": 78, "match_distance": 8.3470684597268683 }, "geometry": { "type": "Point", "coordinates": [ -0.103119, 51.511051 ] } },
{ "type": "Feature", "properties": { "collision_index": "2022010363635", "collision_year": 2022, "collision_ref_no": "010363635", "location_easting_osgr": 531975.0, "location_northing_osgr": 179365.0, "longitude": -0.100152, "latitude": 51.497829, "police_force": 1, "collision_severity": 3, "number_of_vehicles": 2, "number_of_casualties": 1, "date": "04/03/2022", "day_of_week": 6, "time": "09:30:00", "local_authority_district": -1, "local_authority_ons_district": "E09000028", "local_authority_highway": "E09000028", "local_authority_highway_current": "E09000028", "first_road_class": 3, "first_road_number": 300, "road_type": 2, "speed_limit": 20, "junction_detail_historic": 9, "junction_detail": 19, "junction_control": 3, "second_road_class": 3, "second_road_number": 300, "pedestrian_crossing_human_control_historic": 0, "pedestrian_crossing_physical_facilities_historic": 0, "pedestrian_crossing": 0, "light_conditions": 4, "weather_conditions": 1, "road_surface_conditions": 1, "special_conditions_at_site": 0, "carriageway_hazards_historic": 0, "carriageway_hazards": 0, "urban_or_rural_area": 1, "did_police_officer_attend_scene_of_accident": 1, "trunk_road_flag": 2, "lsoa_of_accident_location": "E01003927", "enhanced_severity_collision": -1, "collision_injury_based": 0, "collision_adjusted_severity_serious": 0.0, "collision_adjusted_severity_slight": 1.0, "source": "STATS19", "source_year": "2022", "source_record_id": "CRASH_3296", "matched_u": 65, "matched_v": 75, "match_distance": 6.3180840518325558 }, "geometry": { "type": "Point", "coordinates": [ -0.100152, 51.497829 ] } },
{ "type": "Feature", "properties": { "collision_index": "2022010367523", "collision_year": 2022, "collision_ref_no": "010367523", "location_easting_osgr": 530124.0, "location_northing_osgr": 180061.0, "longitude": -0.126546, "latitude": 51.504512, "police_force": 1, "collision_severity": 2, "number_of_vehicles": 1, "number_of_casualties": 1, "date": "26/03/2022", "day_of_week": 7, "time": "01:30:00", "local_authority_district": -1, "local_authority_ons_district": "E09000033", "local_authority_highway": "E09000033", "local_authority_highway_current": "E09000033", "first_road_class": 3, "first_road_number": 3212, "road_type": 6, "speed_limit": 20, "junction_detail_historic": 0, "junction_detail": 0, "junction_control": -1, "second_road_class": 0, "second_road_number": -1, "pedestrian_crossing_human_control_historic": 0, "pedestrian_crossing_physical_facilities_historic": 4, "pedestrian_crossing": 14, "light_conditions": 4, "weather_conditions": 1, "road_surface_conditions": 1, "special_conditions_at_site": 0, "carriageway_hazards_historic": 0, "carriageway_hazards": 0, "urban_or_rural_area": 1, "did_police_officer_attend_scene_of_accident": 1, "trunk_road_flag": 2, "lsoa_of_accident_location": "E01004736", "enhanced_severity_collision": -1, "collision_injury_based": 0, "collision_adjusted_severity_serious": 1.0, "collision_adjusted_severity_slight": 0.0, "source": "STATS19", "source_year": "2022", "source_record_id": "CRASH_3317", "matched_u": 36, "matched_v": 37, "match_distance": 5.9370395089772501 }, "geometry": { "type": "Point", "coordinates": [ -0.126546, 51.504512 ] } },
{ "type": "Feature", "properties": { "collision_index": "2022010373753", "collision_year": 2022, "collision_ref_no": "010373753", "location_easting_osgr": 529031.0, "location_northing_osgr": 180320.0, "longitude": -0.14219, "latitude": 51.50709, "police_force": 1, "collision_severity": 3, "number_of_vehicles": 1, "number_of_casualties": 1, "date": "30/04/2022", "day_of_week": 7, "time": "21:05:00", "local_authority_district": -1, "local_authority_ons_district": "E09000033", "local_authority_highway": "E09000033", "local_authority_highway_current": "E09000033", "first_road_class": 3, "first_road_number": 4, "road_type": 6, "speed_limit": 20, "junction_detail_historic": 3, "junction_detail": 13, "junction_control": 2, "second_road_class": 5, "second_road_number": 0, "pedestrian_crossing_human_control_historic": 0, "pedestrian_crossing_physical_facilities_historic": 4, "pedestrian_crossing": 14, "light_conditions": 4, "weather_conditions": 1, "road_surface_conditions": 1, "special_conditions_at_site": 0, "carriageway_hazards_historic": 0, "carriageway_hazards": 0, "urban_or_rural_area": 1, "did_police_officer_attend_scene_of_accident": 1, "trunk_road_flag": 2, "lsoa_of_accident_location": "E01004736", "enhanced_severity_collision": -1, "collision_injury_based": 0, "collision_adjusted_severity_serious": 0.0, "collision_adjusted_severity_slight": 1.0, "source": "STATS19", "source_year": "2022", "source_record_id": "CRASH_4783", "matched_u": 17, "matched_v": 18, "match_distance": 6.6296941183554736 }, "geometry": { "type": "Point", "coordinates": [ -0.14219, 51.50709 ] } },
{ "type": "Feature", "properties": { "collision_index": "2022010359433", "collision_year": 2022, "collision_ref_no": "010359433", "location_easting_osgr": 529019.0, "location_northing_osgr": 181248.0, "longitude": -0.142024, "latitude": 51.515433, "police_force": 1, "collision_severity": 3, "number_of_vehicles": 1, "number_of_casualties": 2, "date": "09/02/2022", "day_of_week": 4, "time": "15:56:00", "local_authority_district": -1, "local_authority_ons_district": "E09000033", "local_authority_highway": "E09000033", "local_authority_highway_current": "E09000033", "first_road_class": 3, "first_road_number": 4201, "road_type": 6, "speed_limit": 20, "junction_detail_historic": 9, "junction_detail": 19, "junction_control": 2, "second_road_class": 3, "second_road_number": 40, "pedestrian_crossing_human_control_historic": 1, "pedestrian_crossing_physical_facilities_historic": 5, "pedestrian_crossing": 11, "light_conditions": 1, "weather_conditions": 1, "road_surface_conditions": 2, "special_conditions_at_site": 0, "carriageway_hazards_historic": 6, "carriageway_hazards": 19, "urban_or_rural_area": 1, "did_police_officer_attend_scene_of_accident": 1, "trunk_road_flag": 2, "lsoa_of_accident_location": "E01033595", "enhanced_severity_collision": -1, "collision_injury_based": 0, "collision_adjusted_severity_serious": 0.0, "collision_adjusted_severity_slight": 1.0, "source": "STATS19", "source_year": "2022", "source_record_id": "CRASH_5643", "matched_u": 18, "matched_v": 19, "match_distance": 11.849341353328784 }, "geometry": { "type": "Point", "coordinates": [ -0.142024, 51.515433 ] } },
{ "type": "Feature", "properties": { "collision_index": "2022010397316", "collision_year": 2022, "collision_ref_no": "010397316", "location_easting_osgr": 531249.0, "location_northing_osgr": 177565.0, "longitude": -0.111273, "latitude": 51.481822, "police_force": 1, "collision_severity": 3, "number_of_vehicles": 2, "number_of_casualties": 1, "date": "01/09/2022", "day_of_week": 5, "time": "11:50:00", "local_authority_district": -1, "local_authority_ons_district": "E09000022", "local_authority_highway": "E09000022", "local_authority_highway_current": "E09000022", "first_road_class": 3, "first_road_number": 23, "road_type": 6, "speed_limit": 20, "junction_detail_historic": 3, "junction_detail": 13, "junction_control": 2, "second_road_class": 3, "second_road_number": 202, "pedestrian_crossing_human_control_historic": 0, "pedestrian_crossing_physical_facilities_historic": 4, "pedestrian_crossing": 14, "light_conditions": 1, "weather_conditions": 1, "road_surface_conditions": 1, "special_conditions_at_site": 0, "carriageway_hazards_historic": 0, "carriageway_hazards": 0, "urban_or_rural_area": 1, "did_police_officer_attend_scene_of_accident": 1, "trunk_road_flag": 2, "lsoa_of_accident_location": "E01003100", "enhanced_severity_collision": -1, "collision_injury_based": 0, "collision_adjusted_severity_serious": 0.0, "collision_adjusted_severity_slight": 1.0, "source": "STATS19", "source_year": "2022", "source_record_id": "CRASH_6047", "matched_u": 51, "matched_v": 52, "match_distance": 22.795757948000759 }, "geometry": { "type": "Point", "coordinates": [ -0.111273, 51.481822 ] } },
{ "type": "Feature", "properties": { "collision_index": "2022010408512", "collision_year": 2022, "collision_ref_no": "010408512", "location_easting_osgr": 531194.0, "location_northing_osgr": 179195.0, "longitude": -0.11146, "latitude": 51.496483, "police_force": 1, "collision_severity": 3, "number_of_vehicles": 2, "number_of_casualties": 1, "date": "04/11/2022", "day_of_week": 6, "time": "11:00:00", "local_authority_district": -1, "local_authority_ons_district": "E09000022", "local_authority_highway": "E09000022", "local_authority_highway_current": "E09000022", "first_road_class": 3, "first_road_number": 23, "road_type": 6, "speed_limit": 20, "junction_detail_historic": 6, "junction_detail": 16, "junction_control": 2, "second_road_class": 3, "second_road_number": 3203, "pedestrian_crossing_human_control_historic": 0, "pedestrian_crossing_physical_facilities_historic": 5, "pedestrian_crossing": 15, "light_conditions": 1, "weather_conditions": 8, "road_surface_conditions": 1, "special_conditions_at_site": 0, "carriageway_hazards_historic": 0, "carriageway_hazards": 0, "urban_or_rural_area": 1, "did_police_officer_attend_scene_of_accident": 1, "trunk_road_flag": 2, "lsoa_of_accident_location": "E01003014", "enhanced_severity_collision": -1, "collision_injury_based": 0, "collision_adjusted_severity_serious": 0.0, "collision_adjusted_severity_slight": 1.0, "source": "STATS19", "source_year": "2022", "source_record_id": "CRASH_6451", "matched_u": 54, "matched_v": 55, "match_distance": 43.612502726344246 }, "geometry": { "type": "Point", "coordinates": [ -0.11146, 51.496483 ] } },
{ "type": "Feature", "properties": { "collision_index": "2022010400980", "collision_year": 2022, "collision_ref_no": "010400980", "location_easting_osgr": 529573.0, "location_northing_osgr": 180568.0, "longitude": -0.134294, "latitude": 51.509195, "police_force": 1, "collision_severity": 3, "number_of_vehicles": 2, "number_of_casualties": 1, "date": "23/09/2022", "day_of_week": 6, "time": "13:25:00", "local_authority_district": -1, "local_authority_ons_district": "E09000033", "local_authority_highway": "E09000033", "local_authority_highway_current": "E09000033", "first_road_class": 3, "first_road_number": 4, "road_type": 9, "speed_limit": 20, "junction_detail_historic": 6, "junction_detail": 16, "junction_control": 4, "second_road_class": 5, "second_road_number": 0, "pedestrian_crossing_human_control_historic": 9, "pedestrian_crossing_physical_facilities_historic": 9, "pedestrian_crossing": 99, "light_conditions": 1, "weather_conditions": 1, "road_surface_conditions": 1, "special_conditions_at_site": 9, "carriageway_hazards_historic": 9, "carriageway_hazards": 99, "urban_or_rural_area": 1, "did_police_officer_attend_scene_of_accident": 3, "trunk_road_flag": 2, "lsoa_of_accident_location": "E01004736", "enhanced_severity_collision": -1, "collision_injury_based": 0, "collision_adjusted_severity_serious": 0.0, "collision_adjusted_severity_slight": 1.0, "source": "STATS19", "source_year": "2022", "source_record_id": "CRASH_6489", "matched_u": 27, "matched_v": 28, "match_distance": 7.8913150140142543 }, "geometry": { "type": "Point", "coordinates": [ -0.134294, 51.509195 ] } },
{ "type": "Feature", "properties": { "collision_index": "2022481288923", "collision_year": 2022, "collision_ref_no": "481288923", "location_easting_osgr": 532403.0, "location_northing_osgr": 181324.0, "longitude": -0.093255, "latitude": 51.515333, "police_force": 48, "collision_severity": 3, "number_of_vehicles": 1, "number_of_casualties": 1, "date": "07/10/2022", "day_of_week": 6, "time": "18:50:00", "local_authority_district": -1, "local_authority_ons_district": "E09000001", "local_authority_highway": "E09000001", "local_authority_highway_current": "E09000001", "first_road_class": 6, "first_road_number": 0, "road_type": 6, "speed_limit": 20, "junction_detail_historic": 6, "junction_detail": 16, "junction_control": 4, "second_road_class": 6, "second_road_number": 0, "pedestrian_crossing_human_control_historic": 0, "pedestrian_crossing_physical_facilities_historic": 0, "pedestrian_crossing": 0, "light_conditions": 4, "weather_conditions": 2, "road_surface_conditions": 2, "special_conditions_at_site": 0, "carriageway_hazards_historic": 0, "carriageway_hazards": 0, "urban_or_rural_area": 1, "did_police_officer_attend_scene_of_accident": 1, "trunk_road_flag": 2, "lsoa_of_accident_location": "E01000002", "enhanced_severity_collision": 3, "collision_injury_based": 1, "collision_adjusted_severity_serious": 0.0, "collision_adjusted_severity_slight": 1.0, "source": "STATS19", "source_year": "2022", "source_record_id": "CRASH_6841", "matched_u": 79, "matched_v": 89, "match_distance": 35.657318060286343 }, "geometry": { "type": "Point", "coordinates": [ -0.093255, 51.515333 ] } },
{ "type": "Feature", "properties": { "collision_index": "2022480404609", "collision_year": 2022, "collision_ref_no": "480404609", "location_easting_osgr": 531467.0, "location_northing_osgr": 180834.0, "longitude": -0.106919, "latitude": 51.511148, "police_force": 48, "collision_severity": 2, "number_of_vehicles": 2, "number_of_casualties": 1, "date": "14/10/2022", "day_of_week": 6, "time": "18:50:00", "local_authority_district": -1, "local_authority_ons_district": "E09000001", "local_authority_highway": "E09000001", "local_authority_highway_current": "E09000001", "first_road_class": 3, "first_road_number": 3211, "road_type": 6, "speed_limit": 20, "junction_detail_historic": 3, "junction_detail": 13, "junction_control": 4, "second_road_class": 5, "second_road_number": 0, "pedestrian_crossing_human_control_historic": 0, "pedestrian_crossing_physical_facilities_historic": 0, "pedestrian_crossing": 0, "light_conditions": 4, "weather_conditions": 1, "road_surface_conditions": 2, "special_conditions_at_site": 0, "carriageway_hazards_historic": 0, "carriageway_hazards": 0, "urban_or_rural_area": 1, "did_police_officer_attend_scene_of_accident": 1, "trunk_road_flag": 2, "lsoa_of_accident_location": "E01032740", "enhanced_severity_collision": -1, "collision_injury_based": 0, "collision_adjusted_severity_serious": 1.0, "collision_adjusted_severity_slight": 0.0, "source": "STATS19", "source_year": "2022", "source_record_id": "CRASH_7264", "matched_u": 58, "matched_v": 68, "match_distance": 9.0029191374778748 }, "geometry": { "type": "Point", "coordinates": [ -0.106919, 51.511148 ] } },
{ "type": "Feature", "properties": { "collision_index": "2022010417171", "collision_year": 2022, "collision_ref_no": "010417171", "location_easting_osgr": 528516.0, "location_northing_osgr": 179804.0, "longitude": -0.149795, "latitude": 51.50257, "police_force": 1, "collision_severity": 3, "number_of_vehicles": 2, "number_of_casualties": 1, "date": "18/12/2022", "day_of_week": 1, "time": "21:32:00", "local_authority_district": -1, "local_authority_ons_district": "E09000033", "local_authority_highway": "E09000033", "local_authority_highway_current": "E09000033", "first_road_class": 3, "first_road_number": 4, "road_type": 1, "speed_limit": 20, "junction_detail_historic": 1, "junction_detail": 0, "junction_control": 2, "second_road_class": 5, "second_road_number": 0, "pedestrian_crossing_human_control_historic": 0, "pedestrian_crossing_physical_facilities_historic": 5, "pedestrian_crossing": 15, "light_conditions": 4, "weather_conditions": 2, "road_surface_conditions": 2, "special_conditions_at_site": 0, "carriageway_hazards_historic": 0, "carriageway_hazards": 0, "urban_or_rural_area": 1, "did_police_officer_attend_scene_of_accident": 1, "trunk_road_flag": 2, "lsoa_of_accident_location": "E01004736", "enhanced_severity_collision": -1, "collision_injury_based": 0, "collision_adjusted_severity_serious": 0.0, "collision_adjusted_severity_slight": 1.0, "source": "STATS19", "source_year": "2022", "source_record_id": "CRASH_7755", "matched_u": 6, "matched_v": 7, "match_distance": 11.243268570120565 }, "geometry": { "type": "Point", "coordinates": [ -0.149795, 51.50257 ] } },
{ "type": "Feature", "properties": { "collision_index": "2022010394502", "collision_year": 2022, "collision_ref_no": "010394502", "location_easting_osgr": 529031.0, "location_northing_osgr": 181244.0, "longitude": -0.141853, "latitude": 51.515394, "police_force": 1, "collision_severity": 3, "number_of_vehicles": 1, "number_of_casualties": 1, "date": "17/08/2022", "day_of_week": 4, "time": "15:30:00", "local_authority_district": -1, "local_authority_ons_district": "E09000033", "local_authority_highway": "E09000033", "local_authority_highway_current": "E09000033", "first_road_class": 3, "first_road_number": 40, "road_type": 6, "speed_limit": 20, "junction_detail_historic": 7, "junction_detail": 17, "junction_control": 2, "second_road_class": 3, "second_road_number": 4201, "pedestrian_crossing_human_control_historic": 0, "pedestrian_crossing_physical_facilities_historic": 4, "pedestrian_crossing": 14, "light_conditions": 1, "weather_conditions": 2, "road_surface_conditions": 2, "special_conditions_at_site": 0, "carriageway_hazards_historic": 0, "carriageway_hazards": 0, "urban_or_rural_area": 1, "did_police_officer_attend_scene_of_accident": 1, "trunk_road_flag": 2, "lsoa_of_accident_location": "E01033595", "enhanced_severity_collision": -1, "collision_injury_based": 0, "collision_adjusted_severity_serious": 0.0, "collision_adjusted_severity_slight": 1.0, "source": "STATS19", "source_year": "2022", "source_record_id": "CRASH_8181", "matched_u": 19, "matched_v": 29, "match_distance": 24.745479770004749 }, "geometry": { "type": "Point", "coordinates": [ -0.141853, 51.515394 ] } },
{ "type": "Feature", "properties": { "collision_index": "2022010404028", "collision_year": 2022, "collision_ref_no": "010404028", "location_easting_osgr": 529183.0, "location_northing_osgr": 179775.0, "longitude": -0.140201, "latitude": 51.502158, "police_force": 1, "collision_severity": 2, "number_of_vehicles": 2, "number_of_casualties": 1, "date": "06/10/2022", "day_of_week": 5, "time": "06:30:00", "local_authority_district": -1, "local_authority_ons_district": "E09000033", "local_authority_highway": "E09000033", "local_authority_highway_current": "E09000033", "first_road_class": 5, "first_road_number": 0, "road_type": 3, "speed_limit": 20, "junction_detail_historic": 1, "junction_detail": 0, "junction_control": 2, "second_road_class": 5, "second_road_number": 0, "pedestrian_crossing_human_control_historic": 0, "pedestrian_crossing_physical_facilities_historic": 0, "pedestrian_crossing": 0, "light_conditions": 4, "weather_conditions": 1, "road_surface_conditions": 1, "special_conditions_at_site": 0, "carriageway_hazards_historic": 0, "carriageway_hazards": 0, "urban_or_rural_area": 1, "did_police_officer_attend_scene_of_accident": 3, "trunk_road_flag": 2, "lsoa_of_accident_location": "E01004736", "enhanced_severity_collision": -1, "collision_injury_based": 0, "collision_adjusted_severity_serious": 1.0, "collision_adjusted_severity_slight": 0.0, "source": "STATS19", "source_year": "2022", "source_record_id": "CRASH_8182", "matched_u": 16, "matched_v": 26, "match_distance": 12.577772768214343 }, "geometry": { "type": "Point", "coordinates": [ -0.140201, 51.502158 ] } },
{ "type": "Feature", "properties": { "collision_index": "2022010404771", "collision_year": 2022, "collision_ref_no": "010404771", "location_easting_osgr": 531196.0, "location_northing_osgr": 179195.0, "longitude": -0.111431, "latitude": 51.496482, "police_force": 1, "collision_severity": 3, "number_of_vehicles": 2, "number_of_casualties": 1, "date": "15/10/2022", "day_of_week": 7, "time": "18:25:00", "local_authority_district": -1, "local_authority_ons_district": "E09000022", "local_authority_highway": "E09000022", "local_authority_highway_current": "E09000022", "first_road_class": 3, "first_road_number": 23, "road_type": 6, "speed_limit": 30, "junction_detail_historic": 6, "junction_detail": 16, "junction_control": 2, "second_road_class": 3, "second_road_number": 3203, "pedestrian_crossing_human_control_historic": 0, "pedestrian_crossing_physical_facilities_historic": 0, "pedestrian_crossing": 0, "light_conditions": 5, "weather_conditions": 8, "road_surface_conditions": 3, "special_conditions_at_site": 0, "carriageway_hazards_historic": 0, "carriageway_hazards": 0, "urban_or_rural_area": 1, "did_police_officer_attend_scene_of_accident": 1, "trunk_road_flag": 2, "lsoa_of_accident_location": "E01003014", "enhanced_severity_collision": -1, "collision_injury_based": 0, "collision_adjusted_severity_serious": 0.0, "collision_adjusted_severity_slight": 1.0, "source": "STATS19", "source_year": "2022", "source_record_id": "CRASH_9034", "matched_u": 54, "matched_v": 55, "match_distance": 40.38423749333743 }, "geometry": { "type": "Point", "coordinates": [ -0.111431, 51.496482 ] } },
{ "type": "Feature", "properties": { "collision_index": "2022010413680", "collision_year": 2022, "collision_ref_no": "010413680", "location_easting_osgr": 530160.0, "location_northing_osgr": 179680.0, "longitude": -0.126168, "latitude": 51.50108, "police_force": 1, "collision_severity": 3, "number_of_vehicles": 2, "number_of_casualties": 1, "date": "30/11/2022", "day_of_week": 4, "time": "08:30:00", "local_authority_district": -1, "local_authority_ons_district": "E09000033", "local_authority_highway": "E09000033", "local_authority_highway_current": "E09000033", "first_road_class": 3, "first_road_number": 3212, "road_type": 9, "speed_limit": 20, "junction_detail_historic": 6, "junction_detail": 16, "junction_control": 2, "second_road_class": 3, "second_road_number": 302, "pedestrian_crossing_human_control_historic": 9, "pedestrian_crossing_physical_facilities_historic": 5, "pedestrian_crossing": 15, "light_conditions": 1, "weather_conditions": 1, "road_surface_conditions": 1, "special_conditions_at_site": 0, "carriageway_hazards_historic": 0, "carriageway_hazards": 0, "urban_or_rural_area": 1, "did_police_officer_attend_scene_of_accident": 3, "trunk_road_flag": 2, "lsoa_of_accident_location": "E01004733", "enhanced_severity_collision": -1, "collision_injury_based": 0, "collision_adjusted_severity_serious": 0.0, "collision_adjusted_severity_slight": 1.0, "source": "STATS19", "source_year": "2022", "source_record_id": "CRASH_9076", "matched_u": 35, "matched_v": 36, "match_distance": 48.015807028830757 }, "geometry": { "type": "Point", "coordinates": [ -0.126168, 51.50108 ] } },
{ "type": "Feature", "properties": { "collision_index": "2022010393084", "collision_year": 2022, "collision_ref_no": "010393084", "location_easting_osgr": 531239.0, "location_northing_osgr": 178296.0, "longitude": -0.111146, "latitude": 51.488393, "police_force": 1, "collision_severity": 3, "number_of_vehicles": 2, "number_of_casualties": 1, "date": "09/08/2022", "day_of_week": 3, "time": "18:35:00", "local_authority_district": -1, "local_authority_ons_district": "E09000022", "local_authority_highway": "E09000022", "local_authority_highway_current": "E09000022", "first_road_class": 3, "first_road_number": 23, "road_type": 6, "speed_limit": 20, "junction_detail_historic": 7, "junction_detail": 17, "junction_control": 2, "second_road_class": 3, "second_road_number": 3204, "pedestrian_crossing_human_control_historic": 2, "pedestrian_crossing_physical_facilities_historic": 4, "pedestrian_crossing": 12, "light_conditions": 1, "weather_conditions": 1, "road_surface_conditions": 1, "special_conditions_at_site": 0, "carriageway_hazards_historic": 0, "carriageway_hazards": 0, "urban_or_rural_area": 1, "did_police_officer_attend_scene_of_accident": 1, "trunk_road_flag": 2, "lsoa_of_accident_location": "E01003107", "enhanced_severity_collision": -1, "collision_injury_based": 0, "collision_adjusted_severity_serious": 0.0, "collision_adjusted_severity_slight": 1.0, "source": "STATS19", "source_year": "2022", "source_record_id": "CRASH_9467", "matched_u": 52, "matched_v": 53, "match_distance": 8.6581826172550773 }, "geometry": { "type": "Point", "coordinates": [ -0.111146, 51.488393 ] } },
{ "type": "Feature", "properties": { "collision_index": "2022010398941", "collision_year": 2022, "collision_ref_no": "010398941", "location_easting_osgr": 531240.0, "location_northing_osgr": 178677.0, "longitude": -0.11099, "latitude": 51.491817, "police_force": 1, "collision_severity": 2, "number_of_vehicles": 2, "number_of_casualties": 1, "date": "05/09/2022", "day_of_week": 2, "time": "07:13:00", "local_authority_district": -1, "local_authority_ons_district": "E09000022", "local_authority_highway": "E09000022", "local_authority_highway_current": "E09000022", "first_road_class": 3, "first_road_number": 23, "road_type": 6, "speed_limit": 20, "junction_detail_historic": 3, "junction_detail": 13, "junction_control": 4, "second_road_class": 6, "second_road_number": 0, "pedestrian_crossing_human_control_historic": 0, "pedestrian_crossing_physical_facilities_historic": 5, "pedestrian_crossing": 15, "light_conditions": 1, "weather_conditions": 1, "road_surface_conditions": 1, "special_conditions_at_site": 0, "carriageway_hazards_historic": 0, "carriageway_hazards": 0, "urban_or_rural_area": 1, "did_police_officer_attend_scene_of_accident": 3, "trunk_road_flag": 2, "lsoa_of_accident_location": "E01003110", "enhanced_severity_collision": -1, "collision_injury_based": 0, "collision_adjusted_severity_serious": 1.0, "collision_adjusted_severity_slight": 0.0, "source": "STATS19", "source_year": "2022", "source_record_id": "CRASH_9468", "matched_u": 53, "matched_v": 54, "match_distance": 8.7076579464937822 }, "geometry": { "type": "Point", "coordinates": [ -0.11099, 51.491817 ] } },
{ "type": "Feature", "properties": { "collision_index": "2022010380755", "collision_year": 2022, "collision_ref_no": "010380755", "location_easting_osgr": 531271.0, "location_northing_osgr": 179855.0, "longitude": -0.110106, "latitude": 51.502396, "police_force": 1, "collision_severity": 2, "number_of_vehicles": 2, "number_of_casualties": 1, "date": "07/06/2022", "day_of_week": 3, "time": "07:15:00", "local_authority_district": -1, "local_authority_ons_district": "E09000022", "local_authority_highway": "E09000022", "local_authority_highway_current": "E09000022", "first_road_class": 3, "first_road_number": 301, "road_type": 6, "speed_limit": 20, "junction_detail_historic": 9, "junction_detail": 19, "junction_control": 2, "second_road_class": 4, "second_road_number": 300, "pedestrian_crossing_human_control_historic": 0, "pedestrian_crossing_physical_facilities_historic": 0, "pedestrian_crossing": 0, "light_conditions": 1, "weather_conditions": 1, "road_surface_conditions": 1, "special_conditions_at_site": 0, "carriageway_hazards_historic": 0, "carriageway_hazards": 0, "urban_or_rural_area": 1, "did_police_officer_attend_scene_of_accident": 1, "trunk_road_flag": 2, "lsoa_of_accident_location": "E01003017", "enhanced_severity_collision": -1, "collision_injury_based": 0, "collision_adjusted_severity_serious": 1.0, "collision_adjusted_severity_slight": 0.0, "source": "STATS19", "source_year": "2022", "source_record_id": "CRASH_9916", "matched_u": 56, "matched_v": 66, "match_distance": 29.984057935886085 }, "geometry": { "type": "Point", "coordinates": [ -0.110106, 51.502396 ] } },
{ "type": "Feature", "properties": { "collision_index": "2022010367821", "collision_year": 2022, "collision_ref_no": "010367821", "location_easting_osgr": 529162.0, "location_northing_osgr": 181263.0, "longitude": -0.139959, "latitude": 51.515535, "police_force": 1, "collision_severity": 3, "number_of_vehicles": 2, "number_of_casualties": 1, "date": "26/03/2022", "day_of_week": 7, "time": "01:24:00", "local_authority_district": -1, "local_authority_ons_district": "E09000033", "local_authority_highway": "E09000033", "local_authority_highway_current": "E09000033", "first_road_class": 3, "first_road_number": 40, "road_type": 6, "speed_limit": 20, "junction_detail_historic": 3, "junction_detail": 13, "junction_control": 4, "second_road_class": 5, "second_road_number": 0, "pedestrian_crossing_human_control_historic": 9, "pedestrian_crossing_physical_facilities_historic": 5, "pedestrian_crossing": 15, "light_conditions": 1, "weather_conditions": 1, "road_surface_conditions": 1, "special_conditions_at_site": 0, "carriageway_hazards_historic": 0, "carriageway_hazards": 0, "urban_or_rural_area": 1, "did_police_officer_attend_scene_of_accident": 3, "trunk_road_flag": 2, "lsoa_of_accident_location": "E01033595", "enhanced_severity_collision": -1, "collision_injury_based": 0, "collision_adjusted_severity_serious": 0.0, "collision_adjusted_severity_slight": 1.0, "source": "STATS19", "source_year": "2022", "source_record_id": "CRASH_9948", "matched_u": 19, "matched_v": 29, "match_distance": 0.47702203411608934 }, "geometry": { "type": "Point", "coordinates": [ -0.139959, 51.515535 ] } },
{ "type": "Feature", "properties": { "collision_index": "2022010352934", "collision_year": 2022, "collision_ref_no": "010352934", "location_easting_osgr": 528729.0, "location_northing_osgr": 179305.0, "longitude": -0.146909, "latitude": 51.498037, "police_force": 1, "collision_severity": 3, "number_of_vehicles": 2, "number_of_casualties": 1, "date": "04/01/2022", "day_of_week": 3, "time": "13:29:00", "local_authority_district": -1, "local_authority_ons_district": "E09000033", "local_authority_highway": "E09000033", "local_authority_highway_current": "E09000033", "first_road_class": 3, "first_road_number": 302, "road_type": 2, "speed_limit": 20, "junction_detail_historic": 6, "junction_detail": 16, "junction_control": 4, "second_road_class": 3, "second_road_number": 3217, "pedestrian_crossing_human_control_historic": 0, "pedestrian_crossing_physical_facilities_historic": 0, "pedestrian_crossing": 0, "light_conditions": 1, "weather_conditions": 2, "road_surface_conditions": 2, "special_conditions_at_site": 0, "carriageway_hazards_historic": 0, "carriageway_hazards": 0, "urban_or_rural_area": 1, "did_police_officer_attend_scene_of_accident": 1, "trunk_road_flag": 2, "lsoa_of_accident_location": "E01004731", "enhanced_severity_collision": -1, "collision_injury_based": 0, "collision_adjusted_severity_serious": 0.0, "collision_adjusted_severity_slight": 1.0, "source": "STATS19", "source_year": "2022", "source_record_id": "CRASH_10365", "matched_u": 5, "matched_v": 15, "match_distance": 43.511432840488851 }, "geometry": { "type": "Point", "coordinates": [ -0.146909, 51.498037 ] } },
{ "type": "Feature", "properties": { "collision_index": "2022010357266", "collision_year": 2022, "collision_ref_no": "010357266", "location_easting_osgr": 529258.0, "location_northing_osgr": 181276.0, "longitude": -0.138571, "latitude": 51.51563, "police_force": 1, "collision_severity": 3, "number_of_vehicles": 2, "number_of_casualties": 1, "date": "28/01/2022", "day_of_week": 6, "time": "17:30:00", "local_authority_district": -1, "local_authority_ons_district": "E09000033", "local_authority_highway": "E09000033", "local_authority_highway_current": "E09000033", "first_road_class": 3, "first_road_number": 40, "road_type": 3, "speed_limit": 20, "junction_detail_historic": 9, "junction_detail": 19, "junction_control": 4, "second_road_class": 6, "second_road_number": 0, "pedestrian_crossing_human_control_historic": 0, "pedestrian_crossing_physical_facilities_historic": 0, "pedestrian_crossing": 0, "light_conditions": 4, "weather_conditions": 1, "road_surface_conditions": 1, "special_conditions_at_site": 0, "carriageway_hazards_historic": 0, "carriageway_hazards": 0, "urban_or_rural_area": 1, "did_police_officer_attend_scene_of_accident": 1, "trunk_road_flag": 2, "lsoa_of_accident_location": "E01033595", "enhanced_severity_collision": -1, "collision_injury_based": 0, "collision_adjusted_severity_serious": 0.0, "collision_adjusted_severity_slight": 1.0, "source": "STATS19", "source_year": "2022", "source_record_id": "CRASH_10366", "matched_u": 19, "matched_v": 29, "match_distance": 17.47095025703311 }, "geometry": { "type": "Point", "coordinates": [ -0.138571, 51.51563 ] } },
{ "type": "Feature", "properties": { "collision_index": "2022010379544", "collision_year": 2022, "collision_ref_no": "010379544", "location_easting_osgr": 529555.0, "location_northing_osgr": 180666.0, "longitude": -0.134517, "latitude": 51.51008, "police_force": 1, "collision_severity": 3, "number_of_vehicles": 1, "number_of_casualties": 1, "date": "31/05/2022", "day_of_week": 3, "time": "03:15:00", "local_authority_district": -1, "local_authority_ons_district": "E09000033", "local_authority_highway": "E09000033", "local_authority_highway_current": "E09000033", "first_road_class": 3, "first_road_number": 4, "road_type": 2, "speed_limit": 20, "junction_detail_historic": 7, "junction_detail": 17, "junction_control": 2, "second_road_class": 3, "second_road_number": 401, "pedestrian_crossing_human_control_historic": 0, "pedestrian_crossing_physical_facilities_historic": 5, "pedestrian_crossing": 15, "light_conditions": 4, "weather_conditions": 1, "road_surface_conditions": 2, "special_conditions_at_site": 0, "carriageway_hazards_historic": 0, "carriageway_hazards": 0, "urban_or_rural_area": 1, "did_police_officer_attend_scene_of_accident": 1, "trunk_road_flag": 2, "lsoa_of_accident_location": "E01004736", "enhanced_severity_collision": -1, "collision_injury_based": 0, "collision_adjusted_severity_serious": 0.0, "collision_adjusted_severity_slight": 1.0, "source": "STATS19", "source_year": "2022", "source_record_id": "CRASH_10368", "matched_u": 27, "matched_v": 28, "match_distance": 16.932931432884292 }, "geometry": { "type": "Point", "coordinates": [ -0.134517, 51.51008 ] } },
{ "type": "Feature", "properties": { "collision_index": "2022010378521", "collision_year": 2022, "collision_ref_no": "010378521", "location_easting_osgr": 529616.0, "location_northing_osgr": 180772.0, "longitude": -0.1336, "latitude": 51.511018, "police_force": 1, "collision_severity": 2, "number_of_vehicles": 4, "number_of_casualties": 2, "date": "25/05/2022", "day_of_week": 4, "time": "14:47:00", "local_authority_district": -1, "local_authority_ons_district": "E09000033", "local_authority_highway": "E09000033", "local_authority_highway_current": "E09000033", "first_road_class": 3, "first_road_number": 401, "road_type": 6, "speed_limit": 20, "junction_detail_historic": 7, "junction_detail": 17, "junction_control": 2, "second_road_class": 6, "second_road_number": 0, "pedestrian_crossing_human_control_historic": 0, "pedestrian_crossing_physical_facilities_historic": 4, "pedestrian_crossing": 14, "light_conditions": 1, "weather_conditions": 1, "road_surface_conditions": 1, "special_conditions_at_site": 0, "carriageway_hazards_historic": 0, "carriageway_hazards": 0, "urban_or_rural_area": 1, "did_police_officer_attend_scene_of_accident": 1, "trunk_road_flag": 2, "lsoa_of_accident_location": "E01004736", "enhanced_severity_collision": -1, "collision_injury_based": 0, "collision_adjusted_severity_serious": 1.0, "collision_adjusted_severity_slight": 0.0, "source": "STATS19", "source_year": "2022", "source_record_id": "CRASH_11191", "matched_u": 28, "matched_v": 38, "match_distance": 14.24963313806802 }, "geometry": { "type": "Point", "coordinates": [ -0.1336, 51.511018 ] } },
{ "type": "Feature", "properties": { "collision_index": "2022481261401", "collision_year": 2022, "collision_ref_no": "481261401", "location_easting_osgr": 531962.0, "location_northing_osgr": 181336.0, "longitude": -0.099602, "latitude": 51.515544, "police_force": 48, "collision_severity": 2, "number_of_vehicles": 1, "number_of_casualties": 1, "date": "29/06/2022", "day_of_week": 4, "time": "14:56:00", "local_authority_district": -1, "local_authority_ons_district": "E09000001", "local_authority_highway": "E09000001", "local_authority_highway_current": "E09000001", "first_road_class": 3, "first_road_number": 40, "road_type": 6, "speed_limit": 20, "junction_detail_historic": 0, "junction_detail": 0, "junction_control": -1, "second_road_class": 0, "second_road_number": -1, "pedestrian_crossing_human_control_historic": 0, "pedestrian_crossing_physical_facilities_historic": 4, "pedestrian_crossing": 14, "light_conditions": 1, "weather_conditions": 1, "road_surface_conditions": 1, "special_conditions_at_site": 0, "carriageway_hazards_historic": 0, "carriageway_hazards": 0, "urban_or_rural_area": 1, "did_police_officer_attend_scene_of_accident": 1, "trunk_road_flag": 2, "lsoa_of_accident_location": "E01032739", "enhanced_severity_collision": 7, "collision_injury_based": 1, "collision_adjusted_severity_serious": 1.0, "collision_adjusted_severity_slight": 0.0, "source": "STATS19", "source_year": "2022", "source_record_id": "CRASH_11515", "matched_u": 69, "matched_v": 79, "match_distance": 2.0869716098532081 }, "geometry": { "type": "Point", "coordinates": [ -0.099602, 51.515544 ] } },
{ "type": "Feature", "properties": { "collision_index": "2022010358842", "collision_year": 2022, "collision_ref_no": "010358842", "location_easting_osgr": 532124.0, "location_northing_osgr": 178356.0, "longitude": -0.098384, "latitude": 51.488727, "police_force": 1, "collision_severity": 3, "number_of_vehicles": 2, "number_of_casualties": 1, "date": "06/02/2022", "day_of_week": 1, "time": "12:25:00", "local_authority_district": -1, "local_authority_ons_district": "E09000028", "local_authority_highway": "E09000028", "local_authority_highway_current": "E09000028", "first_road_class": 5, "first_road_number": 0, "road_type": 6, "speed_limit": 20, "junction_detail_historic": 3, "junction_detail": 13, "junction_control": 4, "second_road_class": 6, "second_road_number": 0, "pedestrian_crossing_human_control_historic": 0, "pedestrian_crossing_physical_facilities_historic": 0, "pedestrian_crossing": 0, "light_conditions": 1, "weather_conditions": 1, "road_surface_conditions": 1, "special_conditions_at_site": 0, "carriageway_hazards_historic": 0, "carriageway_hazards": 0, "urban_or_rural_area": 1, "did_police_officer_attend_scene_of_accident": 1, "trunk_road_flag": 2, "lsoa_of_accident_location": "E01003994", "enhanced_severity_collision": -1, "collision_injury_based": 0, "collision_adjusted_severity_serious": 0.0, "collision_adjusted_severity_slight": 1.0, "source": "STATS19", "source_year": "2022", "source_record_id": "CRASH_11590", "matched_u": 63, "matched_v": 73, "match_distance": 35.278948705643415 }, "geometry": { "type": "Point", "coordinates": [ -0.098384, 51.488727 ] } },
{ "type": "Feature", "properties": { "collision_index": "2022010360139", "collision_year": 2022, "collision_ref_no": "010360139", "location_easting_osgr": 531104.0, "location_northing_osgr": 180813.0, "longitude": -0.112155, "latitude": 51.511044, "police_force": 1, "collision_severity": 3, "number_of_vehicles": 2, "number_of_casualties": 1, "date": "12/02/2022", "day_of_week": 7, "time": "16:45:00", "local_authority_district": -1, "local_authority_ons_district": "E09000033", "local_authority_highway": "E09000033", "local_authority_highway_current": "E09000033", "first_road_class": 3, "first_road_number": 3211, "road_type": 9, "speed_limit": 20, "junction_detail_historic": 3, "junction_detail": 13, "junction_control": 2, "second_road_class": 3, "second_road_number": 3211, "pedestrian_crossing_human_control_historic": 0, "pedestrian_crossing_physical_facilities_historic": 5, "pedestrian_crossing": 15, "light_conditions": 1, "weather_conditions": 1, "road_surface_conditions": 1, "special_conditions_at_site": 0, "carriageway_hazards_historic": 0, "carriageway_hazards": 0, "urban_or_rural_area": 1, "did_police_officer_attend_scene_of_accident": 3, "trunk_road_flag": 2, "lsoa_of_accident_location": "E01004735", "enhanced_severity_collision": -1, "collision_injury_based": 0, "collision_adjusted_severity_serious": 0.0, "collision_adjusted_severity_slight": 1.0, "source": "STATS19", "source_year": "2022", "source_record_id": "CRASH_12013", "matched_u": 48, "matched_v": 58, "match_distance": 9.599127990193665 }, "geometry": { "type": "Point", "coordinates": [ -0.112155, 51.511044 ] } },
{ "type": "Feature", "properties": { "collision_index": "2022010375927", "collision_year": 2022, "collision_ref_no": "010375927", "location_easting_osgr": 531238.0, "location_northing_osgr": 178321.0, "longitude": -0.111151, "latitude": 51.488618, "police_force": 1, "collision_severity": 1, "number_of_vehicles": 1, "number_of_casualties": 2, "date": "12/05/2022", "day_of_week": 5, "time": "08:39:00", "local_authority_district": -1, "local_authority_ons_district": "E09000022", "local_authority_highway": "E09000022", "local_authority_highway_current": "E09000022", "first_road_class": 3, "first_road_number": 3204, "road_type": 6, "speed_limit": 30, "junction_detail_historic": 6, "junction_detail": 16, "junction_control": 2, "second_road_class": 3, "second_road_number": 23, "pedestrian_crossing_human_control_historic": 0, "pedestrian_crossing_physical_facilities_historic": 5, "pedestrian_crossing": 15, "light_conditions": 1, "weather_conditions": 1, "road_surface_conditions": 1, "special_conditions_at_site": 0, "carriageway_hazards_historic": 0, "carriageway_hazards": 0, "urban_or_rural_area": 1, "did_police_officer_attend_scene_of_accident": 1, "trunk_road_flag": 2, "lsoa_of_accident_location": "E01003107", "enhanced_severity_collision": -1, "collision_injury_based": 0, "collision_adjusted_severity_serious": 0.0, "collision_adjusted_severity_slight": 0.0, "source": "STATS19", "source_year": "2022", "source_record_id": "CRASH_12437", "matched_u": 52, "matched_v": 53, "match_distance": 9.2147800712209573 }, "geometry": { "type": "Point", "coordinates": [ -0.111151, 51.488618 ] } },
{ "type": "Feature", "properties": { "collision_index": "2022010409240", "collision_year": 2022, "collision_ref_no": "010409240", "location_easting_osgr": 531228.0, "location_northing_osgr": 177769.0, "longitude": -0.1115, "latitude": 51.48366, "police_force": 1, "collision_severity": 3, "number_of_vehicles": 2, "number_of_casualties": 2, "date": "05/11/2022", "day_of_week": 7, "time": "10:00:00", "local_authority_district": -1, "local_authority_ons_district": "E09000022", "local_authority_highway": "E09000022", "local_authority_highway_current": "E09000022", "first_road_class": 3, "first_road_number": 3, "road_type": 2, "speed_limit": 20, "junction_detail_historic": 8, "junction_detail": 18, "junction_control": 4, "second_road_class": 6, "second_road_number": 0, "pedestrian_crossing_human_control_historic": 9, "pedestrian_crossing_physical_facilities_historic": 9, "pedestrian_crossing": 99, "light_conditions": 1, "weather_conditions": 2, "road_surface_conditions": 2, "special_conditions_at_site": 9, "carriageway_hazards_historic": 9, "carriageway_hazards": 99, "urban_or_rural_area": 1, "did_police_officer_attend_scene_of_accident": 3, "trunk_road_flag": 2, "lsoa_of_accident_location": "E01003099", "enhanced_severity_collision": -1, "collision_injury_based": 0, "collision_adjusted_severity_serious": 0.0, "collision_adjusted_severity_slight": 1.0, "source": "STATS19", "source_year": "2022", "source_record_id": "CRASH_12442", "matched_u": 51, "matched_v": 52, "match_distance": 48.06528235807491 }, "geometry": { "type": "Point", "coordinates": [ -0.1115, 51.48366 ] } },
{ "type": "Feature", "properties": { "collision_index": "2022481191252", "collision_year": 2022, "collision_ref_no": "481191252", "location_easting_osgr": 532239.0, "location_northing_osgr": 181036.0, "longitude": -0.095725, "latitude": 51.512784, "police_force": 48, "collision_severity": 3, "number_of_vehicles": 1, "number_of_casualties": 1, "date": "07/02/2022", "day_of_week": 2, "time": "21:30:00", "local_authority_district": -1, "local_authority_ons_district": "E09000001", "local_authority_highway": "E09000001", "local_authority_highway_current": "E09000001", "first_road_class": 6, "first_road_number": 0, "road_type": 6, "speed_limit": 20, "junction_detail_historic": 3, "junction_detail": 13, "junction_control": 2, "second_road_class": 6, "second_road_number": 0, "pedestrian_crossing_human_control_historic": 0, "pedestrian_crossing_physical_facilities_historic": 5, "pedestrian_crossing": 15, "light_conditions": 4, "weather_conditions": 1, "road_surface_conditions": 1, "special_conditions_at_site": 0, "carriageway_hazards_historic": 0, "carriageway_hazards": 0, "urban_or_rural_area": 1, "did_police_officer_attend_scene_of_accident": 3, "trunk_road_flag": 2, "lsoa_of_accident_location": "E01032739", "enhanced_severity_collision": 3, "collision_injury_based": 1, "collision_adjusted_severity_serious": 0.0, "collision_adjusted_severity_slight": 1.0, "source": "STATS19", "source_year": "2022", "source_record_id": "CRASH_12838", "matched_u": 78, "matched_v": 79, "match_distance": 20.91569543682817 }, "geometry": { "type": "Point", "coordinates": [ -0.095725, 51.512784 ] } },
{ "type": "Feature", "properties": { "collision_index": "2022481262494", "collision_year": 2022, "collision_ref_no": "481262494", "location_easting_osgr": 531809.0, "location_northing_osgr": 180829.0, "longitude": -0.101996, "latitude": 51.511024, "police_force": 48, "collision_severity": 3, "number_of_vehicles": 2, "number_of_casualties": 1, "date": "30/07/2022", "day_of_week": 7, "time": "23:15:00", "local_authority_district": -1, "local_authority_ons_district": "E09000001", "local_authority_highway": "E09000001", "local_authority_highway_current": "E09000001", "first_road_class": 3, "first_road_number": 3211, "road_type": 6, "speed_limit": 20, "junction_detail_historic": 0, "junction_detail": 0, "junction_control": -1, "second_road_class": 0, "second_road_number": -1, "pedestrian_crossing_human_control_historic": 0, "pedestrian_crossing_physical_facilities_historic": 0, "pedestrian_crossing": 0, "light_conditions": 4, "weather_conditions": 1, "road_surface_conditions": 1, "special_conditions_at_site": 0, "carriageway_hazards_historic": 0, "carriageway_hazards": 0, "urban_or_rural_area": 1, "did_police_officer_attend_scene_of_accident": 1, "trunk_road_flag": 2, "lsoa_of_accident_location": "E01032739", "enhanced_severity_collision": 3, "collision_injury_based": 1, "collision_adjusted_severity_serious": 0.0, "collision_adjusted_severity_slight": 1.0, "source": "STATS19", "source_year": "2022", "source_record_id": "CRASH_12840", "matched_u": 68, "matched_v": 78, "match_distance": 13.1764398785308 }, "geometry": { "type": "Point", "coordinates": [ -0.101996, 51.511024 ] } },
{ "type": "Feature", "properties": { "collision_index": "2022010398507", "collision_year": 2022, "collision_ref_no": "010398507", "location_easting_osgr": 531272.0, "location_northing_osgr": 178361.0, "longitude": -0.110647, "latitude": 51.48897, "police_force": 1, "collision_severity": 2, "number_of_vehicles": 1, "number_of_casualties": 1, "date": "09/09/2022", "day_of_week": 6, "time": "15:50:00", "local_authority_district": -1, "local_authority_ons_district": "E09000022", "local_authority_highway": "E09000022", "local_authority_highway_current": "E09000022", "first_road_class": 3, "first_road_number": 3204, "road_type": 6, "speed_limit": 20, "junction_detail_historic": 6, "junction_detail": 16, "junction_control": 2, "second_road_class": 3, "second_road_number": 23, "pedestrian_crossing_human_control_historic": 0, "pedestrian_crossing_physical_facilities_historic": 5, "pedestrian_crossing": 15, "light_conditions": 1, "weather_conditions": 2, "road_surface_conditions": 1, "special_conditions_at_site": 0, "carriageway_hazards_historic": 0, "carriageway_hazards": 0, "urban_or_rural_area": 1, "did_police_officer_attend_scene_of_accident": 1, "trunk_road_flag": 2, "lsoa_of_accident_location": "E01003107", "enhanced_severity_collision": -1, "collision_injury_based": 0, "collision_adjusted_severity_serious": 1.0, "collision_adjusted_severity_slight": 0.0, "source": "STATS19", "source_year": "2022", "source_record_id": "CRASH_12903", "matched_u": 53, "matched_v": 63, "match_distance": 8.1642379257827979 }, "geometry": { "type": "Point", "coordinates": [ -0.110647, 51.48897 ] } },
{ "type": "Feature", "properties": { "collision_index": "2022010382925", "collision_year": 2022, "collision_ref_no": "010382925", "location_easting_osgr": 532092.0, "location_northing_osgr": 179372.0, "longitude": -0.098465, "latitude": 51.497864, "police_force": 1, "collision_severity": 3, "number_of_vehicles": 1, "number_of_casualties": 1, "date": "17/06/2022", "day_of_week": 6, "time": "11:00:00", "local_authority_district": -1, "local_authority_ons_district": "E09000028", "local_authority_highway": "E09000028", "local_authority_highway_current": "E09000028", "first_road_class": 3, "first_road_number": 3, "road_type": 9, "speed_limit": 30, "junction_detail_historic": 99, "junction_detail": -1, "junction_control": 9, "second_road_class": 6, "second_road_number": 0, "pedestrian_crossing_human_control_historic": 9, "pedestrian_crossing_physical_facilities_historic": 9, "pedestrian_crossing": 99, "light_conditions": 1, "weather_conditions": 1, "road_surface_conditions": 1, "special_conditions_at_site": 9, "carriageway_hazards_historic": 9, "carriageway_hazards": 99, "urban_or_rural_area": 1, "did_police_officer_attend_scene_of_accident": 3, "trunk_road_flag": 2, "lsoa_of_accident_location": "E01003937", "enhanced_severity_collision": -1, "collision_injury_based": 0, "collision_adjusted_severity_serious": 0.0, "collision_adjusted_severity_slight": 1.0, "source": "STATS19", "source_year": "2022", "source_record_id": "CRASH_12919", "matched_u": 65, "matched_v": 75, "match_distance": 12.576568364165722 }, "geometry": { "type": "Point", "coordinates": [ -0.098465, 51.497864 ] } },
{ "type": "Feature", "properties": { "collision_index": "2022010362585", "collision_year": 2022, "collision_ref_no": "010362585", "location_easting_osgr": 530665.0, "location_northing_osgr": 181000.0, "longitude": -0.118408, "latitude": 51.512826, "police_force": 1, "collision_severity": 3, "number_of_vehicles": 2, "number_of_casualties": 1, "date": "26/02/2022", "day_of_week": 7, "time": "11:13:00", "local_authority_district": -1, "local_authority_ons_district": "E09000033", "local_authority_highway": "E09000033", "local_authority_highway_current": "E09000033", "first_road_class": 3, "first_road_number": 4, "road_type": 2, "speed_limit": 20, "junction_detail_historic": 3, "junction_detail": 13, "junction_control": 4, "second_road_class": 5, "second_road_number": 0, "pedestrian_crossing_human_control_historic": 0, "pedestrian_crossing_physical_facilities_historic": 0, "pedestrian_crossing": 0, "light_conditions": 1, "weather_conditions": 1, "road_surface_conditions": 1, "special_conditions_at_site": 0, "carriageway_hazards_historic": 0, "carriageway_hazards": 0, "urban_or_rural_area": 1, "did_police_officer_attend_scene_of_accident": 3, "trunk_road_flag": 2, "lsoa_of_accident_location": "E01004735", "enhanced_severity_collision": -1, "collision_injury_based": 0, "collision_adjusted_severity_serious": 0.0, "collision_adjusted_severity_slight": 1.0, "source": "STATS19", "source_year": "2022", "source_record_id": "CRASH_13346", "matched_u": 48, "matched_v": 49, "match_distance": 47.39736541331331 }, "geometry": { "type": "Point", "coordinates": [ -0.118408, 51.512826 ] } },
{ "type": "Feature", "properties": { "collision_index": "2022481217574", "collision_year": 2022, "collision_ref_no": "481217574", "location_easting_osgr": 531187.0, "location_northing_osgr": 181125.0, "longitude": -0.110843, "latitude": 51.513828, "police_force": 48, "collision_severity": 3, "number_of_vehicles": 1, "number_of_casualties": 1, "date": "26/04/2022", "day_of_week": 3, "time": "04:11:00", "local_authority_district": -1, "local_authority_ons_district": "E09000001", "local_authority_highway": "E09000001", "local_authority_highway_current": "E09000001", "first_road_class": 3, "first_road_number": 4, "road_type": 3, "speed_limit": 20, "junction_detail_historic": 3, "junction_detail": 13, "junction_control": 2, "second_road_class": 4, "second_road_number": 400, "pedestrian_crossing_human_control_historic": 0, "pedestrian_crossing_physical_facilities_historic": 5, "pedestrian_crossing": 15, "light_conditions": 4, "weather_conditions": 1, "road_surface_conditions": 1, "special_conditions_at_site": 0, "carriageway_hazards_historic": 0, "carriageway_hazards": 0, "urban_or_rural_area": 1, "did_police_officer_attend_scene_of_accident": 1, "trunk_road_flag": 2, "lsoa_of_accident_location": "E01032740", "enhanced_severity_collision": 3, "collision_injury_based": 1, "collision_adjusted_severity_serious": 0.0, "collision_adjusted_severity_slight": 1.0, "source": "STATS19", "source_year": "2022", "source_record_id": "CRASH_13717", "matched_u": 58, "matched_v": 59, "match_distance": 25.071623093106613 }, "geometry": { "type": "Point", "coordinates": [ -0.110843, 51.513828 ] } },
{ "type": "Feature", "properties": { "collision_index": "2022481290760", "collision_year": 2022, "collision_ref_no": "481290760", "location_easting_osgr": 531424.0, "location_northing_osgr": 180832.0, "longitude": -0.107539, "latitude": 51.51114, "police_force": 48, "collision_severity": 2, "number_of_vehicles": 2, "number_of_casualties": 1, "date": "09/11/2022", "day_of_week": 4, "time": "19:30:00", "local_authority_district": -1, "local_authority_ons_district": "E09000001", "local_authority_highway": "E09000001", "local_authority_highway_current": "E09000001", "first_road_class": 3, "first_road_number": 3211, "road_type": 6, "speed_limit": 20, "junction_detail_historic": 3, "junction_detail": 13, "junction_control": 2, "second_road_class": 3, "second_road_number": 3211, "pedestrian_crossing_human_control_historic": 0, "pedestrian_crossing_physical_facilities_historic": 5, "pedestrian_crossing": 15, "light_conditions": 4, "weather_conditions": 1, "road_surface_conditions": 1, "special_conditions_at_site": 0, "carriageway_hazards_historic": 0, "carriageway_hazards": 0, "urban_or_rural_area": 1, "did_police_officer_attend_scene_of_accident": 3, "trunk_road_flag": 2, "lsoa_of_accident_location": "E01032740", "enhanced_severity_collision": 6, "collision_injury_based": 1, "collision_adjusted_severity_serious": 1.0, "collision_adjusted_severity_slight": 0.0, "source": "STATS19", "source_year": "2022", "source_record_id": "CRASH_13719", "matched_u": 58, "matched_v": 68, "match_distance": 7.5719909286126486 }, "geometry": { "type": "Point", "coordinates": [ -0.107539, 51.51114 ] } },
{ "type": "Feature", "properties": { "collision_index": "2022010397257", "collision_year": 2022, "collision_ref_no": "010397257", "location_easting_osgr": 530832.0, "location_northing_osgr": 179840.0, "longitude": -0.116433, "latitude": 51.502363, "police_force": 1, "collision_severity": 3, "number_of_vehicles": 2, "number_of_casualties": 1, "date": "01/09/2022", "day_of_week": 5, "time": "21:55:00", "local_authority_district": -1, "local_authority_ons_district": "E09000022", "local_authority_highway": "E09000022", "local_authority_highway_current": "E09000022", "first_road_class": 3, "first_road_number": 3200, "road_type": 6, "speed_limit": 20, "junction_detail_historic": 99, "junction_detail": -1, "junction_control": 9, "second_road_class": 6, "second_road_number": 0, "pedestrian_crossing_human_control_historic": 9, "pedestrian_crossing_physical_facilities_historic": 9, "pedestrian_crossing": 99, "light_conditions": 4, "weather_conditions": 1, "road_surface_conditions": 1, "special_conditions_at_site": 9, "carriageway_hazards_historic": 9, "carriageway_hazards": 99, "urban_or_rural_area": 1, "did_police_officer_attend_scene_of_accident": 3, "trunk_road_flag": 2, "lsoa_of_accident_location": "E01032582", "enhanced_severity_collision": -1, "collision_injury_based": 0, "collision_adjusted_severity_serious": 0.0, "collision_adjusted_severity_slight": 1.0, "source": "STATS19", "source_year": "2022", "source_record_id": "CRASH_13775", "matched_u": 46, "matched_v": 56, "match_distance": 24.082614354789257 }, "geometry": { "type": "Point", "coordinates": [ -0.116433, 51.502363 ] } },
{ "type": "Feature", "properties": { "collision_index": "2022010411529", "collision_year": 2022, "collision_ref_no": "010411529", "location_easting_osgr": 531940.0, "location_northing_osgr": 178849.0, "longitude": -0.100849, "latitude": 51.4932, "police_force": 1, "collision_severity": 3, "number_of_vehicles": 2, "number_of_casualties": 1, "date": "18/11/2022", "day_of_week": 6, "time": "19:45:00", "local_authority_district": -1, "local_authority_ons_district": "E09000028", "local_authority_highway": "E09000028", "local_authority_highway_current": "E09000028", "first_road_class": 3, "first_road_number": 3, "road_type": 9, "speed_limit": 20, "junction_detail_historic": 7, "junction_detail": 17, "junction_control": 2, "second_road_class": 3, "second_road_number": 215, "pedestrian_crossing_human_control_historic": 0, "pedestrian_crossing_physical_facilities_historic": 5, "pedestrian_crossing": 15, "light_conditions": 4, "weather_conditions": 1, "road_surface_conditions": 1, "special_conditions_at_site": 0, "carriageway_hazards_historic": 0, "carriageway_hazards": 0, "urban_or_rural_area": 1, "did_police_officer_attend_scene_of_accident": 3, "trunk_road_flag": 2, "lsoa_of_accident_location": "E01003933", "enhanced_severity_collision": -1, "collision_injury_based": 0, "collision_adjusted_severity_serious": 0.0, "collision_adjusted_severity_slight": 1.0, "source": "STATS19", "source_year": "2022", "source_record_id": "CRASH_13796", "matched_u": 64, "matched_v": 74, "match_distance": 28.428551701828834 }, "geometry": { "type": "Point", "coordinates": [ -0.100849, 51.4932 ] } },
{ "type": "Feature", "properties": { "collision_index": "2022010390249", "collision_year": 2022, "collision_ref_no": "010390249", "location_easting_osgr": 528527.0, "location_northing_osgr": 179576.0, "longitude": -0.149719, "latitude": 51.500519, "police_force": 1, "collision_severity": 3, "number_of_vehicles": 2, "number_of_casualties": 1, "date": "24/07/2022", "day_of_week": 1, "time": "22:30:00", "local_authority_district": -1, "local_authority_ons_district": "E09000033", "local_authority_highway": "E09000033", "local_authority_highway_current": "E09000033", "first_road_class": 3, "first_road_number": 302, "road_type": 6, "speed_limit": 30, "junction_detail_historic": 3, "junction_detail": 13, "junction_control": 4, "second_road_class": 6, "second_road_number": 0, "pedestrian_crossing_human_control_historic": 0, "pedestrian_crossing_physical_facilities_historic": 0, "pedestrian_crossing": 0, "light_conditions": 4, "weather_conditions": 1, "road_surface_conditions": 1, "special_conditions_at_site": 0, "carriageway_hazards_historic": 0, "carriageway_hazards": 0, "urban_or_rural_area": 1, "did_police_officer_attend_scene_of_accident": 1, "trunk_road_flag": 2, "lsoa_of_accident_location": "E01004690", "enhanced_severity_collision": -1, "collision_injury_based": 0, "collision_adjusted_severity_serious": 0.0, "collision_adjusted_severity_slight": 1.0, "source": "STATS19", "source_year": "2022", "source_record_id": "CRASH_13812", "matched_u": 5, "matched_v": 6, "match_distance": 19.703549870413553 }, "geometry": { "type": "Point", "coordinates": [ -0.149719, 51.500519 ] } },
{ "type": "Feature", "properties": { "collision_index": "2022481268337", "collision_year": 2022, "collision_ref_no": "481268337", "location_easting_osgr": 533317.0, "location_northing_osgr": 180699.0, "longitude": -0.080327, "latitude": 51.509502, "police_force": 48, "collision_severity": 2, "number_of_vehicles": 1, "number_of_casualties": 1, "date": "27/08/2022", "day_of_week": 7, "time": "00:54:00", "local_authority_district": -1, "local_authority_ons_district": "E09000001", "local_authority_highway": "E09000001", "local_authority_highway_current": "E09000001", "first_road_class": 3, "first_road_number": 3211, "road_type": 3, "speed_limit": 20, "junction_detail_historic": 3, "junction_detail": 13, "junction_control": 2, "second_road_class": 6, "second_road_number": 0, "pedestrian_crossing_human_control_historic": 0, "pedestrian_crossing_physical_facilities_historic": 5, "pedestrian_crossing": 15, "light_conditions": 4, "weather_conditions": 1, "road_surface_conditions": 1, "special_conditions_at_site": 0, "carriageway_hazards_historic": 0, "carriageway_hazards": 0, "urban_or_rural_area": 1, "did_police_officer_attend_scene_of_accident": 1, "trunk_road_flag": 2, "lsoa_of_accident_location": "E01032739", "enhanced_severity_collision": 7, "collision_injury_based": 1, "collision_adjusted_severity_serious": 1.0, "collision_adjusted_severity_slight": 0.0, "source": "STATS19", "source_year": "2022", "source_record_id": "CRASH_14151", "matched_u": 97, "matched_v": 98, "match_distance": 35.733556544639221 }, "geometry": { "type": "Point", "coordinates": [ -0.080327, 51.509502 ] } },
{ "type": "Feature", "properties": { "collision_index": "2022010369983", "collision_year": 2022, "collision_ref_no": "010369983", "location_easting_osgr": 530076.0, "location_northing_osgr": 181282.0, "longitude": -0.126787, "latitude": 51.515496, "police_force": 1, "collision_severity": 3, "number_of_vehicles": 2, "number_of_casualties": 3, "date": "09/04/2022", "day_of_week": 7, "time": "13:00:00", "local_authority_district": -1, "local_authority_ons_district": "E09000007", "local_authority_highway": "E09000007", "local_authority_highway_current": "E09000007", "first_road_class": 3, "first_road_number": 401, "road_type": 3, "speed_limit": 20, "junction_detail_historic": 6, "junction_detail": 16, "junction_control": 2, "second_road_class": 3, "second_road_number": 40, "pedestrian_crossing_human_control_historic": 0, "pedestrian_crossing_physical_facilities_historic": 0, "pedestrian_crossing": 0, "light_conditions": 1, "weather_conditions": 1, "road_surface_conditions": 1, "special_conditions_at_site": 0, "carriageway_hazards_historic": 0, "carriageway_hazards": 0, "urban_or_rural_area": 1, "did_police_officer_attend_scene_of_accident": 1, "trunk_road_flag": 2, "lsoa_of_accident_location": "E01000919", "enhanced_severity_collision": -1, "collision_injury_based": 0, "collision_adjusted_severity_serious": 0.0, "collision_adjusted_severity_slight": 1.0, "source": "STATS19", "source_year": "2022", "source_record_id": "CRASH_14165", "matched_u": 29, "matched_v": 39, "match_distance": 6.4994224468246102 }, "geometry": { "type": "Point", "coordinates": [ -0.126787, 51.515496 ] } },
{ "type": "Feature", "properties": { "collision_index": "2022481262508", "collision_year": 2022, "collision_ref_no": "481262508", "location_easting_osgr": 533301.0, "location_northing_osgr": 181614.0, "longitude": -0.080212, "latitude": 51.517728, "police_force": 48, "collision_severity": 3, "number_of_vehicles": 1, "number_of_casualties": 1, "date": "07/08/2022", "day_of_week": 1, "time": "02:12:00", "local_authority_district": -1, "local_authority_ons_district": "E09000001", "local_authority_highway": "E09000001", "local_authority_highway_current": "E09000001", "first_road_class": 3, "first_road_number": 10, "road_type": 6, "speed_limit": 20, "junction_detail_historic": 3, "junction_detail": 13, "junction_control": 4, "second_road_class": 6, "second_road_number": 0, "pedestrian_crossing_human_control_historic": 0, "pedestrian_crossing_physical_facilities_historic": 4, "pedestrian_crossing": 14, "light_conditions": 4, "weather_conditions": 1, "road_surface_conditions": 1, "special_conditions_at_site": 0, "carriageway_hazards_historic": 0, "carriageway_hazards": 0, "urban_or_rural_area": 1, "did_police_officer_attend_scene_of_accident": 1, "trunk_road_flag": 2, "lsoa_of_accident_location": "E01032739", "enhanced_severity_collision": 3, "collision_injury_based": 1, "collision_adjusted_severity_serious": 0.0, "collision_adjusted_severity_slight": 1.0, "source": "STATS19", "source_year": "2022", "source_record_id": "CRASH_15018", "matched_u": 99, "matched_v": 100, "match_distance": 22.93181510341492 }, "geometry": { "type": "Point", "coordinates": [ -0.080212, 51.517728 ] } },
{ "type": "Feature", "properties": { "collision_index": "2022010360827", "collision_year": 2022, "collision_ref_no": "010360827", "location_easting_osgr": 531290.0, "location_northing_osgr": 179822.0, "longitude": -0.109845, "latitude": 51.502095, "police_force": 1, "collision_severity": 3, "number_of_vehicles": 1, "number_of_casualties": 1, "date": "09/02/2022", "day_of_week": 4, "time": "16:53:00", "local_authority_district": -1, "local_authority_ons_district": "E09000022", "local_authority_highway": "E09000022", "local_authority_highway_current": "E09000022", "first_road_class": 3, "first_road_number": 301, "road_type": 6, "speed_limit": 30, "junction_detail_historic": 6, "junction_detail": 16, "junction_control": 2, "second_road_class": 4, "second_road_number": 300, "pedestrian_crossing_human_control_historic": 0, "pedestrian_crossing_physical_facilities_historic": 5, "pedestrian_crossing": 15, "light_conditions": 1, "weather_conditions": 9, "road_surface_conditions": 1, "special_conditions_at_site": 0, "carriageway_hazards_historic": 0, "carriageway_hazards": 0, "urban_or_rural_area": 1, "did_police_officer_attend_scene_of_accident": 1, "trunk_road_flag": 2, "lsoa_of_accident_location": "E01032582", "enhanced_severity_collision": -1, "collision_injury_based": 0, "collision_adjusted_severity_serious": 0.0, "collision_adjusted_severity_slight": 1.0, "source": "STATS19", "source_year": "2022", "source_record_id": "CRASH_15074", "matched_u": 56, "matched_v": 66, "match_distance": 23.844102515839037 }, "geometry": { "type": "Point", "coordinates": [ -0.109845, 51.502095 ] } },
{ "type": "Feature", "properties": { "collision_index": "2022010365719", "collision_year": 2022, "collision_ref_no": "010365719", "location_easting_osgr": 529294.0, "location_northing_osgr": 177348.0, "longitude": -0.139491, "latitude": 51.480322, "police_force": 1, "collision_severity": 2, "number_of_vehicles": 2, "number_of_casualties": 1, "date": "16/03/2022", "day_of_week": 4, "time": "19:04:00", "local_authority_district": -1, "local_authority_ons_district": "E09000032", "local_authority_highway": "E09000032", "local_authority_highway_current": "E09000032", "first_road_class": 3, "first_road_number": 3205, "road_type": 6, "speed_limit": 20, "junction_detail_historic": 3, "junction_detail": 13, "junction_control": 2, "second_road_class": 6, "second_road_number": 0, "pedestrian_crossing_human_control_historic": 0, "pedestrian_crossing_physical_facilities_historic": 0, "pedestrian_crossing": 0, "light_conditions": 4, "weather_conditions": 2, "road_surface_conditions": 2, "special_conditions_at_site": 0, "carriageway_hazards_historic": 0, "carriageway_hazards": 0, "urban_or_rural_area": 1, "did_police_officer_attend_scene_of_accident": 1, "trunk_road_flag": 2, "lsoa_of_accident_location": "E01004562", "enhanced_severity_collision": -1, "collision_injury_based": 0, "collision_adjusted_severity_serious": 1.0, "collision_adjusted_severity_slight": 0.0, "source": "STATS19", "source_year": "2022", "source_record_id": "CRASH_15101", "matched_u": 11, "matched_v": 21, "match_distance": 47.724807420745485 }, "geometry": { "type": "Point", "coordinates": [ -0.139491, 51.480322 ] } },
{ "type": "Feature", "properties": { "collision_index": "2022010413211", "collision_year": 2022, "collision_ref_no": "010413211", "location_easting_osgr": 528583.0, "location_northing_osgr": 177678.0, "longitude": -0.149604, "latitude": 51.483449, "police_force": 1, "collision_severity": 3, "number_of_vehicles": 2, "number_of_casualties": 1, "date": "27/11/2022", "day_of_week": 1, "time": "18:30:00", "local_authority_district": -1, "local_authority_ons_district": "E09000032", "local_authority_highway": "E09000032", "local_authority_highway_current": "E09000032", "first_road_class": 3, "first_road_number": 3216, "road_type": 9, "speed_limit": 30, "junction_detail_historic": 99, "junction_detail": -1, "junction_control": 9, "second_road_class": 6, "second_road_number": 0, "pedestrian_crossing_human_control_historic": 9, "pedestrian_crossing_physical_facilities_historic": 9, "pedestrian_crossing": 99, "light_conditions": 7, "weather_conditions": 2, "road_surface_conditions": 2, "special_conditions_at_site": 9, "carriageway_hazards_historic": 9, "carriageway_hazards": 99, "urban_or_rural_area": 1, "did_police_officer_attend_scene_of_accident": 3, "trunk_road_flag": 2, "lsoa_of_accident_location": "E01033098", "enhanced_severity_collision": -1, "collision_injury_based": 0, "collision_adjusted_severity_serious": 0.0, "collision_adjusted_severity_slight": 1.0, "source": "STATS19", "source_year": "2022", "source_record_id": "CRASH_15103", "matched_u": 1, "matched_v": 2, "match_distance": 32.505291311641486 }, "geometry": { "type": "Point", "coordinates": [ -0.149604, 51.483449 ] } },
{ "type": "Feature", "properties": { "collision_index": "2022010382850", "collision_year": 2022, "collision_ref_no": "010382850", "location_easting_osgr": 531205.0, "location_northing_osgr": 179181.0, "longitude": -0.111307, "latitude": 51.496354, "police_force": 1, "collision_severity": 2, "number_of_vehicles": 2, "number_of_casualties": 1, "date": "17/06/2022", "day_of_week": 6, "time": "07:30:00", "local_authority_district": -1, "local_authority_ons_district": "E09000022", "local_authority_highway": "E09000022", "local_authority_highway_current": "E09000028", "first_road_class": 3, "first_road_number": 23, "road_type": 6, "speed_limit": 30, "junction_detail_historic": 6, "junction_detail": 16, "junction_control": 2, "second_road_class": 3, "second_road_number": 3203, "pedestrian_crossing_human_control_historic": 0, "pedestrian_crossing_physical_facilities_historic": 5, "pedestrian_crossing": 15, "light_conditions": 1, "weather_conditions": 1, "road_surface_conditions": 1, "special_conditions_at_site": 0, "carriageway_hazards_historic": 0, "carriageway_hazards": 0, "urban_or_rural_area": 1, "did_police_officer_attend_scene_of_accident": 1, "trunk_road_flag": 2, "lsoa_of_accident_location": "E01003933", "enhanced_severity_collision": -1, "collision_injury_based": 0, "collision_adjusted_severity_serious": 1.0, "collision_adjusted_severity_slight": 0.0, "source": "STATS19", "source_year": "2022", "source_record_id": "CRASH_15487", "matched_u": 54, "matched_v": 55, "match_distance": 26.580620634973457 }, "geometry": { "type": "Point", "coordinates": [ -0.111307, 51.496354 ] } },
{ "type": "Feature", "properties": { "collision_index": "2022010367151", "collision_year": 2022, "collision_ref_no": "010367151", "location_easting_osgr": 529972.0, "location_northing_osgr": 178295.0, "longitude": -0.129385, "latitude": 51.488677, "police_force": 1, "collision_severity": 3, "number_of_vehicles": 2, "number_of_casualties": 1, "date": "24/03/2022", "day_of_week": 5, "time": "07:40:00", "local_authority_district": -1, "local_authority_ons_district": "E09000033", "local_authority_highway": "E09000033", "local_authority_highway_current": "E09000033", "first_road_class": 3, "first_road_number": 3212, "road_type": 6, "speed_limit": 20, "junction_detail_historic": 6, "junction_detail": 16, "junction_control": 2, "second_road_class": 3, "second_road_number": 202, "pedestrian_crossing_human_control_historic": 0, "pedestrian_crossing_physical_facilities_historic": 5, "pedestrian_crossing": 15, "light_conditions": 1, "weather_conditions": 1, "road_surface_conditions": 1, "special_conditions_at_site": 0, "carriageway_hazards_historic": 0, "carriageway_hazards": 0, "urban_or_rural_area": 1, "did_police_officer_attend_scene_of_accident": 1, "trunk_road_flag": 2, "lsoa_of_accident_location": "E01004745", "enhanced_severity_collision": -1, "collision_injury_based": 0, "collision_adjusted_severity_serious": 0.0, "collision_adjusted_severity_slight": 1.0, "source": "STATS19", "source_year": "2022", "source_record_id": "CRASH_15915", "matched_u": 23, "matched_v": 33, "match_distance": 44.217847270891063 }, "geometry": { "type": "Point", "coordinates": [ -0.129385, 51.488677 ] } },
{ "type": "Feature", "properties": { "collision_index": "2022010417269", "collision_year": 2022, "collision_ref_no": "010417269", "location_easting_osgr": 529618.0, "location_northing_osgr": 179315.0, "longitude": -0.134106, "latitude": 51.497924, "police_force": 1, "collision_severity": 3, "number_of_vehicles": 2, "number_of_casualties": 2, "date": "19/12/2022", "day_of_week": 2, "time": "00:30:00", "local_authority_district": -1, "local_authority_ons_district": "E09000033", "local_authority_highway": "E09000033", "local_authority_highway_current": "E09000033", "first_road_class": 3, "first_road_number": 302, "road_type": 6, "speed_limit": 20, "junction_detail_historic": 6, "junction_detail": 16, "junction_control": 2, "second_road_class": 3, "second_road_number": 302, "pedestrian_crossing_human_control_historic": 9, "pedestrian_crossing_physical_facilities_historic": 5, "pedestrian_crossing": 15, "light_conditions": 4, "weather_conditions": 2, "road_surface_conditions": 2, "special_conditions_at_site": 0, "carriageway_hazards_historic": 0, "carriageway_hazards": 0, "urban_or_rural_area": 1, "did_police_officer_attend_scene_of_accident": 3, "trunk_road_flag": 2, "lsoa_of_accident_location": "E01004731", "enhanced_severity_collision": -1, "collision_injury_based": 0, "collision_adjusted_severity_serious": 0.0, "collision_adjusted_severity_slight": 1.0, "source": "STATS19", "source_year": "2022", "source_record_id": "CRASH_15920", "matched_u": 25, "matched_v": 35, "match_distance": 23.305409797467288 }, "geometry": { "type": "Point", "coordinates": [ -0.134106, 51.497924 ] } },
{ "type": "Feature", "properties": { "collision_index": "2022010366094", "collision_year": 2022, "collision_ref_no": "010366094", "location_easting_osgr": 530608.0, "location_northing_osgr": 181549.0, "longitude": -0.119026, "latitude": 51.517773, "police_force": 1, "collision_severity": 3, "number_of_vehicles": 1, "number_of_casualties": 1, "date": "18/03/2022", "day_of_week": 6, "time": "15:15:00", "local_authority_district": -1, "local_authority_ons_district": "E09000007", "local_authority_highway": "E09000007", "local_authority_highway_current": "E09000007", "first_road_class": 3, "first_road_number": 40, "road_type": 6, "speed_limit": 20, "junction_detail_historic": 3, "junction_detail": 13, "junction_control": 2, "second_road_class": 3, "second_road_number": 40, "pedestrian_crossing_human_control_historic": 0, "pedestrian_crossing_physical_facilities_historic": 5, "pedestrian_crossing": 15, "light_conditions": 1, "weather_conditions": 1, "road_surface_conditions": 1, "special_conditions_at_site": 0, "carriageway_hazards_historic": 0, "carriageway_hazards": 0, "urban_or_rural_area": 1, "did_police_officer_attend_scene_of_accident": 1, "trunk_road_flag": 2, "lsoa_of_accident_location": "E01000914", "enhanced_severity_collision": -1, "collision_injury_based": 0, "collision_adjusted_severity_serious": 0.0, "collision_adjusted_severity_slight": 1.0, "source": "STATS19", "source_year": "2022", "source_record_id": "CRASH_16275", "matched_u": 49, "matched_v": 50, "match_distance": 21.398079896929627 }, "geometry": { "type": "Point", "coordinates": [ -0.119026, 51.517773 ] } },
{ "type": "Feature", "properties": { "collision_index": "2022010357393", "collision_year": 2022, "collision_ref_no": "010357393", "location_easting_osgr": 532828.0, "location_northing_osgr": 178484.0, "longitude": -0.088202, "latitude": 51.489712, "police_force": 1, "collision_severity": 3, "number_of_vehicles": 2, "number_of_casualties": 1, "date": "29/01/2022", "day_of_week": 7, "time": "12:00:00", "local_authority_district": -1, "local_authority_ons_district": "E09000028", "local_authority_highway": "E09000028", "local_authority_highway_current": "E09000028", "first_road_class": 6, "first_road_number": 0, "road_type": 6, "speed_limit": 30, "junction_detail_historic": 0, "junction_detail": 0, "junction_control": -1, "second_road_class": 0, "second_road_number": -1, "pedestrian_crossing_human_control_historic": 0, "pedestrian_crossing_physical_facilities_historic": 5, "pedestrian_crossing": 15, "light_conditions": 1, "weather_conditions": 1, "road_surface_conditions": 1, "special_conditions_at_site": 0, "carriageway_hazards_historic": 0, "carriageway_hazards": 0, "urban_or_rural_area": 1, "did_police_officer_attend_scene_of_accident": 3, "trunk_road_flag": 2, "lsoa_of_accident_location": "E01003961", "enhanced_severity_collision": -1, "collision_injury_based": 0, "collision_adjusted_severity_serious": 0.0, "collision_adjusted_severity_slight": 1.0, "source": "STATS19", "source_year": "2022", "source_record_id": "CRASH_16331", "matched_u": 83, "matched_v": 84, "match_distance": 47.916856370351518 }, "geometry": { "type": "Point", "coordinates": [ -0.088202, 51.489712 ] } },
{ "type": "Feature", "properties": { "collision_index": "2022010363633", "collision_year": 2022, "collision_ref_no": "010363633", "location_easting_osgr": 530142.0, "location_northing_osgr": 178466.0, "longitude": -0.126874, "latitude": 51.490174, "police_force": 1, "collision_severity": 3, "number_of_vehicles": 2, "number_of_casualties": 1, "date": "04/03/2022", "day_of_week": 6, "time": "08:50:00", "local_authority_district": -1, "local_authority_ons_district": "E09000033", "local_authority_highway": "E09000033", "local_authority_highway_current": "E09000033", "first_road_class": 3, "first_road_number": 3212, "road_type": 6, "speed_limit": 20, "junction_detail_historic": 3, "junction_detail": 13, "junction_control": 4, "second_road_class": 5, "second_road_number": 0, "pedestrian_crossing_human_control_historic": 0, "pedestrian_crossing_physical_facilities_historic": 0, "pedestrian_crossing": 0, "light_conditions": 1, "weather_conditions": 1, "road_surface_conditions": 1, "special_conditions_at_site": 0, "carriageway_hazards_historic": 0, "carriageway_hazards": 0, "urban_or_rural_area": 1, "did_police_officer_attend_scene_of_accident": 3, "trunk_road_flag": 2, "lsoa_of_accident_location": "E01004745", "enhanced_severity_collision": -1, "collision_injury_based": 0, "collision_adjusted_severity_serious": 0.0, "collision_adjusted_severity_slight": 1.0, "source": "STATS19", "source_year": "2022", "source_record_id": "CRASH_16340", "matched_u": 33, "matched_v": 34, "match_distance": 30.575753471215645 }, "geometry": { "type": "Point", "coordinates": [ -0.126874, 51.490174 ] } },
{ "type": "Feature", "properties": { "collision_index": "2022481267181", "collision_year": 2022, "collision_ref_no": "481267181", "location_easting_osgr": 531605.0, "location_northing_osgr": 181341.0, "longitude": -0.104743, "latitude": 51.515672, "police_force": 48, "collision_severity": 3, "number_of_vehicles": 2, "number_of_casualties": 1, "date": "05/08/2022", "day_of_week": 6, "time": "17:56:00", "local_authority_district": -1, "local_authority_ons_district": "E09000001", "local_authority_highway": "E09000001", "local_authority_highway_current": "E09000001", "first_road_class": 3, "first_road_number": 201, "road_type": 6, "speed_limit": 20, "junction_detail_historic": 0, "junction_detail": 0, "junction_control": -1, "second_road_class": 0, "second_road_number": -1, "pedestrian_crossing_human_control_historic": 0, "pedestrian_crossing_physical_facilities_historic": 4, "pedestrian_crossing": 14, "light_conditions": 1, "weather_conditions": 1, "road_surface_conditions": 1, "special_conditions_at_site": 0, "carriageway_hazards_historic": 0, "carriageway_hazards": 0, "urban_or_rural_area": 1, "did_police_officer_attend_scene_of_accident": 1, "trunk_road_flag": 2, "lsoa_of_accident_location": "E01032740", "enhanced_severity_collision": 3, "collision_injury_based": 1, "collision_adjusted_severity_serious": 0.0, "collision_adjusted_severity_slight": 1.0, "source": "STATS19", "source_year": "2022", "source_record_id": "CRASH_17506", "matched_u": 59, "matched_v": 69, "match_distance": 24.984066664241251 }, "geometry": { "type": "Point", "coordinates": [ -0.104743, 51.515672 ] } },
{ "type": "Feature", "properties": { "collision_index": "2022010378630", "collision_year": 2022, "collision_ref_no": "010378630", "location_easting_osgr": 529571.0, "location_northing_osgr": 181066.0, "longitude": -0.13414, "latitude": 51.513671, "police_force": 1, "collision_severity": 3, "number_of_vehicles": 2, "number_of_casualties": 1, "date": "25/05/2022", "day_of_week": 4, "time": "17:00:00", "local_authority_district": -1, "local_authority_ons_district": "E09000033", "local_authority_highway": "E09000033", "local_authority_highway_current": "E09000033", "first_road_class": 5, "first_road_number": 0, "road_type": 2, "speed_limit": 20, "junction_detail_historic": 99, "junction_detail": -1, "junction_control": 9, "second_road_class": 6, "second_road_number": 0, "pedestrian_crossing_human_control_historic": 9, "pedestrian_crossing_physical_facilities_historic": 9, "pedestrian_crossing": 99, "light_conditions": 1, "weather_conditions": 1, "road_surface_conditions": 1, "special_conditions_at_site": 9, "carriageway_hazards_historic": 9, "carriageway_hazards": 99, "urban_or_rural_area": 1, "did_police_officer_attend_scene_of_accident": 3, "trunk_road_flag": 2, "lsoa_of_accident_location": "E01033596", "enhanced_severity_collision": -1, "collision_injury_based": 0, "collision_adjusted_severity_serious": 0.0, "collision_adjusted_severity_slight": 1.0, "source": "STATS19", "source_year": "2022", "source_record_id": "CRASH_17597", "matched_u": 28, "matched_v": 29, "match_distance": 25.034516596177124 }, "geometry": { "type": "Point", "coordinates": [ -0.13414, 51.513671 ] } },
{ "type": "Feature", "properties": { "collision_index": "2022010418077", "collision_year": 2022, "collision_ref_no": "010418077", "location_easting_osgr": 530095.0, "location_northing_osgr": 181352.0, "longitude": -0.126488, "latitude": 51.516121, "police_force": 1, "collision_severity": 2, "number_of_vehicles": 2, "number_of_casualties": 1, "date": "23/12/2022", "day_of_week": 6, "time": "15:10:00", "local_authority_district": -1, "local_authority_ons_district": "E09000007", "local_authority_highway": "E09000007", "local_authority_highway_current": "E09000007", "first_road_class": 3, "first_road_number": 401, "road_type": 6, "speed_limit": 20, "junction_detail_historic": 7, "junction_detail": 17, "junction_control": 2, "second_road_class": 3, "second_road_number": 401, "pedestrian_crossing_human_control_historic": 0, "pedestrian_crossing_physical_facilities_historic": 5, "pedestrian_crossing": 15, "light_conditions": 1, "weather_conditions": 2, "road_surface_conditions": 2, "special_conditions_at_site": 0, "carriageway_hazards_historic": 0, "carriageway_hazards": 0, "urban_or_rural_area": 1, "did_police_officer_attend_scene_of_accident": 1, "trunk_road_flag": 2, "lsoa_of_accident_location": "E01000919", "enhanced_severity_collision": -1, "collision_injury_based": 0, "collision_adjusted_severity_serious": 1.0, "collision_adjusted_severity_slight": 0.0, "source": "STATS19", "source_year": "2022", "source_record_id": "CRASH_17948", "matched_u": 39, "matched_v": 40, "match_distance": 12.393569974987258 }, "geometry": { "type": "Point", "coordinates": [ -0.126488, 51.516121 ] } },
{ "type": "Feature", "properties": { "collision_index": "2022010379441", "collision_year": 2022, "collision_ref_no": "010379441", "location_easting_osgr": 531747.0, "location_northing_osgr": 178950.0, "longitude": -0.10359, "latitude": 51.494153, "police_force": 1, "collision_severity": 3, "number_of_vehicles": 2, "number_of_casualties": 1, "date": "04/05/2022", "day_of_week": 4, "time": "17:50:00", "local_authority_district": -1, "local_authority_ons_district": "E09000028", "local_authority_highway": "E09000028", "local_authority_highway_current": "E09000028", "first_road_class": 6, "first_road_number": 0, "road_type": 6, "speed_limit": 30, "junction_detail_historic": 0, "junction_detail": 0, "junction_control": -1, "second_road_class": 0, "second_road_number": -1, "pedestrian_crossing_human_control_historic": 0, "pedestrian_crossing_physical_facilities_historic": 0, "pedestrian_crossing": 0, "light_conditions": 1, "weather_conditions": 2, "road_surface_conditions": 2, "special_conditions_at_site": 0, "carriageway_hazards_historic": 0, "carriageway_hazards": 0, "urban_or_rural_area": 1, "did_police_officer_attend_scene_of_accident": 3, "trunk_road_flag": 2, "lsoa_of_accident_location": "E01003932", "enhanced_severity_collision": -1, "collision_injury_based": 0, "collision_adjusted_severity_serious": 0.0, "collision_adjusted_severity_slight": 1.0, "source": "STATS19", "source_year": "2022", "source_record_id": "CRASH_18015", "matched_u": 64, "matched_v": 65, "match_distance": 31.985800354601452 }, "geometry": { "type": "Point", "coordinates": [ -0.10359, 51.494153 ] } },
{ "type": "Feature", "properties": { "collision_index": "2022010368265", "collision_year": 2022, "collision_ref_no": "010368265", "location_easting_osgr": 531292.0, "location_northing_osgr": 177494.0, "longitude": -0.110681, "latitude": 51.481174, "police_force": 1, "collision_severity": 3, "number_of_vehicles": 1, "number_of_casualties": 1, "date": "30/03/2022", "day_of_week": 4, "time": "08:38:00", "local_authority_district": -1, "local_authority_ons_district": "E09000022", "local_authority_highway": "E09000022", "local_authority_highway_current": "E09000022", "first_road_class": 3, "first_road_number": 23, "road_type": 6, "speed_limit": 30, "junction_detail_historic": 3, "junction_detail": 13, "junction_control": 2, "second_road_class": 3, "second_road_number": 202, "pedestrian_crossing_human_control_historic": 0, "pedestrian_crossing_physical_facilities_historic": 5, "pedestrian_crossing": 15, "light_conditions": 5, "weather_conditions": 1, "road_surface_conditions": 1, "special_conditions_at_site": 0, "carriageway_hazards_historic": 0, "carriageway_hazards": 0, "urban_or_rural_area": 1, "did_police_officer_attend_scene_of_accident": 1, "trunk_road_flag": 2, "lsoa_of_accident_location": "E01003183", "enhanced_severity_collision": -1, "collision_injury_based": 0, "collision_adjusted_severity_serious": 0.0, "collision_adjusted_severity_slight": 1.0, "source": "STATS19", "source_year": "2022", "source_record_id": "CRASH_18401", "matched_u": 51, "matched_v": 52, "match_distance": 43.105380601617071 }, "geometry": { "type": "Point", "coordinates": [ -0.110681, 51.481174 ] } },
{ "type": "Feature", "properties": { "collision_index": "2022010380444", "collision_year": 2022, "collision_ref_no": "010380444", "location_easting_osgr": 528546.0, "location_northing_osgr": 179573.0, "longitude": -0.149447, "latitude": 51.500487, "police_force": 1, "collision_severity": 2, "number_of_vehicles": 2, "number_of_casualties": 1, "date": "26/03/2022", "day_of_week": 7, "time": "14:45:00", "local_authority_district": -1, "local_authority_ons_district": "E09000033", "local_authority_highway": "E09000033", "local_authority_highway_current": "E09000033", "first_road_class": 3, "first_road_number": 302, "road_type": 6, "speed_limit": 30, "junction_detail_historic": 0, "junction_detail": 0, "junction_control": -1, "second_road_class": 0, "second_road_number": -1, "pedestrian_crossing_human_control_historic": 0, "pedestrian_crossing_physical_facilities_historic": 9, "pedestrian_crossing": 0, "light_conditions": 1, "weather_conditions": 1, "road_surface_conditions": 1, "special_conditions_at_site": 0, "carriageway_hazards_historic": 0, "carriageway_hazards": 0, "urban_or_rural_area": 1, "did_police_officer_attend_scene_of_accident": 3, "trunk_road_flag": 2, "lsoa_of_accident_location": "E01004731", "enhanced_severity_collision": -1, "collision_injury_based": 0, "collision_adjusted_severity_serious": 1.0, "collision_adjusted_severity_slight": 0.0, "source": "STATS19", "source_year": "2022", "source_record_id": "CRASH_18430", "matched_u": 5, "matched_v": 6, "match_distance": 49.982451366180612 }, "geometry": { "type": "Point", "coordinates": [ -0.149447, 51.500487 ] } },
{ "type": "Feature", "properties": { "collision_index": "2022010353242", "collision_year": 2022, "collision_ref_no": "010353242", "location_easting_osgr": 530131.0, "location_northing_osgr": 180023.0, "longitude": -0.126459, "latitude": 51.504169, "police_force": 1, "collision_severity": 3, "number_of_vehicles": 2, "number_of_casualties": 1, "date": "06/01/2022", "day_of_week": 5, "time": "13:15:00", "local_authority_district": -1, "local_authority_ons_district": "E09000033", "local_authority_highway": "E09000033", "local_authority_highway_current": "E09000033", "first_road_class": 3, "first_road_number": 3212, "road_type": 6, "speed_limit": 20, "junction_detail_historic": 0, "junction_detail": 0, "junction_control": -1, "second_road_class": 0, "second_road_number": -1, "pedestrian_crossing_human_control_historic": 0, "pedestrian_crossing_physical_facilities_historic": 0, "pedestrian_crossing": 0, "light_conditions": 1, "weather_conditions": 1, "road_surface_conditions": 1, "special_conditions_at_site": 0, "carriageway_hazards_historic": 0, "carriageway_hazards": 0, "urban_or_rural_area": 1, "did_police_officer_attend_scene_of_accident": 1, "trunk_road_flag": 2, "lsoa_of_accident_location": "E01004736", "enhanced_severity_collision": -1, "collision_injury_based": 0, "collision_adjusted_severity_serious": 0.0, "collision_adjusted_severity_slight": 1.0, "source": "STATS19", "source_year": "2022", "source_record_id": "CRASH_18872", "matched_u": 36, "matched_v": 37, "match_distance": 15.621835207992264 }, "geometry": { "type": "Point", "coordinates": [ -0.126459, 51.504169 ] } },
{ "type": "Feature", "properties": { "collision_index": "2022010353387", "collision_year": 2022, "collision_ref_no": "010353387", "location_easting_osgr": 531251.0, "location_northing_osgr": 178317.0, "longitude": -0.110965, "latitude": 51.488579, "police_force": 1, "collision_severity": 3, "number_of_vehicles": 3, "number_of_casualties": 1, "date": "07/01/2022", "day_of_week": 6, "time": "18:24:00", "local_authority_district": -1, "local_authority_ons_district": "E09000022", "local_authority_highway": "E09000022", "local_authority_highway_current": "E09000022", "first_road_class": 3, "first_road_number": 3204, "road_type": 3, "speed_limit": 20, "junction_detail_historic": 7, "junction_detail": 17, "junction_control": 2, "second_road_class": 3, "second_road_number": 3204, "pedestrian_crossing_human_control_historic": 0, "pedestrian_crossing_physical_facilities_historic": 0, "pedestrian_crossing": 0, "light_conditions": 4, "weather_conditions": 2, "road_surface_conditions": 2, "special_conditions_at_site": 0, "carriageway_hazards_historic": 0, "carriageway_hazards": 0, "urban_or_rural_area": 1, "did_police_officer_attend_scene_of_accident": 1, "trunk_road_flag": 2, "lsoa_of_accident_location": "E01003107", "enhanced_severity_collision": -1, "collision_injury_based": 0, "collision_adjusted_severity_serious": 0.0, "collision_adjusted_severity_slight": 1.0, "source": "STATS19", "source_year": "2022", "source_record_id": "CRASH_19208", "matched_u": 52, "matched_v": 53, "match_distance": 11.490645216328629 }, "geometry": { "type": "Point", "coordinates": [ -0.110965, 51.488579 ] } },
{ "type": "Feature", "properties": { "collision_index": "2022010384051", "collision_year": 2022, "collision_ref_no": "010384051", "location_easting_osgr": 531278.0, "location_northing_osgr": 177462.0, "longitude": -0.110894, "latitude": 51.480889, "police_force": 1, "collision_severity": 2, "number_of_vehicles": 2, "number_of_casualties": 1, "date": "22/06/2022", "day_of_week": 4, "time": "15:52:00", "local_authority_district": -1, "local_authority_ons_district": "E09000022", "local_authority_highway": "E09000022", "local_authority_highway_current": "E09000022", "first_road_class": 3, "first_road_number": 23, "road_type": 6, "speed_limit": 30, "junction_detail_historic": 3, "junction_detail": 13, "junction_control": 4, "second_road_class": 6, "second_road_number": 0, "pedestrian_crossing_human_control_historic": 0, "pedestrian_crossing_physical_facilities_historic": 5, "pedestrian_crossing": 15, "light_conditions": 1, "weather_conditions": 1, "road_surface_conditions": 1, "special_conditions_at_site": 0, "carriageway_hazards_historic": 0, "carriageway_hazards": 0, "urban_or_rural_area": 1, "did_police_officer_attend_scene_of_accident": 1, "trunk_road_flag": 2, "lsoa_of_accident_location": "E01003183", "enhanced_severity_collision": -1, "collision_injury_based": 0, "collision_adjusted_severity_serious": 1.0, "collision_adjusted_severity_slight": 0.0, "source": "STATS19", "source_year": "2022", "source_record_id": "CRASH_20050", "matched_u": 51, "matched_v": 52, "match_distance": 19.394329062648467 }, "geometry": { "type": "Point", "coordinates": [ -0.110894, 51.480889 ] } },
{ "type": "Feature", "properties": { "collision_index": "2022010387309", "collision_year": 2022, "collision_ref_no": "010387309", "location_easting_osgr": 530628.0, "location_northing_osgr": 180912.0, "longitude": -0.118973, "latitude": 51.512044, "police_force": 1, "collision_severity": 3, "number_of_vehicles": 1, "number_of_casualties": 1, "date": "08/07/2022", "day_of_week": 6, "time": "23:20:00", "local_authority_district": -1, "local_authority_ons_district": "E09000033", "local_authority_highway": "E09000033", "local_authority_highway_current": "E09000033", "first_road_class": 3, "first_road_number": 4, "road_type": 9, "speed_limit": 20, "junction_detail_historic": 99, "junction_detail": -1, "junction_control": 4, "second_road_class": 6, "second_road_number": 0, "pedestrian_crossing_human_control_historic": 9, "pedestrian_crossing_physical_facilities_historic": 5, "pedestrian_crossing": 15, "light_conditions": 4, "weather_conditions": 1, "road_surface_conditions": 1, "special_conditions_at_site": 9, "carriageway_hazards_historic": 0, "carriageway_hazards": 0, "urban_or_rural_area": 1, "did_police_officer_attend_scene_of_accident": 3, "trunk_road_flag": 2, "lsoa_of_accident_location": "E01004735", "enhanced_severity_collision": -1, "collision_injury_based": 0, "collision_adjusted_severity_serious": 0.0, "collision_adjusted_severity_slight": 1.0, "source": "STATS19", "source_year": "2022", "source_record_id": "CRASH_20078", "matched_u": 48, "matched_v": 49, "match_distance": 15.4981468848855 }, "geometry": { "type": "Point", "coordinates": [ -0.118973, 51.512044 ] } },
{ "type": "Feature", "properties": { "collision_index": "2022010366899", "collision_year": 2022, "collision_ref_no": "010366899", "location_easting_osgr": 530613.0, "location_northing_osgr": 181555.0, "longitude": -0.118951, "latitude": 51.517825, "police_force": 1, "collision_severity": 3, "number_of_vehicles": 1, "number_of_casualties": 1, "date": "22/03/2022", "day_of_week": 3, "time": "19:26:00", "local_authority_district": -1, "local_authority_ons_district": "E09000007", "local_authority_highway": "E09000007", "local_authority_highway_current": "E09000007", "first_road_class": 3, "first_road_number": 40, "road_type": 6, "speed_limit": 20, "junction_detail_historic": 3, "junction_detail": 13, "junction_control": 2, "second_road_class": 3, "second_road_number": 40, "pedestrian_crossing_human_control_historic": 0, "pedestrian_crossing_physical_facilities_historic": 5, "pedestrian_crossing": 15, "light_conditions": 4, "weather_conditions": 1, "road_surface_conditions": 1, "special_conditions_at_site": 0, "carriageway_hazards_historic": 0, "carriageway_hazards": 0, "urban_or_rural_area": 1, "did_police_officer_attend_scene_of_accident": 1, "trunk_road_flag": 2, "lsoa_of_accident_location": "E01000914", "enhanced_severity_collision": -1, "collision_injury_based": 0, "collision_adjusted_severity_serious": 0.0, "collision_adjusted_severity_slight": 1.0, "source": "STATS19", "source_year": "2022", "source_record_id": "CRASH_20424", "matched_u": 49, "matched_v": 50, "match_distance": 13.049118087434181 }, "geometry": { "type": "Point", "coordinates": [ -0.118951, 51.517825 ] } },
{ "type": "Feature", "properties": { "collision_index": "2022010360478", "collision_year": 2022, "collision_ref_no": "010360478", "location_easting_osgr": 531947.0, "location_northing_osgr": 178382.0, "longitude": -0.100922, "latitude": 51.489002, "police_force": 1, "collision_severity": 3, "number_of_vehicles": 2, "number_of_casualties": 1, "date": "15/02/2022", "day_of_week": 3, "time": "08:00:00", "local_authority_district": -1, "local_authority_ons_district": "E09000028", "local_authority_highway": "E09000028", "local_authority_highway_current": "E09000028", "first_road_class": 6, "first_road_number": 0, "road_type": 9, "speed_limit": 20, "junction_detail_historic": 99, "junction_detail": -1, "junction_control": 4, "second_road_class": 6, "second_road_number": 0, "pedestrian_crossing_human_control_historic": 9, "pedestrian_crossing_physical_facilities_historic": 9, "pedestrian_crossing": 99, "light_conditions": 1, "weather_conditions": 1, "road_surface_conditions": 1, "special_conditions_at_site": 9, "carriageway_hazards_historic": 9, "carriageway_hazards": 99, "urban_or_rural_area": 1, "did_police_officer_attend_scene_of_accident": 3, "trunk_road_flag": 2, "lsoa_of_accident_location": "E01003995", "enhanced_severity_collision": -1, "collision_injury_based": 0, "collision_adjusted_severity_serious": 0.0, "collision_adjusted_severity_slight": 1.0, "source": "STATS19", "source_year": "2022", "source_record_id": "CRASH_20493", "matched_u": 63, "matched_v": 73, "match_distance": 13.885168643668292 }, "geometry": { "type": "Point", "coordinates": [ -0.100922, 51.489002 ] } },
{ "type": "Feature", "properties": { "collision_index": "2022010404477", "collision_year": 2022, "collision_ref_no": "010404477", "location_easting_osgr": 528550.0, "location_northing_osgr": 179021.0, "longitude": -0.14959, "latitude": 51.495526, "police_force": 1, "collision_severity": 3, "number_of_vehicles": 2, "number_of_casualties": 1, "date": "13/10/2022", "day_of_week": 5, "time": "12:46:00", "local_authority_district": -1, "local_authority_ons_district": "E09000033", "local_authority_highway": "E09000033", "local_authority_highway_current": "E09000033", "first_road_class": 3, "first_road_number": 3213, "road_type": 7, "speed_limit": 20, "junction_detail_historic": 9, "junction_detail": 19, "junction_control": 4, "second_road_class": 6, "second_road_number": 0, "pedestrian_crossing_human_control_historic": 9, "pedestrian_crossing_physical_facilities_historic": 5, "pedestrian_crossing": 15, "light_conditions": 1, "weather_conditions": 8, "road_surface_conditions": 1, "special_conditions_at_site": 0, "carriageway_hazards_historic": 0, "carriageway_hazards": 0, "urban_or_rural_area": 1, "did_police_officer_attend_scene_of_accident": 3, "trunk_road_flag": 2, "lsoa_of_accident_location": "E01004690", "enhanced_severity_collision": -1, "collision_injury_based": 0, "collision_adjusted_severity_serious": 0.0, "collision_adjusted_severity_slight": 1.0, "source": "STATS19", "source_year": "2022", "source_record_id": "CRASH_20522", "matched_u": 4, "matched_v": 5, "match_distance": 34.063764182741579 }, "geometry": { "type": "Point", "coordinates": [ -0.14959, 51.495526 ] } },
{ "type": "Feature", "properties": { "collision_index": "2022010411756", "collision_year": 2022, "collision_ref_no": "010411756", "location_easting_osgr": 530135.0, "location_northing_osgr": 180362.0, "longitude": -0.126276, "latitude": 51.507215, "police_force": 1, "collision_severity": 3, "number_of_vehicles": 2, "number_of_casualties": 1, "date": "17/11/2022", "day_of_week": 5, "time": "10:20:00", "local_authority_district": -1, "local_authority_ons_district": "E09000033", "local_authority_highway": "E09000033", "local_authority_highway_current": "E09000033", "first_road_class": 4, "first_road_number": 308, "road_type": 6, "speed_limit": 30, "junction_detail_historic": 0, "junction_detail": 0, "junction_control": -1, "second_road_class": 0, "second_road_number": -1, "pedestrian_crossing_human_control_historic": 0, "pedestrian_crossing_physical_facilities_historic": 5, "pedestrian_crossing": 15, "light_conditions": 1, "weather_conditions": 1, "road_surface_conditions": 1, "special_conditions_at_site": 0, "carriageway_hazards_historic": 0, "carriageway_hazards": 0, "urban_or_rural_area": 1, "did_police_officer_attend_scene_of_accident": 3, "trunk_road_flag": 2, "lsoa_of_accident_location": "E01004736", "enhanced_severity_collision": -1, "collision_injury_based": 0, "collision_adjusted_severity_serious": 0.0, "collision_adjusted_severity_slight": 1.0, "source": "STATS19", "source_year": "2022", "source_record_id": "CRASH_20523", "matched_u": 37, "matched_v": 38, "match_distance": 35.993302023158328 }, "geometry": { "type": "Point", "coordinates": [ -0.126276, 51.507215 ] } },
{ "type": "Feature", "properties": { "collision_index": "2022010402371", "collision_year": 2022, "collision_ref_no": "010402371", "location_easting_osgr": 532469.0, "location_northing_osgr": 177879.0, "longitude": -0.093597, "latitude": 51.484359, "police_force": 1, "collision_severity": 3, "number_of_vehicles": 2, "number_of_casualties": 1, "date": "02/10/2022", "day_of_week": 1, "time": "12:30:00", "local_authority_district": -1, "local_authority_ons_district": "E09000028", "local_authority_highway": "E09000028", "local_authority_highway_current": "E09000028", "first_road_class": 3, "first_road_number": 215, "road_type": 6, "speed_limit": 20, "junction_detail_historic": 3, "junction_detail": 13, "junction_control": 4, "second_road_class": 3, "second_road_number": 215, "pedestrian_crossing_human_control_historic": 0, "pedestrian_crossing_physical_facilities_historic": 5, "pedestrian_crossing": 15, "light_conditions": 1, "weather_conditions": 1, "road_surface_conditions": 1, "special_conditions_at_site": 0, "carriageway_hazards_historic": 0, "carriageway_hazards": 0, "urban_or_rural_area": 1, "did_police_officer_attend_scene_of_accident": 1, "trunk_road_flag": 2, "lsoa_of_accident_location": "E01003969", "enhanced_severity_collision": -1, "collision_injury_based": 0, "collision_adjusted_severity_serious": 0.0, "collision_adjusted_severity_slight": 1.0, "source": "STATS19", "source_year": "2022", "source_record_id": "CRASH_20927", "matched_u": 72, "matched_v": 82, "match_distance": 23.358130156062543 }, "geometry": { "type": "Point", "coordinates": [ -0.093597, 51.484359 ] } },
{ "type": "Feature", "properties": { "collision_index": "2022481262502", "collision_year": 2022, "collision_ref_no": "481262502", "location_easting_osgr": 532667.0, "location_northing_osgr": 181359.0, "longitude": -0.08944, "latitude": 51.515586, "police_force": 48, "collision_severity": 3, "number_of_vehicles": 2, "number_of_casualties": 1, "date": "14/07/2022", "day_of_week": 5, "time": "13:25:00", "local_authority_district": -1, "local_authority_ons_district": "E09000001", "local_authority_highway": "E09000001", "local_authority_highway_current": "E09000001", "first_road_class": 6, "first_road_number": 0, "road_type": 6, "speed_limit": 20, "junction_detail_historic": 3, "junction_detail": 13, "junction_control": 4, "second_road_class": 6, "second_road_number": 0, "pedestrian_crossing_human_control_historic": 0, "pedestrian_crossing_physical_facilities_historic": 8, "pedestrian_crossing": 17, "light_conditions": 1, "weather_conditions": 1, "road_surface_conditions": 1, "special_conditions_at_site": 0, "carriageway_hazards_historic": 0, "carriageway_hazards": 0, "urban_or_rural_area": 1, "did_police_officer_attend_scene_of_accident": 3, "trunk_road_flag": 2, "lsoa_of_accident_location": "E01032739", "enhanced_severity_collision": 3, "collision_injury_based": 1, "collision_adjusted_severity_serious": 0.0, "collision_adjusted_severity_slight": 1.0, "source": "STATS19", "source_year": "2022", "source_record_id": "CRASH_21299", "matched_u": 79, "matched_v": 89, "match_distance": 9.6000738320872188 }, "geometry": { "type": "Point", "coordinates": [ -0.08944, 51.515586 ] } },
{ "type": "Feature", "properties": { "collision_index": "2022010362811", "collision_year": 2022, "collision_ref_no": "010362811", "location_easting_osgr": 532607.0, "location_northing_osgr": 178396.0, "longitude": -0.091417, "latitude": 51.488973, "police_force": 1, "collision_severity": 3, "number_of_vehicles": 2, "number_of_casualties": 1, "date": "28/02/2022", "day_of_week": 2, "time": "19:50:00", "local_authority_district": -1, "local_authority_ons_district": "E09000028", "local_authority_highway": "E09000028", "local_authority_highway_current": "E09000028", "first_road_class": 6, "first_road_number": 0, "road_type": 2, "speed_limit": 20, "junction_detail_historic": 6, "junction_detail": 16, "junction_control": 4, "second_road_class": 6, "second_road_number": 0, "pedestrian_crossing_human_control_historic": 0, "pedestrian_crossing_physical_facilities_historic": 0, "pedestrian_crossing": 0, "light_conditions": 5, "weather_conditions": 2, "road_surface_conditions": 2, "special_conditions_at_site": 0, "carriageway_hazards_historic": 0, "carriageway_hazards": 0, "urban_or_rural_area": 1, "did_police_officer_attend_scene_of_accident": 1, "trunk_road_flag": 2, "lsoa_of_accident_location": "E01003973", "enhanced_severity_collision": -1, "collision_injury_based": 0, "collision_adjusted_severity_serious": 0.0, "collision_adjusted_severity_slight": 1.0, "source": "STATS19", "source_year": "2022", "source_record_id": "CRASH_21361", "matched_u": 73, "matched_v": 83, "match_distance": 8.7005750089883787 }, "geometry": { "type": "Point", "coordinates": [ -0.091417, 51.488973 ] } },
{ "type": "Feature", "properties": { "collision_index": "2022011288902", "collision_year": 2022, "collision_ref_no": "011288902", "location_easting_osgr": 532774.0, "location_northing_osgr": 180387.0, "longitude": -0.088264, "latitude": 51.506826, "police_force": 1, "collision_severity": 3, "number_of_vehicles": 2, "number_of_casualties": 1, "date": "27/10/2022", "day_of_week": 5, "time": "10:38:00", "local_authority_district": -1, "local_authority_ons_district": "E09000028", "local_authority_highway": "E09000028", "local_authority_highway_current": "E09000028", "first_road_class": 3, "first_road_number": 3, "road_type": 3, "speed_limit": 20, "junction_detail_historic": 0, "junction_detail": 0, "junction_control": -1, "second_road_class": 0, "second_road_number": -1, "pedestrian_crossing_human_control_historic": 0, "pedestrian_crossing_physical_facilities_historic": 5, "pedestrian_crossing": 15, "light_conditions": 1, "weather_conditions": 1, "road_surface_conditions": 1, "special_conditions_at_site": 0, "carriageway_hazards_historic": 0, "carriageway_hazards": 0, "urban_or_rural_area": 1, "did_police_officer_attend_scene_of_accident": 1, "trunk_road_flag": 2, "lsoa_of_accident_location": "E01003929", "enhanced_severity_collision": 3, "collision_injury_based": 1, "collision_adjusted_severity_serious": 0.0, "collision_adjusted_severity_slight": 1.0, "source": "STATS19", "source_year": "2022", "source_record_id": "CRASH_21362", "matched_u": 77, "matched_v": 87, "match_distance": 29.152347074821591 }, "geometry": { "type": "Point", "coordinates": [ -0.088264, 51.506826 ] } },
{ "type": "Feature", "properties": { "collision_index": "2022010376429", "collision_year": 2022, "collision_ref_no": "010376429", "location_easting_osgr": 531001.0, "location_northing_osgr": 180794.0, "longitude": -0.113645, "latitude": 51.510897, "police_force": 1, "collision_severity": 3, "number_of_vehicles": 2, "number_of_casualties": 1, "date": "13/05/2022", "day_of_week": 6, "time": "22:30:00", "local_authority_district": -1, "local_authority_ons_district": "E09000033", "local_authority_highway": "E09000033", "local_authority_highway_current": "E09000033", "first_road_class": 3, "first_road_number": 3211, "road_type": 6, "speed_limit": 20, "junction_detail_historic": 0, "junction_detail": 0, "junction_control": -1, "second_road_class": 0, "second_road_number": -1, "pedestrian_crossing_human_control_historic": 0, "pedestrian_crossing_physical_facilities_historic": 0, "pedestrian_crossing": 0, "light_conditions": 4, "weather_conditions": 1, "road_surface_conditions": 1, "special_conditions_at_site": 0, "carriageway_hazards_historic": 0, "carriageway_hazards": 0, "urban_or_rural_area": 1, "did_police_officer_attend_scene_of_accident": 1, "trunk_road_flag": 2, "lsoa_of_accident_location": "E01004735", "enhanced_severity_collision": -1, "collision_injury_based": 0, "collision_adjusted_severity_serious": 0.0, "collision_adjusted_severity_slight": 1.0, "source": "STATS19", "source_year": "2022", "source_record_id": "CRASH_21380", "matched_u": 48, "matched_v": 58, "match_distance": 35.892333712428801 }, "geometry": { "type": "Point", "coordinates": [ -0.113645, 51.510897 ] } },
{ "type": "Feature", "properties": { "collision_index": "2022010416776", "collision_year": 2022, "collision_ref_no": "010416776", "location_easting_osgr": 529052.0, "location_northing_osgr": 180515.0, "longitude": -0.141817, "latitude": 51.508838, "police_force": 1, "collision_severity": 3, "number_of_vehicles": 1, "number_of_casualties": 1, "date": "16/12/2022", "day_of_week": 6, "time": "18:00:00", "local_authority_district": -1, "local_authority_ons_district": "E09000033", "local_authority_highway": "E09000033", "local_authority_highway_current": "E09000033", "first_road_class": 5, "first_road_number": 0, "road_type": 9, "speed_limit": 20, "junction_detail_historic": 3, "junction_detail": 13, "junction_control": 2, "second_road_class": 6, "second_road_number": 0, "pedestrian_crossing_human_control_historic": 0, "pedestrian_crossing_physical_facilities_historic": 5, "pedestrian_crossing": 15, "light_conditions": 4, "weather_conditions": 1, "road_surface_conditions": 1, "special_conditions_at_site": 0, "carriageway_hazards_historic": 0, "carriageway_hazards": 0, "urban_or_rural_area": 1, "did_police_officer_attend_scene_of_accident": 3, "trunk_road_flag": 2, "lsoa_of_accident_location": "E01004761", "enhanced_severity_collision": -1, "collision_injury_based": 0, "collision_adjusted_severity_serious": 0.0, "collision_adjusted_severity_slight": 1.0, "source": "STATS19", "source_year": "2022", "source_record_id": "CRASH_21382", "matched_u": 17, "matched_v": 18, "match_distance": 34.892475947537612 }, "geometry": { "type": "Point", "coordinates": [ -0.141817, 51.508838 ] } },
{ "type": "Feature", "properties": { "collision_index": "2022011262296", "collision_year": 2022, "collision_ref_no": "011262296", "location_easting_osgr": 532783.0, "location_northing_osgr": 181773.0, "longitude": -0.087613, "latitude": 51.519279, "police_force": 1, "collision_severity": 3, "number_of_vehicles": 2, "number_of_casualties": 1, "date": "24/07/2022", "day_of_week": 1, "time": "16:50:00", "local_authority_district": -1, "local_authority_ons_district": "E09000019", "local_authority_highway": "E09000019", "local_authority_highway_current": "E09000019", "first_road_class": 6, "first_road_number": 0, "road_type": 6, "speed_limit": 20, "junction_detail_historic": 6, "junction_detail": 16, "junction_control": 2, "second_road_class": 3, "second_road_number": 501, "pedestrian_crossing_human_control_historic": 0, "pedestrian_crossing_physical_facilities_historic": 5, "pedestrian_crossing": 15, "light_conditions": 1, "weather_conditions": 1, "road_surface_conditions": 1, "special_conditions_at_site": 0, "carriageway_hazards_historic": 0, "carriageway_hazards": 0, "urban_or_rural_area": 1, "did_police_officer_attend_scene_of_accident": 1, "trunk_road_flag": 2, "lsoa_of_accident_location": "E01002704", "enhanced_severity_collision": 3, "collision_injury_based": 1, "collision_adjusted_severity_serious": 0.0, "collision_adjusted_severity_slight": 1.0, "source": "STATS19", "source_year": "2022", "source_record_id": "CRASH_22189", "matched_u": 89, "matched_v": 90, "match_distance": 17.65032370688823 }, "geometry": { "type": "Point", "coordinates": [ -0.087613, 51.519279 ] } },
{ "type": "Feature", "properties": { "collision_index": "2022010408363", "collision_year": 2022, "collision_ref_no": "010408363", "location_easting_osgr": 531231.0, "location_northing_osgr": 178766.0, "longitude": -0.111087, "latitude": 51.492619, "police_force": 1, "collision_severity": 3, "number_of_vehicles": 2, "number_of_casualties": 1, "date": "20/10/2022", "day_of_week": 5, "time": "22:30:00", "local_authority_district": -1, "local_authority_ons_district": "E09000022", "local_authority_highway": "E09000022", "local_authority_highway_current": "E09000022", "first_road_class": 3, "first_road_number": 23, "road_type": 6, "speed_limit": 20, "junction_detail_historic": 3, "junction_detail": 13, "junction_control": 4, "second_road_class": 6, "second_road_number": 0, "pedestrian_crossing_human_control_historic": 9, "pedestrian_crossing_physical_facilities_historic": 9, "pedestrian_crossing": 99, "light_conditions": 4, "weather_conditions": 1, "road_surface_conditions": 2, "special_conditions_at_site": 0, "carriageway_hazards_historic": 0, "carriageway_hazards": 0, "urban_or_rural_area": 1, "did_police_officer_attend_scene_of_accident": 3, "trunk_road_flag": 2, "lsoa_of_accident_location": "E01003015", "enhanced_severity_collision": -1, "collision_injury_based": 0, "collision_adjusted_severity_serious": 0.0, "collision_adjusted_severity_slight": 1.0, "source": "STATS19", "source_year": "2022", "source_record_id": "CRASH_22199", "matched_u": 53, "matched_v": 54, "match_distance": 2.0903326604529866 }, "geometry": { "type": "Point", "coordinates": [ -0.111087, 51.492619 ] } },
{ "type": "Feature", "properties": { "collision_index": "2022010377432", "collision_year": 2022, "collision_ref_no": "010377432", "location_easting_osgr": 528520.0, "location_northing_osgr": 179805.0, "longitude": -0.149737, "latitude": 51.502578, "police_force": 1, "collision_severity": 2, "number_of_vehicles": 2, "number_of_casualties": 1, "date": "20/05/2022", "day_of_week": 6, "time": "01:00:00", "local_authority_district": -1, "local_authority_ons_district": "E09000033", "local_authority_highway": "E09000033", "local_authority_highway_current": "E09000033", "first_road_class": 3, "first_road_number": 4, "road_type": 1, "speed_limit": 20, "junction_detail_historic": 1, "junction_detail": 0, "junction_control": 2, "second_road_class": 3, "second_road_number": 4, "pedestrian_crossing_human_control_historic": 0, "pedestrian_crossing_physical_facilities_historic": 5, "pedestrian_crossing": 15, "light_conditions": 4, "weather_conditions": 1, "road_surface_conditions": 1, "special_conditions_at_site": 0, "carriageway_hazards_historic": 0, "carriageway_hazards": 0, "urban_or_rural_area": 1, "did_police_officer_attend_scene_of_accident": 1, "trunk_road_flag": 2, "lsoa_of_accident_location": "E01004736", "enhanced_severity_collision": -1, "collision_injury_based": 0, "collision_adjusted_severity_serious": 1.0, "collision_adjusted_severity_slight": 0.0, "source": "STATS19", "source_year": "2022", "source_record_id": "CRASH_22234", "matched_u": 6, "matched_v": 7, "match_distance": 17.699799036130575 }, "geometry": { "type": "Point", "coordinates": [ -0.149737, 51.502578 ] } },
{ "type": "Feature", "properties": { "collision_index": "2022010391823", "collision_year": 2022, "collision_ref_no": "010391823", "location_easting_osgr": 529034.0, "location_northing_osgr": 181237.0, "longitude": -0.141812, "latitude": 51.51533, "police_force": 1, "collision_severity": 2, "number_of_vehicles": 1, "number_of_casualties": 1, "date": "02/08/2022", "day_of_week": 3, "time": "16:51:00", "local_authority_district": -1, "local_authority_ons_district": "E09000033", "local_authority_highway": "E09000033", "local_authority_highway_current": "E09000033", "first_road_class": 3, "first_road_number": 40, "road_type": 3, "speed_limit": 20, "junction_detail_historic": 3, "junction_detail": 13, "junction_control": 2, "second_road_class": 3, "second_road_number": 4201, "pedestrian_crossing_human_control_historic": 0, "pedestrian_crossing_physical_facilities_historic": 5, "pedestrian_crossing": 15, "light_conditions": 1, "weather_conditions": 1, "road_surface_conditions": 1, "special_conditions_at_site": 0, "carriageway_hazards_historic": 0, "carriageway_hazards": 0, "urban_or_rural_area": 1, "did_police_officer_attend_scene_of_accident": 1, "trunk_road_flag": 2, "lsoa_of_accident_location": "E01033595", "enhanced_severity_collision": -1, "collision_injury_based": 0, "collision_adjusted_severity_serious": 1.0, "collision_adjusted_severity_slight": 0.0, "source": "STATS19", "source_year": "2022", "source_record_id": "CRASH_22237", "matched_u": 18, "matched_v": 19, "match_distance": 35.449073401505309 }, "geometry": { "type": "Point", "coordinates": [ -0.141812, 51.51533 ] } },
{ "type": "Feature", "properties": { "collision_index": "2022010399101", "collision_year": 2022, "collision_ref_no": "010399101", "location_easting_osgr": 532269.0, "location_northing_osgr": 180163.0, "longitude": -0.09562, "latitude": 51.504931, "police_force": 1, "collision_severity": 3, "number_of_vehicles": 2, "number_of_casualties": 1, "date": "12/09/2022", "day_of_week": 2, "time": "12:50:00", "local_authority_district": -1, "local_authority_ons_district": "E09000028", "local_authority_highway": "E09000028", "local_authority_highway_current": "E09000028", "first_road_class": 3, "first_road_number": 3200, "road_type": 6, "speed_limit": 20, "junction_detail_historic": 6, "junction_detail": 16, "junction_control": 2, "second_road_class": 3, "second_road_number": 300, "pedestrian_crossing_human_control_historic": 0, "pedestrian_crossing_physical_facilities_historic": 5, "pedestrian_crossing": 15, "light_conditions": 1, "weather_conditions": 1, "road_surface_conditions": 1, "special_conditions_at_site": 0, "carriageway_hazards_historic": 0, "carriageway_hazards": 0, "urban_or_rural_area": 1, "did_police_officer_attend_scene_of_accident": 1, "trunk_road_flag": 2, "lsoa_of_accident_location": "E01003929", "enhanced_severity_collision": -1, "collision_injury_based": 0, "collision_adjusted_severity_serious": 0.0, "collision_adjusted_severity_slight": 1.0, "source": "STATS19", "source_year": "2022", "source_record_id": "CRASH_23088", "matched_u": 76, "matched_v": 77, "match_distance": 9.2271489035338163 }, "geometry": { "type": "Point", "coordinates": [ -0.09562, 51.504931 ] } },
{ "type": "Feature", "properties": { "collision_index": "2022481226594", "collision_year": 2022, "collision_ref_no": "481226594", "location_easting_osgr": 532074.0, "location_northing_osgr": 180862.0, "longitude": -0.098167, "latitude": 51.511258, "police_force": 48, "collision_severity": 2, "number_of_vehicles": 2, "number_of_casualties": 1, "date": "15/05/2022", "day_of_week": 1, "time": "04:22:00", "local_authority_district": -1, "local_authority_ons_district": "E09000001", "local_authority_highway": "E09000001", "local_authority_highway_current": "E09000001", "first_road_class": 3, "first_road_number": 3211, "road_type": 3, "speed_limit": 20, "junction_detail_historic": 0, "junction_detail": 0, "junction_control": -1, "second_road_class": 0, "second_road_number": -1, "pedestrian_crossing_human_control_historic": 0, "pedestrian_crossing_physical_facilities_historic": 0, "pedestrian_crossing": 0, "light_conditions": 4, "weather_conditions": 1, "road_surface_conditions": 1, "special_conditions_at_site": 0, "carriageway_hazards_historic": 0, "carriageway_hazards": 0, "urban_or_rural_area": 1, "did_police_officer_attend_scene_of_accident": 1, "trunk_road_flag": 2, "lsoa_of_accident_location": "E01032739", "enhanced_severity_collision": 7, "collision_injury_based": 1, "collision_adjusted_severity_serious": 1.0, "collision_adjusted_severity_slight": 0.0, "source": "STATS19", "source_year": "2022", "source_record_id": "CRASH_23847", "matched_u": 68, "matched_v": 78, "match_distance": 28.678207505494356 }, "geometry": { "type": "Point", "coordinates": [ -0.098167, 51.511258 ] } },
{ "type": "Feature", "properties": { "collision_index": "2022010380213", "collision_year": 2022, "collision_ref_no": "010380213", "location_easting_osgr": 531319.0, "location_northing_osgr": 177841.0, "longitude": -0.110163, "latitude": 51.484286, "police_force": 1, "collision_severity": 3, "number_of_vehicles": 2, "number_of_casualties": 4, "date": "04/06/2022", "day_of_week": 7, "time": "03:55:00", "local_authority_district": -1, "local_authority_ons_district": "E09000022", "local_authority_highway": "E09000022", "local_authority_highway_current": "E09000022", "first_road_class": 3, "first_road_number": 23, "road_type": 3, "speed_limit": 30, "junction_detail_historic": 7, "junction_detail": 17, "junction_control": 2, "second_road_class": 3, "second_road_number": 3, "pedestrian_crossing_human_control_historic": 0, "pedestrian_crossing_physical_facilities_historic": 5, "pedestrian_crossing": 15, "light_conditions": 4, "weather_conditions": 1, "road_surface_conditions": 1, "special_conditions_at_site": 0, "carriageway_hazards_historic": 0, "carriageway_hazards": 0, "urban_or_rural_area": 1, "did_police_officer_attend_scene_of_accident": 1, "trunk_road_flag": 2, "lsoa_of_accident_location": "E01003099", "enhanced_severity_collision": -1, "collision_injury_based": 0, "collision_adjusted_severity_serious": 0.0, "collision_adjusted_severity_slight": 1.0, "source": "STATS19", "source_year": "2022", "source_record_id": "CRASH_23907", "matched_u": 52, "matched_v": 62, "match_distance": 36.407668626867235 }, "geometry": { "type": "Point", "coordinates": [ -0.110163, 51.484286 ] } },
{ "type": "Feature", "properties": { "collision_index": "2022010392887", "collision_year": 2022, "collision_ref_no": "010392887", "location_easting_osgr": 530056.0, "location_northing_osgr": 181483.0, "longitude": -0.127001, "latitude": 51.517307, "police_force": 1, "collision_severity": 3, "number_of_vehicles": 3, "number_of_casualties": 1, "date": "09/08/2022", "day_of_week": 3, "time": "04:20:00", "local_authority_district": -1, "local_authority_ons_district": "E09000007", "local_authority_highway": "E09000007", "local_authority_highway_current": "E09000007", "first_road_class": 3, "first_road_number": 400, "road_type": 6, "speed_limit": 20, "junction_detail_historic": 3, "junction_detail": 13, "junction_control": 4, "second_road_class": 6, "second_road_number": 0, "pedestrian_crossing_human_control_historic": 2, "pedestrian_crossing_physical_facilities_historic": 5, "pedestrian_crossing": 12, "light_conditions": 1, "weather_conditions": 1, "road_surface_conditions": 1, "special_conditions_at_site": 0, "carriageway_hazards_historic": 0, "carriageway_hazards": 0, "urban_or_rural_area": 1, "did_police_officer_attend_scene_of_accident": 1, "trunk_road_flag": 2, "lsoa_of_accident_location": "E01000919", "enhanced_severity_collision": -1, "collision_injury_based": 0, "collision_adjusted_severity_serious": 0.0, "collision_adjusted_severity_slight": 1.0, "source": "STATS19", "source_year": "2022", "source_record_id": "CRASH_24283", "matched_u": 39, "matched_v": 40, "match_distance": 44.713328801964963 }, "geometry": { "type": "Point", "coordinates": [ -0.127001, 51.517307 ] } },
{ "type": "Feature", "properties": { "collision_index": "2022010388162", "collision_year": 2022, "collision_ref_no": "010388162", "location_easting_osgr": 531946.0, "location_northing_osgr": 178867.0, "longitude": -0.100756, "latitude": 51.49336, "police_force": 1, "collision_severity": 3, "number_of_vehicles": 2, "number_of_casualties": 1, "date": "13/07/2022", "day_of_week": 4, "time": "13:12:00", "local_authority_district": -1, "local_authority_ons_district": "E09000028", "local_authority_highway": "E09000028", "local_authority_highway_current": "E09000028", "first_road_class": 3, "first_road_number": 3, "road_type": 3, "speed_limit": 30, "junction_detail_historic": 7, "junction_detail": 17, "junction_control": 2, "second_road_class": 3, "second_road_number": 215, "pedestrian_crossing_human_control_historic": 0, "pedestrian_crossing_physical_facilities_historic": 5, "pedestrian_crossing": 15, "light_conditions": 1, "weather_conditions": 1, "road_surface_conditions": 1, "special_conditions_at_site": 0, "carriageway_hazards_historic": 0, "carriageway_hazards": 0, "urban_or_rural_area": 1, "did_police_officer_attend_scene_of_accident": 1, "trunk_road_flag": 2, "lsoa_of_accident_location": "E01003933", "enhanced_severity_collision": -1, "collision_injury_based": 0, "collision_adjusted_severity_serious": 0.0, "collision_adjusted_severity_slight": 1.0, "source": "STATS19", "source_year": "2022", "source_record_id": "CRASH_24780", "matched_u": 64, "matched_v": 74, "match_distance": 0.17879623826593158 }, "geometry": { "type": "Point", "coordinates": [ -0.100756, 51.49336 ] } },
{ "type": "Feature", "properties": { "collision_index": "2022010412734", "collision_year": 2022, "collision_ref_no": "010412734", "location_easting_osgr": 532430.0, "location_northing_osgr": 177419.0, "longitude": -0.094331, "latitude": 51.480235, "police_force": 1, "collision_severity": 3, "number_of_vehicles": 2, "number_of_casualties": 3, "date": "25/11/2022", "day_of_week": 6, "time": "17:16:00", "local_authority_district": -1, "local_authority_ons_district": "E09000028", "local_authority_highway": "E09000028", "local_authority_highway_current": "E09000028", "first_road_class": 3, "first_road_number": 215, "road_type": 6, "speed_limit": 30, "junction_detail_historic": 8, "junction_detail": 18, "junction_control": 4, "second_road_class": 6, "second_road_number": 0, "pedestrian_crossing_human_control_historic": 0, "pedestrian_crossing_physical_facilities_historic": 5, "pedestrian_crossing": 15, "light_conditions": 4, "weather_conditions": 1, "road_surface_conditions": 2, "special_conditions_at_site": 0, "carriageway_hazards_historic": 0, "carriageway_hazards": 0, "urban_or_rural_area": 1, "did_police_officer_attend_scene_of_accident": 1, "trunk_road_flag": 2, "lsoa_of_accident_location": "E01003924", "enhanced_severity_collision": -1, "collision_injury_based": 0, "collision_adjusted_severity_serious": 0.0, "collision_adjusted_severity_slight": 1.0, "source": "STATS19", "source_year": "2022", "source_record_id": "CRASH_24781", "matched_u": 71, "matched_v": 81, "match_distance": 32.173996786586933 }, "geometry": { "type": "Point", "coordinates": [ -0.094331, 51.480235 ] } },
{ "type": "Feature", "properties": { "collision_index": "2022010412620", "collision_year": 2022, "collision_ref_no": "010412620", "location_easting_osgr": 530571.0, "location_northing_osgr": 181787.0, "longitude": -0.11947, "latitude": 51.51992, "police_force": 1, "collision_severity": 3, "number_of_vehicles": 2, "number_of_casualties": 1, "date": "20/11/2022", "day_of_week": 1, "time": "21:30:00", "local_authority_district": -1, "local_authority_ons_district": "E09000007", "local_authority_highway": "E09000007", "local_authority_highway_current": "E09000007", "first_road_class": 6, "first_road_number": 0, "road_type": 9, "speed_limit": 30, "junction_detail_historic": 99, "junction_detail": -1, "junction_control": 9, "second_road_class": 3, "second_road_number": 401, "pedestrian_crossing_human_control_historic": 9, "pedestrian_crossing_physical_facilities_historic": 9, "pedestrian_crossing": 99, "light_conditions": 1, "weather_conditions": 9, "road_surface_conditions": 9, "special_conditions_at_site": 9, "carriageway_hazards_historic": 9, "carriageway_hazards": 99, "urban_or_rural_area": 1, "did_police_officer_attend_scene_of_accident": 3, "trunk_road_flag": 2, "lsoa_of_accident_location": "E01000914", "enhanced_severity_collision": -1, "collision_injury_based": 0, "collision_adjusted_severity_serious": 0.0, "collision_adjusted_severity_slight": 1.0, "source": "STATS19", "source_year": "2022", "source_record_id": "CRASH_25162", "matched_u": 40, "matched_v": 50, "match_distance": 8.4083274332806468 }, "geometry": { "type": "Point", "coordinates": [ -0.11947, 51.51992 ] } },
{ "type": "Feature", "properties": { "collision_index": "2022010399078", "collision_year": 2022, "collision_ref_no": "010399078", "location_easting_osgr": 528981.0, "location_northing_osgr": 181368.0, "longitude": -0.142527, "latitude": 51.51652, "police_force": 1, "collision_severity": 3, "number_of_vehicles": 2, "number_of_casualties": 1, "date": "12/09/2022", "day_of_week": 2, "time": "21:14:00", "local_authority_district": -1, "local_authority_ons_district": "E09000033", "local_authority_highway": "E09000033", "local_authority_highway_current": "E09000033", "first_road_class": 3, "first_road_number": 4201, "road_type": 6, "speed_limit": 30, "junction_detail_historic": 6, "junction_detail": 16, "junction_control": 2, "second_road_class": 3, "second_road_number": 4201, "pedestrian_crossing_human_control_historic": 9, "pedestrian_crossing_physical_facilities_historic": 9, "pedestrian_crossing": 99, "light_conditions": 4, "weather_conditions": 8, "road_surface_conditions": 1, "special_conditions_at_site": 9, "carriageway_hazards_historic": 9, "carriageway_hazards": 99, "urban_or_rural_area": 1, "did_police_officer_attend_scene_of_accident": 3, "trunk_road_flag": 2, "lsoa_of_accident_location": "E01004765", "enhanced_severity_collision": -1, "collision_injury_based": 0, "collision_adjusted_severity_serious": 0.0, "collision_adjusted_severity_slight": 1.0, "source": "STATS19", "source_year": "2022", "source_record_id": "CRASH_25225", "matched_u": 19, "matched_v": 20, "match_distance": 44.144362515686225 }, "geometry": { "type": "Point", "coordinates": [ -0.142527, 51.51652 ] } },
{ "type": "Feature", "properties": { "collision_index": "2022481267207", "collision_year": 2022, "collision_ref_no": "481267207", "location_easting_osgr": 531724.0, "location_northing_osgr": 181449.0, "longitude": -0.102988, "latitude": 51.516615, "police_force": 48, "collision_severity": 3, "number_of_vehicles": 2, "number_of_casualties": 1, "date": "10/08/2022", "day_of_week": 4, "time": "13:28:00", "local_authority_district": -1, "local_authority_ons_district": "E09000001", "local_authority_highway": "E09000001", "local_authority_highway_current": "E09000001", "first_road_class": 3, "first_road_number": 40, "road_type": 6, "speed_limit": 20, "junction_detail_historic": 6, "junction_detail": 16, "junction_control": 4, "second_road_class": 6, "second_road_number": 0, "pedestrian_crossing_human_control_historic": 0, "pedestrian_crossing_physical_facilities_historic": 4, "pedestrian_crossing": 14, "light_conditions": 1, "weather_conditions": 1, "road_surface_conditions": 1, "special_conditions_at_site": 0, "carriageway_hazards_historic": 0, "carriageway_hazards": 0, "urban_or_rural_area": 1, "did_police_officer_attend_scene_of_accident": 1, "trunk_road_flag": 2, "lsoa_of_accident_location": "E01032740", "enhanced_severity_collision": 3, "collision_injury_based": 1, "collision_adjusted_severity_serious": 0.0, "collision_adjusted_severity_slight": 1.0, "source": "STATS19", "source_year": "2022", "source_record_id": "CRASH_25534", "matched_u": 69, "matched_v": 70, "match_distance": 35.02853310294995 }, "geometry": { "type": "Point", "coordinates": [ -0.102988, 51.516615 ] } },
{ "type": "Feature", "properties": { "collision_index": "2022010360844", "collision_year": 2022, "collision_ref_no": "010360844", "location_easting_osgr": 530497.0, "location_northing_osgr": 181316.0, "longitude": -0.120711, "latitude": 51.515704, "police_force": 1, "collision_severity": 3, "number_of_vehicles": 2, "number_of_casualties": 1, "date": "12/02/2022", "day_of_week": 7, "time": "18:40:00", "local_authority_district": -1, "local_authority_ons_district": "E09000007", "local_authority_highway": "E09000007", "local_authority_highway_current": "E09000007", "first_road_class": 4, "first_road_number": 402, "road_type": 9, "speed_limit": 30, "junction_detail_historic": 0, "junction_detail": 0, "junction_control": -1, "second_road_class": 0, "second_road_number": -1, "pedestrian_crossing_human_control_historic": 9, "pedestrian_crossing_physical_facilities_historic": 0, "pedestrian_crossing": 0, "light_conditions": 1, "weather_conditions": 9, "road_surface_conditions": 1, "special_conditions_at_site": 0, "carriageway_hazards_historic": 0, "carriageway_hazards": 0, "urban_or_rural_area": 1, "did_police_officer_attend_scene_of_accident": 3, "trunk_road_flag": 2, "lsoa_of_accident_location": "E01000918", "enhanced_severity_collision": -1, "collision_injury_based": 0, "collision_adjusted_severity_serious": 0.0, "collision_adjusted_severity_slight": 1.0, "source": "STATS19", "source_year": "2022", "source_record_id": "CRASH_25543", "matched_u": 39, "matched_v": 49, "match_distance": 30.708350479602814 }, "geometry": { "type": "Point", "coordinates": [ -0.120711, 51.515704 ] } },
{ "type": "Feature", "properties": { "collision_index": "2022010396564", "collision_year": 2022, "collision_ref_no": "010396564", "location_easting_osgr": 530078.0, "location_northing_osgr": 181302.0, "longitude": -0.126751, "latitude": 51.515675, "police_force": 1, "collision_severity": 2, "number_of_vehicles": 3, "number_of_casualties": 2, "date": "29/08/2022", "day_of_week": 2, "time": "21:00:00", "local_authority_district": -1, "local_authority_ons_district": "E09000007", "local_authority_highway": "E09000007", "local_authority_highway_current": "E09000007", "first_road_class": 3, "first_road_number": 40, "road_type": 6, "speed_limit": 20, "junction_detail_historic": 7, "junction_detail": 17, "junction_control": 2, "second_road_class": 3, "second_road_number": 401, "pedestrian_crossing_human_control_historic": 0, "pedestrian_crossing_physical_facilities_historic": 5, "pedestrian_crossing": 15, "light_conditions": 4, "weather_conditions": 1, "road_surface_conditions": 1, "special_conditions_at_site": 0, "carriageway_hazards_historic": 0, "carriageway_hazards": 0, "urban_or_rural_area": 1, "did_police_officer_attend_scene_of_accident": 1, "trunk_road_flag": 2, "lsoa_of_accident_location": "E01000919", "enhanced_severity_collision": -1, "collision_injury_based": 0, "collision_adjusted_severity_serious": 1.0, "collision_adjusted_severity_slight": 0.0, "source": "STATS19", "source_year": "2022", "source_record_id": "CRASH_25544", "matched_u": 39, "matched_v": 40, "match_distance": 16.883456103647404 }, "geometry": { "type": "Point", "coordinates": [ -0.126751, 51.515675 ] } },
{ "type": "Feature", "properties": { "collision_index": "2022010400080", "collision_year": 2022, "collision_ref_no": "010400080", "location_easting_osgr": 531271.0, "location_northing_osgr": 177437.0, "longitude": -0.111004, "latitude": 51.480666, "police_force": 1, "collision_severity": 3, "number_of_vehicles": 3, "number_of_casualties": 2, "date": "18/09/2022", "day_of_week": 1, "time": "20:20:00", "local_authority_district": -1, "local_authority_ons_district": "E09000022", "local_authority_highway": "E09000022", "local_authority_highway_current": "E09000022", "first_road_class": 3, "first_road_number": 23, "road_type": 2, "speed_limit": 20, "junction_detail_historic": 0, "junction_detail": 0, "junction_control": -1, "second_road_class": 0, "second_road_number": -1, "pedestrian_crossing_human_control_historic": 0, "pedestrian_crossing_physical_facilities_historic": 0, "pedestrian_crossing": 0, "light_conditions": 4, "weather_conditions": 1, "road_surface_conditions": 1, "special_conditions_at_site": 0, "carriageway_hazards_historic": 0, "carriageway_hazards": 0, "urban_or_rural_area": 1, "did_police_officer_attend_scene_of_accident": 1, "trunk_road_flag": 2, "lsoa_of_accident_location": "E01003100", "enhanced_severity_collision": -1, "collision_injury_based": 0, "collision_adjusted_severity_serious": 0.0, "collision_adjusted_severity_slight": 1.0, "source": "STATS19", "source_year": "2022", "source_record_id": "CRASH_25582", "matched_u": 51, "matched_v": 52, "match_distance": 7.1491850753882318 }, "geometry": { "type": "Point", "coordinates": [ -0.111004, 51.480666 ] } },
{ "type": "Feature", "properties": { "collision_index": "2022010355366", "collision_year": 2022, "collision_ref_no": "010355366", "location_easting_osgr": 530622.0, "location_northing_osgr": 180870.0, "longitude": -0.119075, "latitude": 51.511668, "police_force": 1, "collision_severity": 3, "number_of_vehicles": 1, "number_of_casualties": 1, "date": "18/01/2022", "day_of_week": 3, "time": "10:50:00", "local_authority_district": -1, "local_authority_ons_district": "E09000033", "local_authority_highway": "E09000033", "local_authority_highway_current": "E09000033", "first_road_class": 3, "first_road_number": 4, "road_type": 3, "speed_limit": 20, "junction_detail_historic": 7, "junction_detail": 17, "junction_control": 2, "second_road_class": 3, "second_road_number": 4, "pedestrian_crossing_human_control_historic": 0, "pedestrian_crossing_physical_facilities_historic": 4, "pedestrian_crossing": 14, "light_conditions": 1, "weather_conditions": 1, "road_surface_conditions": 2, "special_conditions_at_site": 0, "carriageway_hazards_historic": 0, "carriageway_hazards": 0, "urban_or_rural_area": 1, "did_police_officer_attend_scene_of_accident": 1, "trunk_road_flag": 2, "lsoa_of_accident_location": "E01004735", "enhanced_severity_collision": -1, "collision_injury_based": 0, "collision_adjusted_severity_serious": 0.0, "collision_adjusted_severity_slight": 1.0, "source": "STATS19", "source_year": "2022", "source_record_id": "CRASH_25621", "matched_u": 48, "matched_v": 49, "match_distance": 26.852734945798147 }, "geometry": { "type": "Point", "coordinates": [ -0.119075, 51.511668 ] } },
{ "type": "Feature", "properties": { "collision_index": "2022010409654", "collision_year": 2022, "collision_ref_no": "010409654", "location_easting_osgr": 529057.0, "location_northing_osgr": 179785.0, "longitude": -0.142012, "latitude": 51.502276, "police_force": 1, "collision_severity": 3, "number_of_vehicles": 2, "number_of_casualties": 1, "date": "10/11/2022", "day_of_week": 5, "time": "11:33:00", "local_authority_district": -1, "local_authority_ons_district": "E09000033", "local_authority_highway": "E09000033", "local_authority_highway_current": "E09000033", "first_road_class": 5, "first_road_number": 0, "road_type": 6, "speed_limit": 20, "junction_detail_historic": 7, "junction_detail": 17, "junction_control": 2, "second_road_class": 5, "second_road_number": 0, "pedestrian_crossing_human_control_historic": 2, "pedestrian_crossing_physical_facilities_historic": 4, "pedestrian_crossing": 12, "light_conditions": 1, "weather_conditions": 1, "road_surface_conditions": 2, "special_conditions_at_site": 0, "carriageway_hazards_historic": 2, "carriageway_hazards": 17, "urban_or_rural_area": 1, "did_police_officer_attend_scene_of_accident": 1, "trunk_road_flag": 2, "lsoa_of_accident_location": "E01004736", "enhanced_severity_collision": -1, "collision_injury_based": 0, "collision_adjusted_severity_serious": 0.0, "collision_adjusted_severity_slight": 1.0, "source": "STATS19", "source_year": "2022", "source_record_id": "CRASH_25627", "matched_u": 16, "matched_v": 26, "match_distance": 8.5242835795506835 }, "geometry": { "type": "Point", "coordinates": [ -0.142012, 51.502276 ] } },
{ "type": "Feature", "properties": { "collision_index": "2022481194072", "collision_year": 2022, "collision_ref_no": "481194072", "location_easting_osgr": 533317.0, "location_northing_osgr": 180708.0, "longitude": -0.080324, "latitude": 51.509583, "police_force": 48, "collision_severity": 3, "number_of_vehicles": 2, "number_of_casualties": 1, "date": "06/03/2022", "day_of_week": 1, "time": "00:10:00", "local_authority_district": -1, "local_authority_ons_district": "E09000001", "local_authority_highway": "E09000001", "local_authority_highway_current": "E09000001", "first_road_class": 6, "first_road_number": 0, "road_type": 3, "speed_limit": 20, "junction_detail_historic": 3, "junction_detail": 13, "junction_control": 2, "second_road_class": 3, "second_road_number": 3211, "pedestrian_crossing_human_control_historic": 0, "pedestrian_crossing_physical_facilities_historic": 5, "pedestrian_crossing": 15, "light_conditions": 4, "weather_conditions": 1, "road_surface_conditions": 1, "special_conditions_at_site": 0, "carriageway_hazards_historic": 0, "carriageway_hazards": 0, "urban_or_rural_area": 1, "did_police_officer_attend_scene_of_accident": 3, "trunk_road_flag": 2, "lsoa_of_accident_location": "E01032739", "enhanced_severity_collision": 3, "collision_injury_based": 1, "collision_adjusted_severity_serious": 0.0, "collision_adjusted_severity_slight": 1.0, "source": "STATS19", "source_year": "2022", "source_record_id": "CRASH_25950", "matched_u": 97, "matched_v": 98, "match_distance": 35.399598072261149 }, "geometry": { "type": "Point", "coordinates": [ -0.080324, 51.509583 ] } },
{ "type": "Feature", "properties": { "collision_index": "2022010386720", "collision_year": 2022, "collision_ref_no": "010386720", "location_easting_osgr": 531233.0, "location_northing_osgr": 178569.0, "longitude": -0.111131, "latitude": 51.490848, "police_force": 1, "collision_severity": 3, "number_of_vehicles": 1, "number_of_casualties": 1, "date": "30/06/2022", "day_of_week": 5, "time": "15:00:00", "local_authority_district": -1, "local_authority_ons_district": "E09000022", "local_authority_highway": "E09000022", "local_authority_highway_current": "E09000022", "first_road_class": 3, "first_road_number": 23, "road_type": 6, "speed_limit": 30, "junction_detail_historic": 99, "junction_detail": -1, "junction_control": 4, "second_road_class": 6, "second_road_number": 0, "pedestrian_crossing_human_control_historic": 9, "pedestrian_crossing_physical_facilities_historic": 9, "pedestrian_crossing": 99, "light_conditions": 1, "weather_conditions": 9, "road_surface_conditions": 9, "special_conditions_at_site": 9, "carriageway_hazards_historic": 9, "carriageway_hazards": 99, "urban_or_rural_area": 1, "did_police_officer_attend_scene_of_accident": 3, "trunk_road_flag": 2, "lsoa_of_accident_location": "E01003111", "enhanced_severity_collision": -1, "collision_injury_based": 0, "collision_adjusted_severity_serious": 0.0, "collision_adjusted_severity_slight": 1.0, "source": "STATS19", "source_year": "2022", "source_record_id": "CRASH_26456", "matched_u": 53, "matched_v": 54, "match_distance": 6.9883902553556245 }, "geometry": { "type": "Point", "coordinates": [ -0.111131, 51.490848 ] } },
{ "type": "Feature", "properties": { "collision_index": "2022010371387", "collision_year": 2022, "collision_ref_no": "010371387", "location_easting_osgr": 529261.0, "location_northing_osgr": 177333.0, "longitude": -0.139971, "latitude": 51.480194, "police_force": 1, "collision_severity": 3, "number_of_vehicles": 2, "number_of_casualties": 1, "date": "16/04/2022", "day_of_week": 7, "time": "15:25:00", "local_authority_district": -1, "local_authority_ons_district": "E09000032", "local_authority_highway": "E09000032", "local_authority_highway_current": "E09000032", "first_road_class": 3, "first_road_number": 3205, "road_type": 2, "speed_limit": 20, "junction_detail_historic": 6, "junction_detail": 16, "junction_control": 2, "second_road_class": 6, "second_road_number": 0, "pedestrian_crossing_human_control_historic": 0, "pedestrian_crossing_physical_facilities_historic": 5, "pedestrian_crossing": 15, "light_conditions": 1, "weather_conditions": 1, "road_surface_conditions": 1, "special_conditions_at_site": 0, "carriageway_hazards_historic": 0, "carriageway_hazards": 0, "urban_or_rural_area": 1, "did_police_officer_attend_scene_of_accident": 3, "trunk_road_flag": 2, "lsoa_of_accident_location": "E01033132", "enhanced_severity_collision": -1, "collision_injury_based": 0, "collision_adjusted_severity_serious": 0.0, "collision_adjusted_severity_slight": 1.0, "source": "STATS19", "source_year": "2022", "source_record_id": "CRASH_26479", "matched_u": 11, "matched_v": 21, "match_distance": 24.845464128069576 }, "geometry": { "type": "Point", "coordinates": [ -0.139971, 51.480194 ] } },
{ "type": "Feature", "properties": { "collision_index": "2022010385800", "collision_year": 2022, "collision_ref_no": "010385800", "location_easting_osgr": 528837.0, "location_northing_osgr": 181729.0, "longitude": -0.14447, "latitude": 51.519797, "police_force": 1, "collision_severity": 3, "number_of_vehicles": 2, "number_of_casualties": 1, "date": "01/07/2022", "day_of_week": 6, "time": "11:40:00", "local_authority_district": -1, "local_authority_ons_district": "E09000033", "local_authority_highway": "E09000033", "local_authority_highway_current": "E09000033", "first_road_class": 3, "first_road_number": 4201, "road_type": 2, "speed_limit": 20, "junction_detail_historic": 3, "junction_detail": 13, "junction_control": 2, "second_road_class": 5, "second_road_number": 0, "pedestrian_crossing_human_control_historic": 0, "pedestrian_crossing_physical_facilities_historic": 5, "pedestrian_crossing": 15, "light_conditions": 1, "weather_conditions": 1, "road_surface_conditions": 1, "special_conditions_at_site": 0, "carriageway_hazards_historic": 0, "carriageway_hazards": 0, "urban_or_rural_area": 1, "did_police_officer_attend_scene_of_accident": 1, "trunk_road_flag": 2, "lsoa_of_accident_location": "E01004765", "enhanced_severity_collision": -1, "collision_injury_based": 0, "collision_adjusted_severity_serious": 0.0, "collision_adjusted_severity_slight": 1.0, "source": "STATS19", "source_year": "2022", "source_record_id": "CRASH_26485", "matched_u": 10, "matched_v": 20, "match_distance": 30.41305815987289 }, "geometry": { "type": "Point", "coordinates": [ -0.14447, 51.519797 ] } },
{ "type": "Feature", "properties": { "collision_index": "2022010416878", "collision_year": 2022, "collision_ref_no": "010416878", "location_easting_osgr": 529065.0, "location_northing_osgr": 179055.0, "longitude": -0.142163, "latitude": 51.495714, "police_force": 1, "collision_severity": 3, "number_of_vehicles": 1, "number_of_casualties": 1, "date": "17/12/2022", "day_of_week": 7, "time": "00:16:00", "local_authority_district": -1, "local_authority_ons_district": "E09000033", "local_authority_highway": "E09000033", "local_authority_highway_current": "E09000033", "first_road_class": 3, "first_road_number": 202, "road_type": 2, "speed_limit": 20, "junction_detail_historic": 0, "junction_detail": 0, "junction_control": -1, "second_road_class": 0, "second_road_number": -1, "pedestrian_crossing_human_control_historic": 0, "pedestrian_crossing_physical_facilities_historic": 0, "pedestrian_crossing": 0, "light_conditions": 4, "weather_conditions": 1, "road_surface_conditions": 1, "special_conditions_at_site": 0, "carriageway_hazards_historic": 0, "carriageway_hazards": 0, "urban_or_rural_area": 1, "did_police_officer_attend_scene_of_accident": 1, "trunk_road_flag": 2, "lsoa_of_accident_location": "E01004748", "enhanced_severity_collision": -1, "collision_injury_based": 0, "collision_adjusted_severity_serious": 0.0, "collision_adjusted_severity_slight": 1.0, "source": "STATS19", "source_year": "2022", "source_record_id": "CRASH_26487", "matched_u": 14, "matched_v": 15, "match_distance": 3.6240678669364574 }, "geometry": { "type": "Point", "coordinates": [ -0.142163, 51.495714 ] } },
{ "type": "Feature", "properties": { "collision_index": "2022010396071", "collision_year": 2022, "collision_ref_no": "010396071", "location_easting_osgr": 530793.0, "location_northing_osgr": 177843.0, "longitude": -0.117734, "latitude": 51.484426, "police_force": 1, "collision_severity": 3, "number_of_vehicles": 2, "number_of_casualties": 1, "date": "26/08/2022", "day_of_week": 6, "time": "16:30:00", "local_authority_district": -1, "local_authority_ons_district": "E09000022", "local_authority_highway": "E09000022", "local_authority_highway_current": "E09000022", "first_road_class": 3, "first_road_number": 202, "road_type": 6, "speed_limit": 20, "junction_detail_historic": 9, "junction_detail": 19, "junction_control": 9, "second_road_class": 6, "second_road_number": 0, "pedestrian_crossing_human_control_historic": 0, "pedestrian_crossing_physical_facilities_historic": 1, "pedestrian_crossing": 13, "light_conditions": 1, "weather_conditions": 1, "road_surface_conditions": 1, "special_conditions_at_site": 0, "carriageway_hazards_historic": 0, "carriageway_hazards": 0, "urban_or_rural_area": 1, "did_police_officer_attend_scene_of_accident": 3, "trunk_road_flag": 2, "lsoa_of_accident_location": "E01003102", "enhanced_severity_collision": -1, "collision_injury_based": 0, "collision_adjusted_severity_serious": 0.0, "collision_adjusted_severity_slight": 1.0, "source": "STATS19", "source_year": "2022", "source_record_id": "CRASH_26852", "matched_u": 42, "matched_v": 52, "match_distance": 11.381138104945419 }, "geometry": { "type": "Point", "coordinates": [ -0.117734, 51.484426 ] } },
{ "type": "Feature", "properties": { "collision_index": "2022481209159", "collision_year": 2022, "collision_ref_no": "481209159", "location_easting_osgr": 532766.0, "location_northing_osgr": 181014.0, "longitude": -0.088144, "latitude": 51.512462, "police_force": 48, "collision_severity": 3, "number_of_vehicles": 2, "number_of_casualties": 1, "date": "12/04/2022", "day_of_week": 3, "time": "19:57:00", "local_authority_district": -1, "local_authority_ons_district": "E09000001", "local_authority_highway": "E09000001", "local_authority_highway_current": "E09000001", "first_road_class": 6, "first_road_number": 0, "road_type": 6, "speed_limit": 20, "junction_detail_historic": 3, "junction_detail": 13, "junction_control": 4, "second_road_class": 6, "second_road_number": 0, "pedestrian_crossing_human_control_historic": 0, "pedestrian_crossing_physical_facilities_historic": 0, "pedestrian_crossing": 0, "light_conditions": 1, "weather_conditions": 1, "road_surface_conditions": 1, "special_conditions_at_site": 0, "carriageway_hazards_historic": 0, "carriageway_hazards": 0, "urban_or_rural_area": 1, "did_police_officer_attend_scene_of_accident": 1, "trunk_road_flag": 2, "lsoa_of_accident_location": "E01032739", "enhanced_severity_collision": 3, "collision_injury_based": 1, "collision_adjusted_severity_serious": 0.0, "collision_adjusted_severity_slight": 1.0, "source": "STATS19", "source_year": "2022", "source_record_id": "CRASH_27199", "matched_u": 88, "matched_v": 89, "match_distance": 41.460325904341516 }, "geometry": { "type": "Point", "coordinates": [ -0.088144, 51.512462 ] } },
{ "type": "Feature", "properties": { "collision_index": "2022010381823", "collision_year": 2022, "collision_ref_no": "010381823", "location_easting_osgr": 531771.0, "location_northing_osgr": 178626.0, "longitude": -0.103365, "latitude": 51.491235, "police_force": 1, "collision_severity": 2, "number_of_vehicles": 2, "number_of_casualties": 1, "date": "05/06/2022", "day_of_week": 1, "time": "23:15:00", "local_authority_district": -1, "local_authority_ons_district": "E09000028", "local_authority_highway": "E09000028", "local_authority_highway_current": "E09000022", "first_road_class": 3, "first_road_number": 3204, "road_type": 2, "speed_limit": 20, "junction_detail_historic": 6, "junction_detail": 16, "junction_control": 2, "second_road_class": 3, "second_road_number": 3, "pedestrian_crossing_human_control_historic": 2, "pedestrian_crossing_physical_facilities_historic": 9, "pedestrian_crossing": 12, "light_conditions": 4, "weather_conditions": 1, "road_surface_conditions": 1, "special_conditions_at_site": 5, "carriageway_hazards_historic": 9, "carriageway_hazards": 21, "urban_or_rural_area": 1, "did_police_officer_attend_scene_of_accident": 3, "trunk_road_flag": 2, "lsoa_of_accident_location": "E01003110", "enhanced_severity_collision": -1, "collision_injury_based": 0, "collision_adjusted_severity_serious": 1.0, "collision_adjusted_severity_slight": 0.0, "source": "STATS19", "source_year": "2022", "source_record_id": "CRASH_27275", "matched_u": 63, "matched_v": 64, "match_distance": 6.9389149261132834 }, "geometry": { "type": "Point", "coordinates": [ -0.103365, 51.491235 ] } },
{ "type": "Feature", "properties": { "collision_index": "2022010385064", "collision_year": 2022, "collision_ref_no": "010385064", "location_easting_osgr": 532037.0, "location_northing_osgr": 178851.0, "longitude": -0.099452, "latitude": 51.493195, "police_force": 1, "collision_severity": 3, "number_of_vehicles": 1, "number_of_casualties": 1, "date": "25/06/2022", "day_of_week": 7, "time": "15:55:00", "local_authority_district": -1, "local_authority_ons_district": "E09000028", "local_authority_highway": "E09000028", "local_authority_highway_current": "E09000028", "first_road_class": 3, "first_road_number": 215, "road_type": 9, "speed_limit": 20, "junction_detail_historic": 0, "junction_detail": 0, "junction_control": -1, "second_road_class": 0, "second_road_number": -1, "pedestrian_crossing_human_control_historic": 0, "pedestrian_crossing_physical_facilities_historic": 1, "pedestrian_crossing": 13, "light_conditions": 1, "weather_conditions": 1, "road_surface_conditions": 1, "special_conditions_at_site": 0, "carriageway_hazards_historic": 0, "carriageway_hazards": 0, "urban_or_rural_area": 1, "did_police_officer_attend_scene_of_accident": 3, "trunk_road_flag": 2, "lsoa_of_accident_location": "E01032719", "enhanced_severity_collision": -1, "collision_injury_based": 0, "collision_adjusted_severity_serious": 0.0, "collision_adjusted_severity_slight": 1.0, "source": "STATS19", "source_year": "2022", "source_record_id": "CRASH_27276", "matched_u": 64, "matched_v": 74, "match_distance": 29.322529706172645 }, "geometry": { "type": "Point", "coordinates": [ -0.099452, 51.493195 ] } },
{ "type": "Feature", "properties": { "collision_index": "2022010399144", "collision_year": 2022, "collision_ref_no": "010399144", "location_easting_osgr": 530699.0, "location_northing_osgr": 178653.0, "longitude": -0.118787, "latitude": 51.491726, "police_force": 1, "collision_severity": 2, "number_of_vehicles": 2, "number_of_casualties": 1, "date": "13/09/2022", "day_of_week": 3, "time": "08:30:00", "local_authority_district": -1, "local_authority_ons_district": "E09000022", "local_authority_highway": "E09000022", "local_authority_highway_current": "E09000022", "first_road_class": 6, "first_road_number": 0, "road_type": 6, "speed_limit": 30, "junction_detail_historic": 7, "junction_detail": 17, "junction_control": 4, "second_road_class": 6, "second_road_number": 0, "pedestrian_crossing_human_control_historic": 0, "pedestrian_crossing_physical_facilities_historic": 0, "pedestrian_crossing": 0, "light_conditions": 1, "weather_conditions": 1, "road_surface_conditions": 1, "special_conditions_at_site": 0, "carriageway_hazards_historic": 0, "carriageway_hazards": 0, "urban_or_rural_area": 1, "did_police_officer_attend_scene_of_accident": 1, "trunk_road_flag": 2, "lsoa_of_accident_location": "E01003112", "enhanced_severity_collision": -1, "collision_injury_based": 0, "collision_adjusted_severity_serious": 1.0, "collision_adjusted_severity_slight": 0.0, "source": "STATS19", "source_year": "2022", "source_record_id": "CRASH_28117", "matched_u": 43, "matched_v": 44, "match_distance": 5.2072784026622676 }, "geometry": { "type": "Point", "coordinates": [ -0.118787, 51.491726 ] } },
{ "type": "Feature", "properties": { "collision_index": "2022010394468", "collision_year": 2022, "collision_ref_no": "010394468", "location_easting_osgr": 530412.0, "location_northing_osgr": 178307.0, "longitude": -0.123046, "latitude": 51.488683, "police_force": 1, "collision_severity": 3, "number_of_vehicles": 1, "number_of_casualties": 1, "date": "17/08/2022", "day_of_week": 4, "time": "16:21:00", "local_authority_district": -1, "local_authority_ons_district": "E09000022", "local_authority_highway": "E09000022", "local_authority_highway_current": "E09000022", "first_road_class": 3, "first_road_number": 3036, "road_type": 3, "speed_limit": 30, "junction_detail_historic": 3, "junction_detail": 13, "junction_control": 4, "second_road_class": 6, "second_road_number": 0, "pedestrian_crossing_human_control_historic": 0, "pedestrian_crossing_physical_facilities_historic": 0, "pedestrian_crossing": 0, "light_conditions": 1, "weather_conditions": 2, "road_surface_conditions": 2, "special_conditions_at_site": 0, "carriageway_hazards_historic": 0, "carriageway_hazards": 0, "urban_or_rural_area": 1, "did_police_officer_attend_scene_of_accident": 1, "trunk_road_flag": 2, "lsoa_of_accident_location": "E01003109", "enhanced_severity_collision": -1, "collision_injury_based": 0, "collision_adjusted_severity_serious": 0.0, "collision_adjusted_severity_slight": 1.0, "source": "STATS19", "source_year": "2022", "source_record_id": "CRASH_28554", "matched_u": 33, "matched_v": 43, "match_distance": 43.145179959945374 }, "geometry": { "type": "Point", "coordinates": [ -0.123046, 51.488683 ] } },
{ "type": "Feature", "properties": { "collision_index": "2022010400707", "collision_year": 2022, "collision_ref_no": "010400707", "location_easting_osgr": 532265.0, "location_northing_osgr": 180105.0, "longitude": -0.0957, "latitude": 51.504411, "police_force": 1, "collision_severity": 3, "number_of_vehicles": 1, "number_of_casualties": 2, "date": "22/09/2022", "day_of_week": 5, "time": "17:21:00", "local_authority_district": -1, "local_authority_ons_district": "E09000028", "local_authority_highway": "E09000028", "local_authority_highway_current": "E09000028", "first_road_class": 3, "first_road_number": 300, "road_type": 6, "speed_limit": 20, "junction_detail_historic": 8, "junction_detail": 18, "junction_control": 1, "second_road_class": 6, "second_road_number": 0, "pedestrian_crossing_human_control_historic": 0, "pedestrian_crossing_physical_facilities_historic": 1, "pedestrian_crossing": 13, "light_conditions": 1, "weather_conditions": 1, "road_surface_conditions": 1, "special_conditions_at_site": 0, "carriageway_hazards_historic": 2, "carriageway_hazards": 17, "urban_or_rural_area": 1, "did_police_officer_attend_scene_of_accident": 1, "trunk_road_flag": 2, "lsoa_of_accident_location": "E01003935", "enhanced_severity_collision": -1, "collision_injury_based": 0, "collision_adjusted_severity_serious": 0.0, "collision_adjusted_severity_slight": 1.0, "source": "STATS19", "source_year": "2022", "source_record_id": "CRASH_28979", "matched_u": 76, "matched_v": 77, "match_distance": 18.132708166993329 }, "geometry": { "type": "Point", "coordinates": [ -0.0957, 51.504411 ] } },
{ "type": "Feature", "properties": { "collision_index": "2022010380658", "collision_year": 2022, "collision_ref_no": "010380658", "location_easting_osgr": 529450.0, "location_northing_osgr": 181293.0, "longitude": -0.1358, "latitude": 51.515738, "police_force": 1, "collision_severity": 3, "number_of_vehicles": 1, "number_of_casualties": 1, "date": "05/06/2022", "day_of_week": 1, "time": "17:55:00", "local_authority_district": -1, "local_authority_ons_district": "E09000033", "local_authority_highway": "E09000033", "local_authority_highway_current": "E09000033", "first_road_class": 3, "first_road_number": 40, "road_type": 6, "speed_limit": 20, "junction_detail_historic": 6, "junction_detail": 16, "junction_control": 2, "second_road_class": 5, "second_road_number": 0, "pedestrian_crossing_human_control_historic": 0, "pedestrian_crossing_physical_facilities_historic": 0, "pedestrian_crossing": 0, "light_conditions": 1, "weather_conditions": 8, "road_surface_conditions": 1, "special_conditions_at_site": 0, "carriageway_hazards_historic": 0, "carriageway_hazards": 0, "urban_or_rural_area": 1, "did_police_officer_attend_scene_of_accident": 1, "trunk_road_flag": 2, "lsoa_of_accident_location": "E01004763", "enhanced_severity_collision": -1, "collision_injury_based": 0, "collision_adjusted_severity_serious": 0.0, "collision_adjusted_severity_slight": 1.0, "source": "STATS19", "source_year": "2022", "source_record_id": "CRASH_28991", "matched_u": 19, "matched_v": 29, "match_distance": 36.790406441316009 }, "geometry": { "type": "Point", "coordinates": [ -0.1358, 51.515738 ] } },
{ "type": "Feature", "properties": { "collision_index": "2022010402837", "collision_year": 2022, "collision_ref_no": "010402837", "location_easting_osgr": 530625.0, "location_northing_osgr": 180911.0, "longitude": -0.119017, "latitude": 51.512035, "police_force": 1, "collision_severity": 3, "number_of_vehicles": 2, "number_of_casualties": 1, "date": "03/10/2022", "day_of_week": 2, "time": "10:20:00", "local_authority_district": -1, "local_authority_ons_district": "E09000033", "local_authority_highway": "E09000033", "local_authority_highway_current": "E09000033", "first_road_class": 3, "first_road_number": 4, "road_type": 3, "speed_limit": 20, "junction_detail_historic": 3, "junction_detail": 13, "junction_control": 2, "second_road_class": 6, "second_road_number": 0, "pedestrian_crossing_human_control_historic": 9, "pedestrian_crossing_physical_facilities_historic": 4, "pedestrian_crossing": 14, "light_conditions": 1, "weather_conditions": 1, "road_surface_conditions": 1, "special_conditions_at_site": 0, "carriageway_hazards_historic": 0, "carriageway_hazards": 0, "urban_or_rural_area": 1, "did_police_officer_attend_scene_of_accident": 3, "trunk_road_flag": 2, "lsoa_of_accident_location": "E01004735", "enhanced_severity_collision": -1, "collision_injury_based": 0, "collision_adjusted_severity_serious": 0.0, "collision_adjusted_severity_slight": 1.0, "source": "STATS19", "source_year": "2022", "source_record_id": "CRASH_29459", "matched_u": 48, "matched_v": 49, "match_distance": 20.396204479788143 }, "geometry": { "type": "Point", "coordinates": [ -0.119017, 51.512035 ] } },
{ "type": "Feature", "properties": { "collision_index": "2022010408036", "collision_year": 2022, "collision_ref_no": "010408036", "location_easting_osgr": 533267.0, "location_northing_osgr": 179406.0, "longitude": -0.081535, "latitude": 51.497894, "police_force": 1, "collision_severity": 2, "number_of_vehicles": 2, "number_of_casualties": 1, "date": "02/11/2022", "day_of_week": 4, "time": "17:50:00", "local_authority_district": -1, "local_authority_ons_district": "E09000028", "local_authority_highway": "E09000028", "local_authority_highway_current": "E09000028", "first_road_class": 3, "first_road_number": 2198, "road_type": 6, "speed_limit": 20, "junction_detail_historic": 6, "junction_detail": 16, "junction_control": 4, "second_road_class": 3, "second_road_number": 2205, "pedestrian_crossing_human_control_historic": 0, "pedestrian_crossing_physical_facilities_historic": 1, "pedestrian_crossing": 13, "light_conditions": 4, "weather_conditions": 1, "road_surface_conditions": 1, "special_conditions_at_site": 0, "carriageway_hazards_historic": 0, "carriageway_hazards": 0, "urban_or_rural_area": 1, "did_police_officer_attend_scene_of_accident": 1, "trunk_road_flag": 2, "lsoa_of_accident_location": "E01003941", "enhanced_severity_collision": -1, "collision_injury_based": 0, "collision_adjusted_severity_serious": 1.0, "collision_adjusted_severity_slight": 0.0, "source": "STATS19", "source_year": "2022", "source_record_id": "CRASH_29853", "matched_u": 85, "matched_v": 95, "match_distance": 17.940987315960228 }, "geometry": { "type": "Point", "coordinates": [ -0.081535, 51.497894 ] } },
{ "type": "Feature", "properties": { "collision_index": "2022010407817", "collision_year": 2022, "collision_ref_no": "010407817", "location_easting_osgr": 529526.0, "location_northing_osgr": 178286.0, "longitude": -0.135808, "latitude": 51.488698, "police_force": 1, "collision_severity": 2, "number_of_vehicles": 1, "number_of_casualties": 1, "date": "01/11/2022", "day_of_week": 3, "time": "12:15:00", "local_authority_district": -1, "local_authority_ons_district": "E09000033", "local_authority_highway": "E09000033", "local_authority_highway_current": "E09000033", "first_road_class": 5, "first_road_number": 0, "road_type": 2, "speed_limit": 20, "junction_detail_historic": 6, "junction_detail": 16, "junction_control": 3, "second_road_class": 6, "second_road_number": 0, "pedestrian_crossing_human_control_historic": 0, "pedestrian_crossing_physical_facilities_historic": 4, "pedestrian_crossing": 14, "light_conditions": 1, "weather_conditions": 1, "road_surface_conditions": 1, "special_conditions_at_site": 0, "carriageway_hazards_historic": 2, "carriageway_hazards": 17, "urban_or_rural_area": 1, "did_police_officer_attend_scene_of_accident": 1, "trunk_road_flag": 2, "lsoa_of_accident_location": "E01004741", "enhanced_severity_collision": -1, "collision_injury_based": 0, "collision_adjusted_severity_serious": 1.0, "collision_adjusted_severity_slight": 0.0, "source": "STATS19", "source_year": "2022", "source_record_id": "CRASH_29859", "matched_u": 13, "matched_v": 23, "match_distance": 40.463511064648621 }, "geometry": { "type": "Point", "coordinates": [ -0.135808, 51.488698 ] } },
{ "type": "Feature", "properties": { "collision_index": "2022010391969", "collision_year": 2022, "collision_ref_no": "010391969", "location_easting_osgr": 529615.0, "location_northing_osgr": 177624.0, "longitude": -0.13477, "latitude": 51.482728, "police_force": 1, "collision_severity": 3, "number_of_vehicles": 2, "number_of_casualties": 1, "date": "03/08/2022", "day_of_week": 4, "time": "17:45:00", "local_authority_district": -1, "local_authority_ons_district": "E09000032", "local_authority_highway": "E09000032", "local_authority_highway_current": "E09000032", "first_road_class": 3, "first_road_number": 3205, "road_type": 6, "speed_limit": 30, "junction_detail_historic": 0, "junction_detail": 0, "junction_control": -1, "second_road_class": 0, "second_road_number": -1, "pedestrian_crossing_human_control_historic": 0, "pedestrian_crossing_physical_facilities_historic": 4, "pedestrian_crossing": 14, "light_conditions": 1, "weather_conditions": 1, "road_surface_conditions": 1, "special_conditions_at_site": 0, "carriageway_hazards_historic": 0, "carriageway_hazards": 0, "urban_or_rural_area": 1, "did_police_officer_attend_scene_of_accident": 3, "trunk_road_flag": 2, "lsoa_of_accident_location": "E01004562", "enhanced_severity_collision": -1, "collision_injury_based": 0, "collision_adjusted_severity_serious": 0.0, "collision_adjusted_severity_slight": 1.0, "source": "STATS19", "source_year": "2022", "source_record_id": "CRASH_31513", "matched_u": 21, "matched_v": 22, "match_distance": 45.096762603583564 }, "geometry": { "type": "Point", "coordinates": [ -0.13477, 51.482728 ] } },
{ "type": "Feature", "properties": { "collision_index": "2022010396430", "collision_year": 2022, "collision_ref_no": "010396430", "location_easting_osgr": 532290.0, "location_northing_osgr": 178365.0, "longitude": -0.095991, "latitude": 51.488769, "police_force": 1, "collision_severity": 2, "number_of_vehicles": 2, "number_of_casualties": 1, "date": "28/08/2022", "day_of_week": 1, "time": "22:55:00", "local_authority_district": -1, "local_authority_ons_district": "E09000028", "local_authority_highway": "E09000028", "local_authority_highway_current": "E09000028", "first_road_class": 3, "first_road_number": 215, "road_type": 3, "speed_limit": 30, "junction_detail_historic": 0, "junction_detail": 0, "junction_control": -1, "second_road_class": 0, "second_road_number": -1, "pedestrian_crossing_human_control_historic": 0, "pedestrian_crossing_physical_facilities_historic": 5, "pedestrian_crossing": 15, "light_conditions": 4, "weather_conditions": 1, "road_surface_conditions": 1, "special_conditions_at_site": 0, "carriageway_hazards_historic": 0, "carriageway_hazards": 0, "urban_or_rural_area": 1, "did_police_officer_attend_scene_of_accident": 1, "trunk_road_flag": 2, "lsoa_of_accident_location": "E01032722", "enhanced_severity_collision": -1, "collision_injury_based": 0, "collision_adjusted_severity_serious": 1.0, "collision_adjusted_severity_slight": 0.0, "source": "STATS19", "source_year": "2022", "source_record_id": "CRASH_31950", "matched_u": 63, "matched_v": 73, "match_distance": 27.77026633173227 }, "geometry": { "type": "Point", "coordinates": [ -0.095991, 51.488769 ] } },
{ "type": "Feature", "properties": { "collision_index": "2022010413259", "collision_year": 2022, "collision_ref_no": "010413259", "location_easting_osgr": 532780.0, "location_northing_osgr": 180359.0, "longitude": -0.088188, "latitude": 51.506573, "police_force": 1, "collision_severity": 3, "number_of_vehicles": 1, "number_of_casualties": 1, "date": "28/11/2022", "day_of_week": 2, "time": "12:45:00", "local_authority_district": -1, "local_authority_ons_district": "E09000028", "local_authority_highway": "E09000028", "local_authority_highway_current": "E09000028", "first_road_class": 3, "first_road_number": 3, "road_type": 6, "speed_limit": 20, "junction_detail_historic": 3, "junction_detail": 13, "junction_control": 2, "second_road_class": 6, "second_road_number": 0, "pedestrian_crossing_human_control_historic": 0, "pedestrian_crossing_physical_facilities_historic": 4, "pedestrian_crossing": 14, "light_conditions": 1, "weather_conditions": 2, "road_surface_conditions": 2, "special_conditions_at_site": 0, "carriageway_hazards_historic": 0, "carriageway_hazards": 0, "urban_or_rural_area": 1, "did_police_officer_attend_scene_of_accident": 1, "trunk_road_flag": 2, "lsoa_of_accident_location": "E01003929", "enhanced_severity_collision": -1, "collision_injury_based": 0, "collision_adjusted_severity_serious": 0.0, "collision_adjusted_severity_slight": 1.0, "source": "STATS19", "source_year": "2022", "source_record_id": "CRASH_31954", "matched_u": 77, "matched_v": 87, "match_distance": 16.096343268640339 }, "geometry": { "type": "Point", "coordinates": [ -0.088188, 51.506573 ] } },
{ "type": "Feature", "properties": { "collision_index": "2022010398608", "collision_year": 2022, "collision_ref_no": "010398608", "location_easting_osgr": 532284.0, "location_northing_osgr": 178363.0, "longitude": -0.096079, "latitude": 51.488752, "police_force": 1, "collision_severity": 3, "number_of_vehicles": 2, "number_of_casualties": 1, "date": "10/09/2022", "day_of_week": 7, "time": "12:02:00", "local_authority_district": -1, "local_authority_ons_district": "E09000028", "local_authority_highway": "E09000028", "local_authority_highway_current": "E09000028", "first_road_class": 3, "first_road_number": 215, "road_type": 6, "speed_limit": 30, "junction_detail_historic": 0, "junction_detail": 0, "junction_control": -1, "second_road_class": 0, "second_road_number": -1, "pedestrian_crossing_human_control_historic": 9, "pedestrian_crossing_physical_facilities_historic": 9, "pedestrian_crossing": 99, "light_conditions": 1, "weather_conditions": 1, "road_surface_conditions": 1, "special_conditions_at_site": 0, "carriageway_hazards_historic": 0, "carriageway_hazards": 0, "urban_or_rural_area": 1, "did_police_officer_attend_scene_of_accident": 3, "trunk_road_flag": 2, "lsoa_of_accident_location": "E01003994", "enhanced_severity_collision": -1, "collision_injury_based": 0, "collision_adjusted_severity_serious": 0.0, "collision_adjusted_severity_slight": 1.0, "source": "STATS19", "source_year": "2022", "source_record_id": "CRASH_32385", "matched_u": 63, "matched_v": 73, "match_distance": 30.809495744295415 }, "geometry": { "type": "Point", "coordinates": [ -0.096079, 51.488752 ] } },
{ "type": "Feature", "properties": { "collision_index": "2022010357098", "collision_year": 2022, "collision_ref_no": "010357098", "location_easting_osgr": 528613.0, "location_northing_osgr": 181736.0, "longitude": -0.147694, "latitude": 51.519911, "police_force": 1, "collision_severity": 3, "number_of_vehicles": 1, "number_of_casualties": 1, "date": "27/01/2022", "day_of_week": 5, "time": "18:15:00", "local_authority_district": -1, "local_authority_ons_district": "E09000033", "local_authority_highway": "E09000033", "local_authority_highway_current": "E09000033", "first_road_class": 5, "first_road_number": 0, "road_type": 2, "speed_limit": 20, "junction_detail_historic": 0, "junction_detail": 0, "junction_control": -1, "second_road_class": 0, "second_road_number": -1, "pedestrian_crossing_human_control_historic": 0, "pedestrian_crossing_physical_facilities_historic": 0, "pedestrian_crossing": 0, "light_conditions": 4, "weather_conditions": 1, "road_surface_conditions": 1, "special_conditions_at_site": 0, "carriageway_hazards_historic": 0, "carriageway_hazards": 0, "urban_or_rural_area": 1, "did_police_officer_attend_scene_of_accident": 1, "trunk_road_flag": 2, "lsoa_of_accident_location": "E01004713", "enhanced_severity_collision": -1, "collision_injury_based": 0, "collision_adjusted_severity_serious": 0.0, "collision_adjusted_severity_slight": 1.0, "source": "STATS19", "source_year": "2022", "source_record_id": "CRASH_32403", "matched_u": 10, "matched_v": 20, "match_distance": 10.018431697040795 }, "geometry": { "type": "Point", "coordinates": [ -0.147694, 51.519911 ] } },
{ "type": "Feature", "properties": { "collision_index": "2022481232141", "collision_year": 2022, "collision_ref_no": "481232141", "location_easting_osgr": 533311.0, "location_northing_osgr": 180600.0, "longitude": -0.080451, "latitude": 51.508614, "police_force": 48, "collision_severity": 2, "number_of_vehicles": 2, "number_of_casualties": 1, "date": "21/05/2022", "day_of_week": 7, "time": "17:09:00", "local_authority_district": -1, "local_authority_ons_district": "E09000001", "local_authority_highway": "E09000001", "local_authority_highway_current": "E09000001", "first_road_class": 6, "first_road_number": 0, "road_type": 6, "speed_limit": 20, "junction_detail_historic": 3, "junction_detail": 13, "junction_control": 4, "second_road_class": 6, "second_road_number": 0, "pedestrian_crossing_human_control_historic": 0, "pedestrian_crossing_physical_facilities_historic": 0, "pedestrian_crossing": 0, "light_conditions": 1, "weather_conditions": 1, "road_surface_conditions": 1, "special_conditions_at_site": 0, "carriageway_hazards_historic": 0, "carriageway_hazards": 0, "urban_or_rural_area": 1, "did_police_officer_attend_scene_of_accident": 1, "trunk_road_flag": 2, "lsoa_of_accident_location": "E01032739", "enhanced_severity_collision": 7, "collision_injury_based": 1, "collision_adjusted_severity_serious": 1.0, "collision_adjusted_severity_slight": 0.0, "source": "STATS19", "source_year": "2022", "source_record_id": "CRASH_32729", "matched_u": 97, "matched_v": 98, "match_distance": 49.537173403006818 }, "geometry": { "type": "Point", "coordinates": [ -0.080451, 51.508614 ] } },
{ "type": "Feature", "properties": { "collision_index": "2022010369317", "collision_year": 2022, "collision_ref_no": "010369317", "location_easting_osgr": 528587.0, "location_northing_osgr": 177670.0, "longitude": -0.149549, "latitude": 51.483376, "police_force": 1, "collision_severity": 2, "number_of_vehicles": 2, "number_of_casualties": 1, "date": "04/04/2022", "day_of_week": 2, "time": "17:29:00", "local_authority_district": -1, "local_authority_ons_district": "E09000032", "local_authority_highway": "E09000032", "local_authority_highway_current": "E09000032", "first_road_class": 3, "first_road_number": 3216, "road_type": 6, "speed_limit": 20, "junction_detail_historic": 0, "junction_detail": 0, "junction_control": -1, "second_road_class": 0, "second_road_number": -1, "pedestrian_crossing_human_control_historic": 0, "pedestrian_crossing_physical_facilities_historic": 5, "pedestrian_crossing": 15, "light_conditions": 1, "weather_conditions": 1, "road_surface_conditions": 1, "special_conditions_at_site": 0, "carriageway_hazards_historic": 0, "carriageway_hazards": 0, "urban_or_rural_area": 1, "did_police_officer_attend_scene_of_accident": 3, "trunk_road_flag": 2, "lsoa_of_accident_location": "E01033098", "enhanced_severity_collision": -1, "collision_injury_based": 0, "collision_adjusted_severity_serious": 1.0, "collision_adjusted_severity_slight": 0.0, "source": "STATS19", "source_year": "2022", "source_record_id": "CRASH_32824", "matched_u": 1, "matched_v": 2, "match_distance": 38.627863305271603 }, "geometry": { "type": "Point", "coordinates": [ -0.149549, 51.483376 ] } },
{ "type": "Feature", "properties": { "collision_index": "2022010394018", "collision_year": 2022, "collision_ref_no": "010394018", "location_easting_osgr": 529633.0, "location_northing_osgr": 177637.0, "longitude": -0.134506, "latitude": 51.482841, "police_force": 1, "collision_severity": 3, "number_of_vehicles": 2, "number_of_casualties": 1, "date": "14/08/2022", "day_of_week": 1, "time": "21:58:00", "local_authority_district": -1, "local_authority_ons_district": "E09000032", "local_authority_highway": "E09000032", "local_authority_highway_current": "E09000032", "first_road_class": 3, "first_road_number": 3205, "road_type": 6, "speed_limit": 20, "junction_detail_historic": 3, "junction_detail": 13, "junction_control": 4, "second_road_class": 6, "second_road_number": 0, "pedestrian_crossing_human_control_historic": 0, "pedestrian_crossing_physical_facilities_historic": 4, "pedestrian_crossing": 14, "light_conditions": 4, "weather_conditions": 1, "road_surface_conditions": 1, "special_conditions_at_site": 0, "carriageway_hazards_historic": 0, "carriageway_hazards": 0, "urban_or_rural_area": 1, "did_police_officer_attend_scene_of_accident": 1, "trunk_road_flag": 2, "lsoa_of_accident_location": "E01004562", "enhanced_severity_collision": -1, "collision_injury_based": 0, "collision_adjusted_severity_serious": 0.0, "collision_adjusted_severity_slight": 1.0, "source": "STATS19", "source_year": "2022", "source_record_id": "CRASH_32826", "matched_u": 21, "matched_v": 22, "match_distance": 15.708417034156808 }, "geometry": { "type": "Point", "coordinates": [ -0.134506, 51.482841 ] } },
{ "type": "Feature", "properties": { "collision_index": "2022010376064", "collision_year": 2022, "collision_ref_no": "010376064", "location_easting_osgr": 530607.0, "location_northing_osgr": 180832.0, "longitude": -0.119305, "latitude": 51.51133, "police_force": 1, "collision_severity": 2, "number_of_vehicles": 2, "number_of_casualties": 1, "date": "12/05/2022", "day_of_week": 5, "time": "23:37:00", "local_authority_district": -1, "local_authority_ons_district": "E09000033", "local_authority_highway": "E09000033", "local_authority_highway_current": "E09000033", "first_road_class": 3, "first_road_number": 4, "road_type": 6, "speed_limit": 20, "junction_detail_historic": 3, "junction_detail": 13, "junction_control": 2, "second_road_class": 4, "second_road_number": 401, "pedestrian_crossing_human_control_historic": 0, "pedestrian_crossing_physical_facilities_historic": 1, "pedestrian_crossing": 13, "light_conditions": 4, "weather_conditions": 1, "road_surface_conditions": 1, "special_conditions_at_site": 0, "carriageway_hazards_historic": 0, "carriageway_hazards": 0, "urban_or_rural_area": 1, "did_police_officer_attend_scene_of_accident": 1, "trunk_road_flag": 2, "lsoa_of_accident_location": "E01004735", "enhanced_severity_collision": -1, "collision_injury_based": 0, "collision_adjusted_severity_serious": 1.0, "collision_adjusted_severity_slight": 0.0, "source": "STATS19", "source_year": "2022", "source_record_id": "CRASH_33223", "matched_u": 38, "matched_v": 48, "match_distance": 41.556603796780102 }, "geometry": { "type": "Point", "coordinates": [ -0.119305, 51.51133 ] } },
{ "type": "Feature", "properties": { "collision_index": "2022010354787", "collision_year": 2022, "collision_ref_no": "010354787", "location_easting_osgr": 528516.0, "location_northing_osgr": 179826.0, "longitude": -0.149787, "latitude": 51.502768, "police_force": 1, "collision_severity": 3, "number_of_vehicles": 2, "number_of_casualties": 1, "date": "14/01/2022", "day_of_week": 6, "time": "19:48:00", "local_authority_district": -1, "local_authority_ons_district": "E09000033", "local_authority_highway": "E09000033", "local_authority_highway_current": "E09000033", "first_road_class": 3, "first_road_number": 4, "road_type": 1, "speed_limit": 30, "junction_detail_historic": 1, "junction_detail": 0, "junction_control": 2, "second_road_class": 5, "second_road_number": 0, "pedestrian_crossing_human_control_historic": 0, "pedestrian_crossing_physical_facilities_historic": 5, "pedestrian_crossing": 15, "light_conditions": 4, "weather_conditions": 1, "road_surface_conditions": 1, "special_conditions_at_site": 0, "carriageway_hazards_historic": 0, "carriageway_hazards": 0, "urban_or_rural_area": 1, "did_police_officer_attend_scene_of_accident": 3, "trunk_road_flag": 2, "lsoa_of_accident_location": "E01004736", "enhanced_severity_collision": -1, "collision_injury_based": 0, "collision_adjusted_severity_serious": 0.0, "collision_adjusted_severity_slight": 1.0, "source": "STATS19", "source_year": "2022", "source_record_id": "CRASH_33659", "matched_u": 6, "matched_v": 7, "match_distance": 12.133824496468153 }, "geometry": { "type": "Point", "coordinates": [ -0.149787, 51.502768 ] } },
{ "type": "Feature", "properties": { "collision_index": "2022010392560", "collision_year": 2022, "collision_ref_no": "010392560", "location_easting_osgr": 530494.0, "location_northing_osgr": 181321.0, "longitude": -0.120752, "latitude": 51.51575, "police_force": 1, "collision_severity": 3, "number_of_vehicles": 1, "number_of_casualties": 1, "date": "07/08/2022", "day_of_week": 1, "time": "00:42:00", "local_authority_district": -1, "local_authority_ons_district": "E09000007", "local_authority_highway": "E09000007", "local_authority_highway_current": "E09000007", "first_road_class": 4, "first_road_number": 402, "road_type": 6, "speed_limit": 30, "junction_detail_historic": 3, "junction_detail": 13, "junction_control": 4, "second_road_class": 6, "second_road_number": 0, "pedestrian_crossing_human_control_historic": 0, "pedestrian_crossing_physical_facilities_historic": 0, "pedestrian_crossing": 0, "light_conditions": 4, "weather_conditions": 1, "road_surface_conditions": 2, "special_conditions_at_site": 0, "carriageway_hazards_historic": 0, "carriageway_hazards": 0, "urban_or_rural_area": 1, "did_police_officer_attend_scene_of_accident": 1, "trunk_road_flag": 2, "lsoa_of_accident_location": "E01000918", "enhanced_severity_collision": -1, "collision_injury_based": 0, "collision_adjusted_severity_serious": 0.0, "collision_adjusted_severity_slight": 1.0, "source": "STATS19", "source_year": "2022", "source_record_id": "CRASH_34005", "matched_u": 39, "matched_v": 49, "match_distance": 38.937015512026839 }, "geometry": { "type": "Point", "coordinates": [ -0.120752, 51.51575 ] } },
{ "type": "Feature", "properties": { "collision_index": "2022010395075", "collision_year": 2022, "collision_ref_no": "010395075", "location_easting_osgr": 532346.0, "location_northing_osgr": 178175.0, "longitude": -0.095256, "latitude": 51.487048, "police_force": 1, "collision_severity": 3, "number_of_vehicles": 2, "number_of_casualties": 1, "date": "20/08/2022", "day_of_week": 7, "time": "23:40:00", "local_authority_district": -1, "local_authority_ons_district": "E09000028", "local_authority_highway": "E09000028", "local_authority_highway_current": "E09000028", "first_road_class": 6, "first_road_number": 0, "road_type": 6, "speed_limit": 20, "junction_detail_historic": 3, "junction_detail": 13, "junction_control": 4, "second_road_class": 3, "second_road_number": 215, "pedestrian_crossing_human_control_historic": 0, "pedestrian_crossing_physical_facilities_historic": 0, "pedestrian_crossing": 0, "light_conditions": 4, "weather_conditions": 1, "road_surface_conditions": 1, "special_conditions_at_site": 0, "carriageway_hazards_historic": 0, "carriageway_hazards": 0, "urban_or_rural_area": 1, "did_police_officer_attend_scene_of_accident": 1, "trunk_road_flag": 2, "lsoa_of_accident_location": "E01003994", "enhanced_severity_collision": -1, "collision_injury_based": 0, "collision_adjusted_severity_serious": 0.0, "collision_adjusted_severity_slight": 1.0, "source": "STATS19", "source_year": "2022", "source_record_id": "CRASH_34451", "matched_u": 72, "matched_v": 73, "match_distance": 31.29314574521959 }, "geometry": { "type": "Point", "coordinates": [ -0.095256, 51.487048 ] } },
{ "type": "Feature", "properties": { "collision_index": "2022010418774", "collision_year": 2022, "collision_ref_no": "010418774", "location_easting_osgr": 529651.0, "location_northing_osgr": 179323.0, "longitude": -0.133628, "latitude": 51.497989, "police_force": 1, "collision_severity": 3, "number_of_vehicles": 2, "number_of_casualties": 1, "date": "28/12/2022", "day_of_week": 4, "time": "19:16:00", "local_authority_district": -1, "local_authority_ons_district": "E09000033", "local_authority_highway": "E09000033", "local_authority_highway_current": "E09000033", "first_road_class": 3, "first_road_number": 302, "road_type": 3, "speed_limit": 20, "junction_detail_historic": 6, "junction_detail": 16, "junction_control": 4, "second_road_class": 3, "second_road_number": 302, "pedestrian_crossing_human_control_historic": 9, "pedestrian_crossing_physical_facilities_historic": 9, "pedestrian_crossing": 99, "light_conditions": 4, "weather_conditions": 2, "road_surface_conditions": 2, "special_conditions_at_site": 9, "carriageway_hazards_historic": 9, "carriageway_hazards": 99, "urban_or_rural_area": 1, "did_police_officer_attend_scene_of_accident": 3, "trunk_road_flag": 2, "lsoa_of_accident_location": "E01004731", "enhanced_severity_collision": -1, "collision_injury_based": 0, "collision_adjusted_severity_serious": 0.0, "collision_adjusted_severity_slight": 1.0, "source": "STATS19", "source_year": "2022", "source_record_id": "CRASH_34472", "matched_u": 25, "matched_v": 35, "match_distance": 34.928337286226451 }, "geometry": { "type": "Point", "coordinates": [ -0.133628, 51.497989 ] } },
{ "type": "Feature", "properties": { "collision_index": "2022010364317", "collision_year": 2022, "collision_ref_no": "010364317", "location_easting_osgr": 529538.0, "location_northing_osgr": 181342.0, "longitude": -0.134514, "latitude": 51.516159, "police_force": 1, "collision_severity": 3, "number_of_vehicles": 1, "number_of_casualties": 1, "date": "09/03/2022", "day_of_week": 4, "time": "03:39:00", "local_authority_district": -1, "local_authority_ons_district": "E09000033", "local_authority_highway": "E09000033", "local_authority_highway_current": "E09000033", "first_road_class": 3, "first_road_number": 40, "road_type": 6, "speed_limit": 30, "junction_detail_historic": 3, "junction_detail": 13, "junction_control": 4, "second_road_class": 6, "second_road_number": 0, "pedestrian_crossing_human_control_historic": 0, "pedestrian_crossing_physical_facilities_historic": 0, "pedestrian_crossing": 0, "light_conditions": 4, "weather_conditions": 1, "road_surface_conditions": 1, "special_conditions_at_site": 0, "carriageway_hazards_historic": 0, "carriageway_hazards": 0, "urban_or_rural_area": 1, "did_police_officer_attend_scene_of_accident": 1, "trunk_road_flag": 2, "lsoa_of_accident_location": "E01004763", "enhanced_severity_collision": -1, "collision_injury_based": 0, "collision_adjusted_severity_serious": 0.0, "collision_adjusted_severity_slight": 1.0, "source": "STATS19", "source_year": "2022", "source_record_id": "CRASH_34896", "matched_u": 29, "matched_v": 30, "match_distance": 16.598972960506217 }, "geometry": { "type": "Point", "coordinates": [ -0.134514, 51.516159 ] } },
{ "type": "Feature", "properties": { "collision_index": "2022010368881", "collision_year": 2022, "collision_ref_no": "010368881", "location_easting_osgr": 530098.0, "location_northing_osgr": 180203.0, "longitude": -0.126868, "latitude": 51.505794, "police_force": 1, "collision_severity": 3, "number_of_vehicles": 1, "number_of_casualties": 1, "date": "02/04/2022", "day_of_week": 7, "time": "12:55:00", "local_authority_district": -1, "local_authority_ons_district": "E09000033", "local_authority_highway": "E09000033", "local_authority_highway_current": "E09000033", "first_road_class": 3, "first_road_number": 3212, "road_type": 3, "speed_limit": 20, "junction_detail_historic": 0, "junction_detail": 0, "junction_control": -1, "second_road_class": 0, "second_road_number": -1, "pedestrian_crossing_human_control_historic": 0, "pedestrian_crossing_physical_facilities_historic": 0, "pedestrian_crossing": 0, "light_conditions": 1, "weather_conditions": 1, "road_surface_conditions": 1, "special_conditions_at_site": 0, "carriageway_hazards_historic": 0, "carriageway_hazards": 0, "urban_or_rural_area": 1, "did_police_officer_attend_scene_of_accident": 1, "trunk_road_flag": 2, "lsoa_of_accident_location": "E01004736", "enhanced_severity_collision": -1, "collision_injury_based": 0, "collision_adjusted_severity_serious": 0.0, "collision_adjusted_severity_slight": 1.0, "source": "STATS19", "source_year": "2022", "source_record_id": "CRASH_34898", "matched_u": 36, "matched_v": 37, "match_distance": 29.907836526459509 }, "geometry": { "type": "Point", "coordinates": [ -0.126868, 51.505794 ] } },
{ "type": "Feature", "properties": { "collision_index": "2022010405375", "collision_year": 2022, "collision_ref_no": "010405375", "location_easting_osgr": 530062.0, "location_northing_osgr": 181437.0, "longitude": -0.126932, "latitude": 51.516892, "police_force": 1, "collision_severity": 3, "number_of_vehicles": 2, "number_of_casualties": 1, "date": "19/10/2022", "day_of_week": 4, "time": "10:45:00", "local_authority_district": -1, "local_authority_ons_district": "E09000007", "local_authority_highway": "E09000007", "local_authority_highway_current": "E09000007", "first_road_class": 3, "first_road_number": 40, "road_type": 6, "speed_limit": 20, "junction_detail_historic": 6, "junction_detail": 16, "junction_control": 4, "second_road_class": 3, "second_road_number": 400, "pedestrian_crossing_human_control_historic": 2, "pedestrian_crossing_physical_facilities_historic": 5, "pedestrian_crossing": 12, "light_conditions": 1, "weather_conditions": 1, "road_surface_conditions": 1, "special_conditions_at_site": 0, "carriageway_hazards_historic": 0, "carriageway_hazards": 0, "urban_or_rural_area": 1, "did_police_officer_attend_scene_of_accident": 1, "trunk_road_flag": 2, "lsoa_of_accident_location": "E01000919", "enhanced_severity_collision": -1, "collision_injury_based": 0, "collision_adjusted_severity_serious": 0.0, "collision_adjusted_severity_slight": 1.0, "source": "STATS19", "source_year": "2022", "source_record_id": "CRASH_35227", "matched_u": 39, "matched_v": 40, "match_distance": 37.032283937227476 }, "geometry": { "type": "Point", "coordinates": [ -0.126932, 51.516892 ] } },
{ "type": "Feature", "properties": { "collision_index": "2022010395478", "collision_year": 2022, "collision_ref_no": "010395478", "location_easting_osgr": 528465.0, "location_northing_osgr": 181621.0, "longitude": -0.149868, "latitude": 51.518911, "police_force": 1, "collision_severity": 3, "number_of_vehicles": 1, "number_of_casualties": 1, "date": "23/08/2022", "day_of_week": 3, "time": "18:08:00", "local_authority_district": -1, "local_authority_ons_district": "E09000033", "local_authority_highway": "E09000033", "local_authority_highway_current": "E09000033", "first_road_class": 5, "first_road_number": 0, "road_type": 6, "speed_limit": 20, "junction_detail_historic": 3, "junction_detail": 13, "junction_control": 4, "second_road_class": 6, "second_road_number": 0, "pedestrian_crossing_human_control_historic": 0, "pedestrian_crossing_physical_facilities_historic": 1, "pedestrian_crossing": 13, "light_conditions": 1, "weather_conditions": 1, "road_surface_conditions": 1, "special_conditions_at_site": 0, "carriageway_hazards_historic": 0, "carriageway_hazards": 0, "urban_or_rural_area": 1, "did_police_officer_attend_scene_of_accident": 1, "trunk_road_flag": 2, "lsoa_of_accident_location": "E01004714", "enhanced_severity_collision": -1, "collision_injury_based": 0, "collision_adjusted_severity_serious": 0.0, "collision_adjusted_severity_slight": 1.0, "source": "STATS19", "source_year": "2022", "source_record_id": "CRASH_35299", "matched_u": 9, "matched_v": 10, "match_distance": 3.1169457422147393 }, "geometry": { "type": "Point", "coordinates": [ -0.149868, 51.518911 ] } },
{ "type": "Feature", "properties": { "collision_index": "2022010376111", "collision_year": 2022, "collision_ref_no": "010376111", "location_easting_osgr": 528989.0, "location_northing_osgr": 181362.0, "longitude": -0.142414, "latitude": 51.516464, "police_force": 1, "collision_severity": 3, "number_of_vehicles": 2, "number_of_casualties": 1, "date": "13/05/2022", "day_of_week": 6, "time": "10:14:00", "local_authority_district": -1, "local_authority_ons_district": "E09000033", "local_authority_highway": "E09000033", "local_authority_highway_current": "E09000033", "first_road_class": 3, "first_road_number": 4201, "road_type": 6, "speed_limit": 20, "junction_detail_historic": 6, "junction_detail": 16, "junction_control": 2, "second_road_class": 3, "second_road_number": 4201, "pedestrian_crossing_human_control_historic": 0, "pedestrian_crossing_physical_facilities_historic": 0, "pedestrian_crossing": 0, "light_conditions": 1, "weather_conditions": 1, "road_surface_conditions": 1, "special_conditions_at_site": 0, "carriageway_hazards_historic": 0, "carriageway_hazards": 0, "urban_or_rural_area": 1, "did_police_officer_attend_scene_of_accident": 1, "trunk_road_flag": 2, "lsoa_of_accident_location": "E01004765", "enhanced_severity_collision": -1, "collision_injury_based": 0, "collision_adjusted_severity_serious": 0.0, "collision_adjusted_severity_slight": 1.0, "source": "STATS19", "source_year": "2022", "source_record_id": "CRASH_35708", "matched_u": 19, "matched_v": 20, "match_distance": 31.565260056047919 }, "geometry": { "type": "Point", "coordinates": [ -0.142414, 51.516464 ] } },
{ "type": "Feature", "properties": { "collision_index": "2022010386628", "collision_year": 2022, "collision_ref_no": "010386628", "location_easting_osgr": 531234.0, "location_northing_osgr": 178801.0, "longitude": -0.11103, "latitude": 51.492933, "police_force": 1, "collision_severity": 3, "number_of_vehicles": 2, "number_of_casualties": 1, "date": "05/07/2022", "day_of_week": 3, "time": "19:10:00", "local_authority_district": -1, "local_authority_ons_district": "E09000022", "local_authority_highway": "E09000022", "local_authority_highway_current": "E09000022", "first_road_class": 3, "first_road_number": 23, "road_type": 6, "speed_limit": 30, "junction_detail_historic": 3, "junction_detail": 13, "junction_control": 4, "second_road_class": 6, "second_road_number": 0, "pedestrian_crossing_human_control_historic": 0, "pedestrian_crossing_physical_facilities_historic": 0, "pedestrian_crossing": 0, "light_conditions": 1, "weather_conditions": 1, "road_surface_conditions": 1, "special_conditions_at_site": 0, "carriageway_hazards_historic": 0, "carriageway_hazards": 0, "urban_or_rural_area": 1, "did_police_officer_attend_scene_of_accident": 3, "trunk_road_flag": 2, "lsoa_of_accident_location": "E01003015", "enhanced_severity_collision": -1, "collision_injury_based": 0, "collision_adjusted_severity_serious": 0.0, "collision_adjusted_severity_slight": 1.0, "source": "STATS19", "source_year": "2022", "source_record_id": "CRASH_36141", "matched_u": 53, "matched_v": 54, "match_distance": 4.2548783147649374 }, "geometry": { "type": "Point", "coordinates": [ -0.11103, 51.492933 ] } },
{ "type": "Feature", "properties": { "collision_index": "2022010372251", "collision_year": 2022, "collision_ref_no": "010372251", "location_easting_osgr": 530196.0, "location_northing_osgr": 178132.0, "longitude": -0.12622, "latitude": 51.48716, "police_force": 1, "collision_severity": 2, "number_of_vehicles": 2, "number_of_casualties": 1, "date": "22/04/2022", "day_of_week": 6, "time": "20:21:00", "local_authority_district": -1, "local_authority_ons_district": "E09000022", "local_authority_highway": "E09000022", "local_authority_highway_current": "E09000022", "first_road_class": 3, "first_road_number": 202, "road_type": 3, "speed_limit": 30, "junction_detail_historic": 0, "junction_detail": 0, "junction_control": -1, "second_road_class": 0, "second_road_number": -1, "pedestrian_crossing_human_control_historic": 0, "pedestrian_crossing_physical_facilities_historic": 0, "pedestrian_crossing": 0, "light_conditions": 4, "weather_conditions": 4, "road_surface_conditions": 1, "special_conditions_at_site": 0, "carriageway_hazards_historic": 0, "carriageway_hazards": 0, "urban_or_rural_area": 2, "did_police_officer_attend_scene_of_accident": 1, "trunk_road_flag": 2, "lsoa_of_accident_location": "E01033208", "enhanced_severity_collision": -1, "collision_injury_based": 0, "collision_adjusted_severity_serious": 1.0, "collision_adjusted_severity_slight": 0.0, "source": "STATS19", "source_year": "2022", "source_record_id": "CRASH_36566", "matched_u": 32, "matched_v": 33, "match_distance": 42.227193507582342 }, "geometry": { "type": "Point", "coordinates": [ -0.12622, 51.48716 ] } },
{ "type": "Feature", "properties": { "collision_index": "2022010358240", "collision_year": 2022, "collision_ref_no": "010358240", "location_easting_osgr": 530430.0, "location_northing_osgr": 177813.0, "longitude": -0.12297, "latitude": 51.48424, "police_force": 1, "collision_severity": 3, "number_of_vehicles": 2, "number_of_casualties": 1, "date": "27/01/2022", "day_of_week": 5, "time": "00:30:00", "local_authority_district": -1, "local_authority_ons_district": "E09000022", "local_authority_highway": "E09000022", "local_authority_highway_current": "E09000022", "first_road_class": 3, "first_road_number": 203, "road_type": 2, "speed_limit": 30, "junction_detail_historic": 7, "junction_detail": 17, "junction_control": 2, "second_road_class": 3, "second_road_number": 203, "pedestrian_crossing_human_control_historic": 9, "pedestrian_crossing_physical_facilities_historic": 0, "pedestrian_crossing": 0, "light_conditions": 4, "weather_conditions": 1, "road_surface_conditions": 1, "special_conditions_at_site": 9, "carriageway_hazards_historic": 9, "carriageway_hazards": 99, "urban_or_rural_area": 1, "did_police_officer_attend_scene_of_accident": 3, "trunk_road_flag": 2, "lsoa_of_accident_location": "E01003102", "enhanced_severity_collision": -1, "collision_injury_based": 0, "collision_adjusted_severity_serious": 0.0, "collision_adjusted_severity_slight": 1.0, "source": "STATS19", "source_year": "2022", "source_record_id": "CRASH_36979", "matched_u": 32, "matched_v": 42, "match_distance": 44.630654740147286 }, "geometry": { "type": "Point", "coordinates": [ -0.12297, 51.48424 ] } },
{ "type": "Feature", "properties": { "collision_index": "2022010362847", "collision_year": 2022, "collision_ref_no": "010362847", "location_easting_osgr": 529628.0, "location_northing_osgr": 177623.0, "longitude": -0.134583, "latitude": 51.482717, "police_force": 1, "collision_severity": 3, "number_of_vehicles": 2, "number_of_casualties": 1, "date": "28/02/2022", "day_of_week": 2, "time": "21:49:00", "local_authority_district": -1, "local_authority_ons_district": "E09000032", "local_authority_highway": "E09000032", "local_authority_highway_current": "E09000032", "first_road_class": 3, "first_road_number": 3205, "road_type": 6, "speed_limit": 30, "junction_detail_historic": 5, "junction_detail": 0, "junction_control": 4, "second_road_class": 6, "second_road_number": 0, "pedestrian_crossing_human_control_historic": 0, "pedestrian_crossing_physical_facilities_historic": 0, "pedestrian_crossing": 0, "light_conditions": 4, "weather_conditions": 5, "road_surface_conditions": 2, "special_conditions_at_site": 0, "carriageway_hazards_historic": 0, "carriageway_hazards": 0, "urban_or_rural_area": 1, "did_police_officer_attend_scene_of_accident": 1, "trunk_road_flag": 2, "lsoa_of_accident_location": "E01004562", "enhanced_severity_collision": -1, "collision_injury_based": 0, "collision_adjusted_severity_serious": 0.0, "collision_adjusted_severity_slight": 1.0, "source": "STATS19", "source_year": "2022", "source_record_id": "CRASH_37006", "matched_u": 21, "matched_v": 22, "match_distance": 24.280017825241885 }, "geometry": { "type": "Point", "coordinates": [ -0.134583, 51.482717 ] } },
{ "type": "Feature", "properties": { "collision_index": "2022010398127", "collision_year": 2022, "collision_ref_no": "010398127", "location_easting_osgr": 530121.0, "location_northing_osgr": 180123.0, "longitude": -0.126566, "latitude": 51.50507, "police_force": 1, "collision_severity": 3, "number_of_vehicles": 1, "number_of_casualties": 1, "date": "07/09/2022", "day_of_week": 4, "time": "14:30:00", "local_authority_district": -1, "local_authority_ons_district": "E09000033", "local_authority_highway": "E09000033", "local_authority_highway_current": "E09000033", "first_road_class": 3, "first_road_number": 3212, "road_type": 3, "speed_limit": 20, "junction_detail_historic": 3, "junction_detail": 13, "junction_control": 2, "second_road_class": 5, "second_road_number": 0, "pedestrian_crossing_human_control_historic": 0, "pedestrian_crossing_physical_facilities_historic": 5, "pedestrian_crossing": 15, "light_conditions": 1, "weather_conditions": 1, "road_surface_conditions": 1, "special_conditions_at_site": 0, "carriageway_hazards_historic": 0, "carriageway_hazards": 0, "urban_or_rural_area": 1, "did_police_officer_attend_scene_of_accident": 1, "trunk_road_flag": 2, "lsoa_of_accident_location": "E01004736", "enhanced_severity_collision": -1, "collision_injury_based": 0, "collision_adjusted_severity_serious": 0.0, "collision_adjusted_severity_slight": 1.0, "source": "STATS19", "source_year": "2022", "source_record_id": "CRASH_37402", "matched_u": 36, "matched_v": 37, "match_distance": 3.7106496931100992 }, "geometry": { "type": "Point", "coordinates": [ -0.126566, 51.50507 ] } },
{ "type": "Feature", "properties": { "collision_index": "2022010401671", "collision_year": 2022, "collision_ref_no": "010401671", "location_easting_osgr": 531947.0, "location_northing_osgr": 178871.0, "longitude": -0.10074, "latitude": 51.493396, "police_force": 1, "collision_severity": 3, "number_of_vehicles": 2, "number_of_casualties": 1, "date": "26/09/2022", "day_of_week": 2, "time": "21:30:00", "local_authority_district": -1, "local_authority_ons_district": "E09000028", "local_authority_highway": "E09000028", "local_authority_highway_current": "E09000028", "first_road_class": 3, "first_road_number": 3, "road_type": 1, "speed_limit": 30, "junction_detail_historic": 1, "junction_detail": 0, "junction_control": 2, "second_road_class": 3, "second_road_number": 215, "pedestrian_crossing_human_control_historic": 9, "pedestrian_crossing_physical_facilities_historic": 4, "pedestrian_crossing": 14, "light_conditions": 4, "weather_conditions": 2, "road_surface_conditions": 2, "special_conditions_at_site": 0, "carriageway_hazards_historic": 0, "carriageway_hazards": 0, "urban_or_rural_area": 1, "did_police_officer_attend_scene_of_accident": 3, "trunk_road_flag": 2, "lsoa_of_accident_location": "E01003933", "enhanced_severity_collision": -1, "collision_injury_based": 0, "collision_adjusted_severity_serious": 0.0, "collision_adjusted_severity_slight": 1.0, "source": "STATS19", "source_year": "2022", "source_record_id": "CRASH_37822", "matched_u": 64, "matched_v": 74, "match_distance": 6.6154633583500981 }, "geometry": { "type": "Point", "coordinates": [ -0.10074, 51.493396 ] } },
{ "type": "Feature", "properties": { "collision_index": "2022010360816", "collision_year": 2022, "collision_ref_no": "010360816", "location_easting_osgr": 530250.0, "location_northing_osgr": 178795.0, "longitude": -0.125198, "latitude": 51.493106, "police_force": 1, "collision_severity": 3, "number_of_vehicles": 2, "number_of_casualties": 1, "date": "17/02/2022", "day_of_week": 5, "time": "08:11:00", "local_authority_district": -1, "local_authority_ons_district": "E09000033", "local_authority_highway": "E09000033", "local_authority_highway_current": "E09000033", "first_road_class": 3, "first_road_number": 3212, "road_type": 6, "speed_limit": 20, "junction_detail_historic": 3, "junction_detail": 13, "junction_control": 4, "second_road_class": 6, "second_road_number": 0, "pedestrian_crossing_human_control_historic": 0, "pedestrian_crossing_physical_facilities_historic": 0, "pedestrian_crossing": 0, "light_conditions": 1, "weather_conditions": 1, "road_surface_conditions": 1, "special_conditions_at_site": 0, "carriageway_hazards_historic": 0, "carriageway_hazards": 0, "urban_or_rural_area": 1, "did_police_officer_attend_scene_of_accident": 1, "trunk_road_flag": 2, "lsoa_of_accident_location": "E01004745", "enhanced_severity_collision": -1, "collision_injury_based": 0, "collision_adjusted_severity_serious": 0.0, "collision_adjusted_severity_slight": 1.0, "source": "STATS19", "source_year": "2022", "source_record_id": "CRASH_37841", "matched_u": 34, "matched_v": 44, "match_distance": 45.235321793705225 }, "geometry": { "type": "Point", "coordinates": [ -0.125198, 51.493106 ] } },
{ "type": "Feature", "properties": { "collision_index": "2022010378661", "collision_year": 2022, "collision_ref_no": "010378661", "location_easting_osgr": 529509.0, "location_northing_osgr": 181261.0, "longitude": -0.134961, "latitude": 51.515437, "police_force": 1, "collision_severity": 3, "number_of_vehicles": 2, "number_of_casualties": 1, "date": "26/05/2022", "day_of_week": 5, "time": "12:37:00", "local_authority_district": -1, "local_authority_ons_district": "E09000033", "local_authority_highway": "E09000033", "local_authority_highway_current": "E09000033", "first_road_class": 6, "first_road_number": 0, "road_type": 2, "speed_limit": 20, "junction_detail_historic": 0, "junction_detail": 0, "junction_control": -1, "second_road_class": 0, "second_road_number": -1, "pedestrian_crossing_human_control_historic": 0, "pedestrian_crossing_physical_facilities_historic": 0, "pedestrian_crossing": 0, "light_conditions": 1, "weather_conditions": 1, "road_surface_conditions": 1, "special_conditions_at_site": 0, "carriageway_hazards_historic": 0, "carriageway_hazards": 0, "urban_or_rural_area": 1, "did_police_officer_attend_scene_of_accident": 1, "trunk_road_flag": 2, "lsoa_of_accident_location": "E01004763", "enhanced_severity_collision": -1, "collision_injury_based": 0, "collision_adjusted_severity_serious": 0.0, "collision_adjusted_severity_slight": 1.0, "source": "STATS19", "source_year": "2022", "source_record_id": "CRASH_37846", "matched_u": 19, "matched_v": 29, "match_distance": 17.053519409149882 }, "geometry": { "type": "Point", "coordinates": [ -0.134961, 51.515437 ] } },
{ "type": "Feature", "properties": { "collision_index": "2022010398382", "collision_year": 2022, "collision_ref_no": "010398382", "location_easting_osgr": 528509.0, "location_northing_osgr": 179802.0, "longitude": -0.149896, "latitude": 51.502554, "police_force": 1, "collision_severity": 3, "number_of_vehicles": 2, "number_of_casualties": 1, "date": "09/09/2022", "day_of_week": 6, "time": "04:56:00", "local_authority_district": -1, "local_authority_ons_district": "E09000033", "local_authority_highway": "E09000033", "local_authority_highway_current": "E09000033", "first_road_class": 3, "first_road_number": 4, "road_type": 1, "speed_limit": 20, "junction_detail_historic": 1, "junction_detail": 0, "junction_control": 2, "second_road_class": 5, "second_road_number": 0, "pedestrian_crossing_human_control_historic": 0, "pedestrian_crossing_physical_facilities_historic": 0, "pedestrian_crossing": 0, "light_conditions": 4, "weather_conditions": 2, "road_surface_conditions": 2, "special_conditions_at_site": 0, "carriageway_hazards_historic": 0, "carriageway_hazards": 0, "urban_or_rural_area": 1, "did_police_officer_attend_scene_of_accident": 1, "trunk_road_flag": 2, "lsoa_of_accident_location": "E01004736", "enhanced_severity_collision": -1, "collision_injury_based": 0, "collision_adjusted_severity_serious": 0.0, "collision_adjusted_severity_slight": 1.0, "source": "STATS19", "source_year": "2022", "source_record_id": "CRASH_37848", "matched_u": 6, "matched_v": 7, "match_distance": 0.0 }, "geometry": { "type": "Point", "coordinates": [ -0.149896, 51.502554 ] } },
{ "type": "Feature", "properties": { "collision_index": "2022010375853", "collision_year": 2022, "collision_ref_no": "010375853", "location_easting_osgr": 531230.0, "location_northing_osgr": 179904.0, "longitude": -0.110678, "latitude": 51.502846, "police_force": 1, "collision_severity": 3, "number_of_vehicles": 2, "number_of_casualties": 1, "date": "11/05/2022", "day_of_week": 4, "time": "23:20:00", "local_authority_district": -1, "local_authority_ons_district": "E09000022", "local_authority_highway": "E09000022", "local_authority_highway_current": "E09000022", "first_road_class": 3, "first_road_number": 301, "road_type": 3, "speed_limit": 20, "junction_detail_historic": 0, "junction_detail": 0, "junction_control": -1, "second_road_class": 0, "second_road_number": -1, "pedestrian_crossing_human_control_historic": 0, "pedestrian_crossing_physical_facilities_historic": 0, "pedestrian_crossing": 0, "light_conditions": 4, "weather_conditions": 1, "road_surface_conditions": 1, "special_conditions_at_site": 0, "carriageway_hazards_historic": 0, "carriageway_hazards": 0, "urban_or_rural_area": 1, "did_police_officer_attend_scene_of_accident": 1, "trunk_road_flag": 2, "lsoa_of_accident_location": "E01003017", "enhanced_severity_collision": -1, "collision_injury_based": 0, "collision_adjusted_severity_serious": 0.0, "collision_adjusted_severity_slight": 1.0, "source": "STATS19", "source_year": "2022", "source_record_id": "CRASH_38224", "matched_u": 56, "matched_v": 57, "match_distance": 43.439339073996969 }, "geometry": { "type": "Point", "coordinates": [ -0.110678, 51.502846 ] } },
{ "type": "Feature", "properties": { "collision_index": "2022010398484", "collision_year": 2022, "collision_ref_no": "010398484", "location_easting_osgr": 531234.0, "location_northing_osgr": 178562.0, "longitude": -0.111119, "latitude": 51.490785, "police_force": 1, "collision_severity": 3, "number_of_vehicles": 2, "number_of_casualties": 1, "date": "08/09/2022", "day_of_week": 5, "time": "23:00:00", "local_authority_district": -1, "local_authority_ons_district": "E09000022", "local_authority_highway": "E09000022", "local_authority_highway_current": "E09000022", "first_road_class": 3, "first_road_number": 23, "road_type": 6, "speed_limit": 20, "junction_detail_historic": 99, "junction_detail": -1, "junction_control": 9, "second_road_class": 6, "second_road_number": 0, "pedestrian_crossing_human_control_historic": 9, "pedestrian_crossing_physical_facilities_historic": 0, "pedestrian_crossing": 0, "light_conditions": 7, "weather_conditions": 9, "road_surface_conditions": 9, "special_conditions_at_site": 0, "carriageway_hazards_historic": 0, "carriageway_hazards": 0, "urban_or_rural_area": 1, "did_police_officer_attend_scene_of_accident": 3, "trunk_road_flag": 2, "lsoa_of_accident_location": "E01003111", "enhanced_severity_collision": -1, "collision_injury_based": 0, "collision_adjusted_severity_serious": 0.0, "collision_adjusted_severity_slight": 1.0, "source": "STATS19", "source_year": "2022", "source_record_id": "CRASH_38228", "matched_u": 53, "matched_v": 54, "match_distance": 5.6525563658360616 }, "geometry": { "type": "Point", "coordinates": [ -0.111119, 51.490785 ] } },
{ "type": "Feature", "properties": { "collision_index": "2022010373175", "collision_year": 2022, "collision_ref_no": "010373175", "location_easting_osgr": 531960.0, "location_northing_osgr": 178864.0, "longitude": -0.100555, "latitude": 51.49333, "police_force": 1, "collision_severity": 2, "number_of_vehicles": 2, "number_of_casualties": 1, "date": "27/04/2022", "day_of_week": 4, "time": "16:24:00", "local_authority_district": -1, "local_authority_ons_district": "E09000028", "local_authority_highway": "E09000028", "local_authority_highway_current": "E09000028", "first_road_class": 3, "first_road_number": 215, "road_type": 6, "speed_limit": 20, "junction_detail_historic": 9, "junction_detail": 19, "junction_control": 2, "second_road_class": 3, "second_road_number": 3, "pedestrian_crossing_human_control_historic": 2, "pedestrian_crossing_physical_facilities_historic": 0, "pedestrian_crossing": 12, "light_conditions": 1, "weather_conditions": 1, "road_surface_conditions": 1, "special_conditions_at_site": 0, "carriageway_hazards_historic": 0, "carriageway_hazards": 0, "urban_or_rural_area": 1, "did_police_officer_attend_scene_of_accident": 1, "trunk_road_flag": 2, "lsoa_of_accident_location": "E01003933", "enhanced_severity_collision": -1, "collision_injury_based": 0, "collision_adjusted_severity_serious": 1.0, "collision_adjusted_severity_slight": 0.0, "source": "STATS19", "source_year": "2022", "source_record_id": "CRASH_38243", "matched_u": 64, "matched_v": 74, "match_distance": 5.1850891495123497 }, "geometry": { "type": "Point", "coordinates": [ -0.100555, 51.49333 ] } },
{ "type": "Feature", "properties": { "collision_index": "2022010399916", "collision_year": 2022, "collision_ref_no": "010399916", "location_easting_osgr": 532700.0, "location_northing_osgr": 177406.0, "longitude": -0.09045, "latitude": 51.480055, "police_force": 1, "collision_severity": 2, "number_of_vehicles": 2, "number_of_casualties": 1, "date": "17/09/2022", "day_of_week": 7, "time": "18:00:00", "local_authority_district": -1, "local_authority_ons_district": "E09000028", "local_authority_highway": "E09000028", "local_authority_highway_current": "E09000028", "first_road_class": 6, "first_road_number": 0, "road_type": 6, "speed_limit": 20, "junction_detail_historic": 0, "junction_detail": 0, "junction_control": -1, "second_road_class": 0, "second_road_number": -1, "pedestrian_crossing_human_control_historic": 0, "pedestrian_crossing_physical_facilities_historic": 0, "pedestrian_crossing": 0, "light_conditions": 1, "weather_conditions": 1, "road_surface_conditions": 1, "special_conditions_at_site": 0, "carriageway_hazards_historic": 0, "carriageway_hazards": 0, "urban_or_rural_area": 1, "did_police_officer_attend_scene_of_accident": 1, "trunk_road_flag": 2, "lsoa_of_accident_location": "E01003925", "enhanced_severity_collision": -1, "collision_injury_based": 0, "collision_adjusted_severity_serious": 1.0, "collision_adjusted_severity_slight": 0.0, "source": "STATS19", "source_year": "2022", "source_record_id": "CRASH_38245", "matched_u": 71, "matched_v": 81, "match_distance": 0.0 }, "geometry": { "type": "Point", "coordinates": [ -0.09045, 51.480055 ] } },
{ "type": "Feature", "properties": { "collision_index": "2022010380758", "collision_year": 2022, "collision_ref_no": "010380758", "location_easting_osgr": 530410.0, "location_northing_osgr": 180288.0, "longitude": -0.122344, "latitude": 51.506486, "police_force": 1, "collision_severity": 3, "number_of_vehicles": 2, "number_of_casualties": 1, "date": "06/06/2022", "day_of_week": 2, "time": "18:01:00", "local_authority_district": -1, "local_authority_ons_district": "E09000033", "local_authority_highway": "E09000033", "local_authority_highway_current": "E09000033", "first_road_class": 3, "first_road_number": 3211, "road_type": 9, "speed_limit": 30, "junction_detail_historic": 9, "junction_detail": 19, "junction_control": 4, "second_road_class": 4, "second_road_number": 308, "pedestrian_crossing_human_control_historic": 0, "pedestrian_crossing_physical_facilities_historic": 5, "pedestrian_crossing": 15, "light_conditions": 1, "weather_conditions": 1, "road_surface_conditions": 9, "special_conditions_at_site": 4, "carriageway_hazards_historic": 0, "carriageway_hazards": 13, "urban_or_rural_area": 2, "did_police_officer_attend_scene_of_accident": 3, "trunk_road_flag": 2, "lsoa_of_accident_location": "E01004733", "enhanced_severity_collision": -1, "collision_injury_based": 0, "collision_adjusted_severity_serious": 0.0, "collision_adjusted_severity_slight": 1.0, "source": "STATS19", "source_year": "2022", "source_record_id": "CRASH_38255", "matched_u": 37, "matched_v": 47, "match_distance": 31.656111541204147 }, "geometry": { "type": "Point", "coordinates": [ -0.122344, 51.506486 ] } },
{ "type": "Feature", "properties": { "collision_index": "2022010382260", "collision_year": 2022, "collision_ref_no": "010382260", "location_easting_osgr": 529680.0, "location_northing_osgr": 181289.0, "longitude": -0.132488, "latitude": 51.51565, "police_force": 1, "collision_severity": 3, "number_of_vehicles": 1, "number_of_casualties": 1, "date": "14/06/2022", "day_of_week": 3, "time": "11:00:00", "local_authority_district": -1, "local_authority_ons_district": "E09000033", "local_authority_highway": "E09000033", "local_authority_highway_current": "E09000033", "first_road_class": 6, "first_road_number": 0, "road_type": 2, "speed_limit": 30, "junction_detail_historic": 3, "junction_detail": 13, "junction_control": 4, "second_road_class": 6, "second_road_number": 0, "pedestrian_crossing_human_control_historic": 0, "pedestrian_crossing_physical_facilities_historic": 0, "pedestrian_crossing": 0, "light_conditions": 1, "weather_conditions": 1, "road_surface_conditions": 1, "special_conditions_at_site": 0, "carriageway_hazards_historic": 0, "carriageway_hazards": 0, "urban_or_rural_area": 1, "did_police_officer_attend_scene_of_accident": 1, "trunk_road_flag": 2, "lsoa_of_accident_location": "E01004763", "enhanced_severity_collision": -1, "collision_injury_based": 0, "collision_adjusted_severity_serious": 0.0, "collision_adjusted_severity_slight": 1.0, "source": "STATS19", "source_year": "2022", "source_record_id": "CRASH_38256", "matched_u": 29, "matched_v": 39, "match_distance": 21.048623871989545 }, "geometry": { "type": "Point", "coordinates": [ -0.132488, 51.51565 ] } },
{ "type": "Feature", "properties": { "collision_index": "2022010360338", "collision_year": 2022, "collision_ref_no": "010360338", "location_easting_osgr": 530422.0, "location_northing_osgr": 180327.0, "longitude": -0.122156, "latitude": 51.506834, "police_force": 1, "collision_severity": 3, "number_of_vehicles": 2, "number_of_casualties": 1, "date": "13/02/2022", "day_of_week": 1, "time": "14:52:00", "local_authority_district": -1, "local_authority_ons_district": "E09000033", "local_authority_highway": "E09000033", "local_authority_highway_current": "E09000033", "first_road_class": 3, "first_road_number": 3211, "road_type": 6, "speed_limit": 20, "junction_detail_historic": 99, "junction_detail": -1, "junction_control": 9, "second_road_class": 3, "second_road_number": 3211, "pedestrian_crossing_human_control_historic": 9, "pedestrian_crossing_physical_facilities_historic": 9, "pedestrian_crossing": 99, "light_conditions": 1, "weather_conditions": 2, "road_surface_conditions": 2, "special_conditions_at_site": 9, "carriageway_hazards_historic": 9, "carriageway_hazards": 99, "urban_or_rural_area": 2, "did_police_officer_attend_scene_of_accident": 3, "trunk_road_flag": 2, "lsoa_of_accident_location": "E01004733", "enhanced_severity_collision": -1, "collision_injury_based": 0, "collision_adjusted_severity_serious": 0.0, "collision_adjusted_severity_slight": 1.0, "source": "STATS19", "source_year": "2022", "source_record_id": "CRASH_38620", "matched_u": 37, "matched_v": 47, "match_distance": 30.583139799535271 }, "geometry": { "type": "Point", "coordinates": [ -0.122156, 51.506834 ] } },
{ "type": "Feature", "properties": { "collision_index": "2022010391020", "collision_year": 2022, "collision_ref_no": "010391020", "location_easting_osgr": 528530.0, "location_northing_osgr": 179799.0, "longitude": -0.149595, "latitude": 51.502522, "police_force": 1, "collision_severity": 3, "number_of_vehicles": 1, "number_of_casualties": 1, "date": "27/07/2022", "day_of_week": 4, "time": "09:20:00", "local_authority_district": -1, "local_authority_ons_district": "E09000033", "local_authority_highway": "E09000033", "local_authority_highway_current": "E09000033", "first_road_class": 3, "first_road_number": 4, "road_type": 2, "speed_limit": 20, "junction_detail_historic": 1, "junction_detail": 0, "junction_control": 2, "second_road_class": 5, "second_road_number": 0, "pedestrian_crossing_human_control_historic": 0, "pedestrian_crossing_physical_facilities_historic": 5, "pedestrian_crossing": 15, "light_conditions": 1, "weather_conditions": 8, "road_surface_conditions": 1, "special_conditions_at_site": 0, "carriageway_hazards_historic": 0, "carriageway_hazards": 0, "urban_or_rural_area": 1, "did_police_officer_attend_scene_of_accident": 3, "trunk_road_flag": 2, "lsoa_of_accident_location": "E01004736", "enhanced_severity_collision": -1, "collision_injury_based": 0, "collision_adjusted_severity_serious": 0.0, "collision_adjusted_severity_slight": 1.0, "source": "STATS19", "source_year": "2022", "source_record_id": "CRASH_38622", "matched_u": 6, "matched_v": 7, "match_distance": 33.507166728777527 }, "geometry": { "type": "Point", "coordinates": [ -0.149595, 51.502522 ] } },
{ "type": "Feature", "properties": { "collision_index": "2022481235157", "collision_year": 2022, "collision_ref_no": "481235157", "location_easting_osgr": 533296.0, "location_northing_osgr": 181602.0, "longitude": -0.080288, "latitude": 51.517622, "police_force": 48, "collision_severity": 3, "number_of_vehicles": 1, "number_of_casualties": 1, "date": "01/06/2022", "day_of_week": 4, "time": "03:45:00", "local_authority_district": -1, "local_authority_ons_district": "E09000001", "local_authority_highway": "E09000001", "local_authority_highway_current": "E09000001", "first_road_class": 3, "first_road_number": 10, "road_type": 6, "speed_limit": 20, "junction_detail_historic": 3, "junction_detail": 13, "junction_control": 4, "second_road_class": 6, "second_road_number": 0, "pedestrian_crossing_human_control_historic": 0, "pedestrian_crossing_physical_facilities_historic": 4, "pedestrian_crossing": 14, "light_conditions": 4, "weather_conditions": 1, "road_surface_conditions": 1, "special_conditions_at_site": 0, "carriageway_hazards_historic": 0, "carriageway_hazards": 0, "urban_or_rural_area": 1, "did_police_officer_attend_scene_of_accident": 1, "trunk_road_flag": 2, "lsoa_of_accident_location": "E01032739", "enhanced_severity_collision": 3, "collision_injury_based": 1, "collision_adjusted_severity_serious": 0.0, "collision_adjusted_severity_slight": 1.0, "source": "STATS19", "source_year": "2022", "source_record_id": "CRASH_38949", "matched_u": 99, "matched_v": 100, "match_distance": 31.39209640370245 }, "geometry": { "type": "Point", "coordinates": [ -0.080288, 51.517622 ] } },
{ "type": "Feature", "properties": { "collision_index": "2022010418061", "collision_year": 2022, "collision_ref_no": "010418061", "location_easting_osgr": 530086.0, "location_northing_osgr": 181306.0, "longitude": -0.126634, "latitude": 51.515709, "police_force": 1, "collision_severity": 3, "number_of_vehicles": 2, "number_of_casualties": 1, "date": "23/12/2022", "day_of_week": 6, "time": "16:47:00", "local_authority_district": -1, "local_authority_ons_district": "E09000007", "local_authority_highway": "E09000007", "local_authority_highway_current": "E09000007", "first_road_class": 3, "first_road_number": 40, "road_type": 6, "speed_limit": 20, "junction_detail_historic": 7, "junction_detail": 17, "junction_control": 2, "second_road_class": 3, "second_road_number": 401, "pedestrian_crossing_human_control_historic": 0, "pedestrian_crossing_physical_facilities_historic": 5, "pedestrian_crossing": 15, "light_conditions": 4, "weather_conditions": 1, "road_surface_conditions": 1, "special_conditions_at_site": 0, "carriageway_hazards_historic": 0, "carriageway_hazards": 0, "urban_or_rural_area": 1, "did_police_officer_attend_scene_of_accident": 1, "trunk_road_flag": 2, "lsoa_of_accident_location": "E01000919", "enhanced_severity_collision": -1, "collision_injury_based": 0, "collision_adjusted_severity_serious": 0.0, "collision_adjusted_severity_slight": 1.0, "source": "STATS19", "source_year": "2022", "source_record_id": "CRASH_38966", "matched_u": 39, "matched_v": 40, "match_distance": 3.8590756808316651 }, "geometry": { "type": "Point", "coordinates": [ -0.126634, 51.515709 ] } },
{ "type": "Feature", "properties": { "collision_index": "2022010371449", "collision_year": 2022, "collision_ref_no": "010371449", "location_easting_osgr": 530155.0, "location_northing_osgr": 178509.0, "longitude": -0.126671, "latitude": 51.490558, "police_force": 1, "collision_severity": 2, "number_of_vehicles": 2, "number_of_casualties": 1, "date": "18/04/2022", "day_of_week": 2, "time": "15:32:00", "local_authority_district": -1, "local_authority_ons_district": "E09000033", "local_authority_highway": "E09000033", "local_authority_highway_current": "E09000033", "first_road_class": 3, "first_road_number": 3212, "road_type": 2, "speed_limit": 20, "junction_detail_historic": 8, "junction_detail": 18, "junction_control": 4, "second_road_class": 6, "second_road_number": 0, "pedestrian_crossing_human_control_historic": 0, "pedestrian_crossing_physical_facilities_historic": 8, "pedestrian_crossing": 17, "light_conditions": 1, "weather_conditions": 1, "road_surface_conditions": 1, "special_conditions_at_site": 0, "carriageway_hazards_historic": 0, "carriageway_hazards": 0, "urban_or_rural_area": 1, "did_police_officer_attend_scene_of_accident": 1, "trunk_road_flag": 2, "lsoa_of_accident_location": "E01004745", "enhanced_severity_collision": -1, "collision_injury_based": 0, "collision_adjusted_severity_serious": 1.0, "collision_adjusted_severity_slight": 0.0, "source": "STATS19", "source_year": "2022", "source_record_id": "CRASH_39037", "matched_u": 33, "matched_v": 34, "match_distance": 7.9778968401842558 }, "geometry": { "type": "Point", "coordinates": [ -0.126671, 51.490558 ] } },
{ "type": "Feature", "properties": { "collision_index": "2022010393861", "collision_year": 2022, "collision_ref_no": "010393861", "location_easting_osgr": 533367.0, "location_northing_osgr": 179361.0, "longitude": -0.080112, "latitude": 51.497466, "police_force": 1, "collision_severity": 2, "number_of_vehicles": 2, "number_of_casualties": 1, "date": "30/06/2022", "day_of_week": 5, "time": "17:35:00", "local_authority_district": -1, "local_authority_ons_district": "E09000028", "local_authority_highway": "E09000028", "local_authority_highway_current": "E09000028", "first_road_class": 3, "first_road_number": 100, "road_type": 3, "speed_limit": 20, "junction_detail_historic": 3, "junction_detail": 13, "junction_control": 4, "second_road_class": 6, "second_road_number": 0, "pedestrian_crossing_human_control_historic": 0, "pedestrian_crossing_physical_facilities_historic": 5, "pedestrian_crossing": 15, "light_conditions": 1, "weather_conditions": 1, "road_surface_conditions": 1, "special_conditions_at_site": 0, "carriageway_hazards_historic": 0, "carriageway_hazards": 0, "urban_or_rural_area": 1, "did_police_officer_attend_scene_of_accident": 3, "trunk_road_flag": 2, "lsoa_of_accident_location": "E01003976", "enhanced_severity_collision": -1, "collision_injury_based": 0, "collision_adjusted_severity_serious": 1.0, "collision_adjusted_severity_slight": 0.0, "source": "STATS19", "source_year": "2022", "source_record_id": "CRASH_39438", "matched_u": 94, "matched_v": 95, "match_distance": 11.799866024086443 }, "geometry": { "type": "Point", "coordinates": [ -0.080112, 51.497466 ] } },
{ "type": "Feature", "properties": { "collision_index": "2022010368359", "collision_year": 2022, "collision_ref_no": "010368359", "location_easting_osgr": 529005.0, "location_northing_osgr": 181296.0, "longitude": -0.142208, "latitude": 51.515867, "police_force": 1, "collision_severity": 2, "number_of_vehicles": 3, "number_of_casualties": 1, "date": "30/03/2022", "day_of_week": 4, "time": "16:06:00", "local_authority_district": -1, "local_authority_ons_district": "E09000033", "local_authority_highway": "E09000033", "local_authority_highway_current": "E09000033", "first_road_class": 3, "first_road_number": 4201, "road_type": 2, "speed_limit": 20, "junction_detail_historic": 6, "junction_detail": 16, "junction_control": 4, "second_road_class": 6, "second_road_number": 0, "pedestrian_crossing_human_control_historic": 0, "pedestrian_crossing_physical_facilities_historic": 0, "pedestrian_crossing": 0, "light_conditions": 1, "weather_conditions": 1, "road_surface_conditions": 1, "special_conditions_at_site": 0, "carriageway_hazards_historic": 0, "carriageway_hazards": 0, "urban_or_rural_area": 1, "did_police_officer_attend_scene_of_accident": 1, "trunk_road_flag": 2, "lsoa_of_accident_location": "E01033595", "enhanced_severity_collision": -1, "collision_injury_based": 0, "collision_adjusted_severity_serious": 1.0, "collision_adjusted_severity_slight": 0.0, "source": "STATS19", "source_year": "2022", "source_record_id": "CRASH_39457", "matched_u": 19, "matched_v": 20, "match_distance": 8.633444952632999 }, "geometry": { "type": "Point", "coordinates": [ -0.142208, 51.515867 ] } },
{ "type": "Feature", "properties": { "collision_index": "2022010396028", "collision_year": 2022, "collision_ref_no": "010396028", "location_easting_osgr": 529964.0, "location_northing_osgr": 178302.0, "longitude": -0.129497, "latitude": 51.488741, "police_force": 1, "collision_severity": 3, "number_of_vehicles": 1, "number_of_casualties": 1, "date": "26/08/2022", "day_of_week": 6, "time": "18:45:00", "local_authority_district": -1, "local_authority_ons_district": "E09000033", "local_authority_highway": "E09000033", "local_authority_highway_current": "E09000033", "first_road_class": 3, "first_road_number": 202, "road_type": 6, "speed_limit": 30, "junction_detail_historic": 6, "junction_detail": 16, "junction_control": 2, "second_road_class": 3, "second_road_number": 3212, "pedestrian_crossing_human_control_historic": 0, "pedestrian_crossing_physical_facilities_historic": 1, "pedestrian_crossing": 13, "light_conditions": 1, "weather_conditions": 1, "road_surface_conditions": 1, "special_conditions_at_site": 0, "carriageway_hazards_historic": 0, "carriageway_hazards": 0, "urban_or_rural_area": 1, "did_police_officer_attend_scene_of_accident": 1, "trunk_road_flag": 2, "lsoa_of_accident_location": "E01004745", "enhanced_severity_collision": -1, "collision_injury_based": 0, "collision_adjusted_severity_serious": 0.0, "collision_adjusted_severity_slight": 1.0, "source": "STATS19", "source_year": "2022", "source_record_id": "CRASH_39462", "matched_u": 23, "matched_v": 33, "match_distance": 32.776055347174406 }, "geometry": { "type": "Point", "coordinates": [ -0.129497, 51.488741 ] } },
{ "type": "Feature", "properties": { "collision_index": "2022010382673", "collision_year": 2022, "collision_ref_no": "010382673", "location_easting_osgr": 530604.0, "location_northing_osgr": 180835.0, "longitude": -0.119348, "latitude": 51.511357, "police_force": 1, "collision_severity": 3, "number_of_vehicles": 1, "number_of_casualties": 1, "date": "12/05/2022", "day_of_week": 5, "time": "22:45:00", "local_authority_district": -1, "local_authority_ons_district": "E09000033", "local_authority_highway": "E09000033", "local_authority_highway_current": "E09000033", "first_road_class": 3, "first_road_number": 4, "road_type": 6, "speed_limit": 30, "junction_detail_historic": 99, "junction_detail": -1, "junction_control": 4, "second_road_class": 4, "second_road_number": 401, "pedestrian_crossing_human_control_historic": 9, "pedestrian_crossing_physical_facilities_historic": 9, "pedestrian_crossing": 99, "light_conditions": 1, "weather_conditions": 1, "road_surface_conditions": 9, "special_conditions_at_site": 9, "carriageway_hazards_historic": 9, "carriageway_hazards": 99, "urban_or_rural_area": 1, "did_police_officer_attend_scene_of_accident": 3, "trunk_road_flag": 2, "lsoa_of_accident_location": "E01004735", "enhanced_severity_collision": -1, "collision_injury_based": 0, "collision_adjusted_severity_serious": 0.0, "collision_adjusted_severity_slight": 1.0, "source": "STATS19", "source_year": "2022", "source_record_id": "CRASH_39886", "matched_u": 38, "matched_v": 48, "match_distance": 46.386007653549314 }, "geometry": { "type": "Point", "coordinates": [ -0.119348, 51.511357 ] } },
{ "type": "Feature", "properties": { "collision_index": "2022010360383", "collision_year": 2022, "collision_ref_no": "010360383", "location_easting_osgr": 529086.0, "location_northing_osgr": 178833.0, "longitude": -0.141942, "latitude": 51.493714, "police_force": 1, "collision_severity": 2, "number_of_vehicles": 1, "number_of_casualties": 1, "date": "14/02/2022", "day_of_week": 2, "time": "16:28:00", "local_authority_district": -1, "local_authority_ons_district": "E09000033", "local_authority_highway": "E09000033", "local_authority_highway_current": "E09000033", "first_road_class": 5, "first_road_number": 0, "road_type": 6, "speed_limit": 30, "junction_detail_historic": 3, "junction_detail": 13, "junction_control": 4, "second_road_class": 5, "second_road_number": 0, "pedestrian_crossing_human_control_historic": 0, "pedestrian_crossing_physical_facilities_historic": 8, "pedestrian_crossing": 17, "light_conditions": 1, "weather_conditions": 2, "road_surface_conditions": 2, "special_conditions_at_site": 0, "carriageway_hazards_historic": 0, "carriageway_hazards": 0, "urban_or_rural_area": 1, "did_police_officer_attend_scene_of_accident": 1, "trunk_road_flag": 2, "lsoa_of_accident_location": "E01004749", "enhanced_severity_collision": -1, "collision_injury_based": 0, "collision_adjusted_severity_serious": 1.0, "collision_adjusted_severity_slight": 0.0, "source": "STATS19", "source_year": "2022", "source_record_id": "CRASH_40725", "matched_u": 14, "matched_v": 15, "match_distance": 20.977539598377916 }, "geometry": { "type": "Point", "coordinates": [ -0.141942, 51.493714 ] } },
{ "type": "Feature", "properties": { "collision_index": "2022010370714", "collision_year": 2022, "collision_ref_no": "010370714", "location_easting_osgr": 530057.0, "location_northing_osgr": 181448.0, "longitude": -0.126999, "latitude": 51.516992, "police_force": 1, "collision_severity": 2, "number_of_vehicles": 1, "number_of_casualties": 1, "date": "14/04/2022", "day_of_week": 5, "time": "01:22:00", "local_authority_district": -1, "local_authority_ons_district": "E09000007", "local_authority_highway": "E09000007", "local_authority_highway_current": "E09000007", "first_road_class": 3, "first_road_number": 400, "road_type": 6, "speed_limit": 20, "junction_detail_historic": 6, "junction_detail": 16, "junction_control": 2, "second_road_class": 3, "second_road_number": 40, "pedestrian_crossing_human_control_historic": 0, "pedestrian_crossing_physical_facilities_historic": 5, "pedestrian_crossing": 15, "light_conditions": 4, "weather_conditions": 1, "road_surface_conditions": 1, "special_conditions_at_site": 0, "carriageway_hazards_historic": 0, "carriageway_hazards": 0, "urban_or_rural_area": 1, "did_police_officer_attend_scene_of_accident": 1, "trunk_road_flag": 2, "lsoa_of_accident_location": "E01000919", "enhanced_severity_collision": -1, "collision_injury_based": 0, "collision_adjusted_severity_serious": 1.0, "collision_adjusted_severity_slight": 0.0, "source": "STATS19", "source_year": "2022", "source_record_id": "CRASH_41060", "matched_u": 39, "matched_v": 40, "match_distance": 44.490689820377156 }, "geometry": { "type": "Point", "coordinates": [ -0.126999, 51.516992 ] } },
{ "type": "Feature", "properties": { "collision_index": "2022010373868", "collision_year": 2022, "collision_ref_no": "010373868", "location_easting_osgr": 531966.0, "location_northing_osgr": 178858.0, "longitude": -0.100471, "latitude": 51.493275, "police_force": 1, "collision_severity": 3, "number_of_vehicles": 2, "number_of_casualties": 1, "date": "01/05/2022", "day_of_week": 1, "time": "09:44:00", "local_authority_district": -1, "local_authority_ons_district": "E09000028", "local_authority_highway": "E09000028", "local_authority_highway_current": "E09000028", "first_road_class": 3, "first_road_number": 3, "road_type": 6, "speed_limit": 30, "junction_detail_historic": 6, "junction_detail": 16, "junction_control": 2, "second_road_class": 3, "second_road_number": 215, "pedestrian_crossing_human_control_historic": 0, "pedestrian_crossing_physical_facilities_historic": 0, "pedestrian_crossing": 0, "light_conditions": 1, "weather_conditions": 1, "road_surface_conditions": 1, "special_conditions_at_site": 0, "carriageway_hazards_historic": 0, "carriageway_hazards": 0, "urban_or_rural_area": 1, "did_police_officer_attend_scene_of_accident": 3, "trunk_road_flag": 2, "lsoa_of_accident_location": "E01032719", "enhanced_severity_collision": -1, "collision_injury_based": 0, "collision_adjusted_severity_serious": 0.0, "collision_adjusted_severity_slight": 1.0, "source": "STATS19", "source_year": "2022", "source_record_id": "CRASH_41549", "matched_u": 64, "matched_v": 74, "match_distance": 15.018869859166443 }, "geometry": { "type": "Point", "coordinates": [ -0.100471, 51.493275 ] } },
{ "type": "Feature", "properties": { "collision_index": "2022010363497", "collision_year": 2022, "collision_ref_no": "010363497", "location_easting_osgr": 531738.0, "location_northing_osgr": 179544.0, "longitude": -0.103498, "latitude": 51.499493, "police_force": 1, "collision_severity": 3, "number_of_vehicles": 2, "number_of_casualties": 1, "date": "03/03/2022", "day_of_week": 5, "time": "13:45:00", "local_authority_district": -1, "local_authority_ons_district": "E09000028", "local_authority_highway": "E09000028", "local_authority_highway_current": "E09000028", "first_road_class": 6, "first_road_number": 0, "road_type": 6, "speed_limit": 20, "junction_detail_historic": 6, "junction_detail": 16, "junction_control": 4, "second_road_class": 6, "second_road_number": 0, "pedestrian_crossing_human_control_historic": 9, "pedestrian_crossing_physical_facilities_historic": 9, "pedestrian_crossing": 99, "light_conditions": 1, "weather_conditions": 9, "road_surface_conditions": 9, "special_conditions_at_site": 9, "carriageway_hazards_historic": 9, "carriageway_hazards": 99, "urban_or_rural_area": 1, "did_police_officer_attend_scene_of_accident": 3, "trunk_road_flag": 2, "lsoa_of_accident_location": "E01003930", "enhanced_severity_collision": -1, "collision_injury_based": 0, "collision_adjusted_severity_serious": 0.0, "collision_adjusted_severity_slight": 1.0, "source": "STATS19", "source_year": "2022", "source_record_id": "CRASH_41983", "matched_u": 65, "matched_v": 66, "match_distance": 21.744407201620561 }, "geometry": { "type": "Point", "coordinates": [ -0.103498, 51.499493 ] } },
{ "type": "Feature", "properties": { "collision_index": "2022010390649", "collision_year": 2022, "collision_ref_no": "010390649", "location_easting_osgr": 531243.0, "location_northing_osgr": 178782.0, "longitude": -0.110908, "latitude": 51.49276, "police_force": 1, "collision_severity": 3, "number_of_vehicles": 2, "number_of_casualties": 1, "date": "26/07/2022", "day_of_week": 3, "time": "14:54:00", "local_authority_district": -1, "local_authority_ons_district": "E09000022", "local_authority_highway": "E09000022", "local_authority_highway_current": "E09000022", "first_road_class": 3, "first_road_number": 23, "road_type": 6, "speed_limit": 20, "junction_detail_historic": 3, "junction_detail": 13, "junction_control": 4, "second_road_class": 6, "second_road_number": 0, "pedestrian_crossing_human_control_historic": 0, "pedestrian_crossing_physical_facilities_historic": 0, "pedestrian_crossing": 0, "light_conditions": 1, "weather_conditions": 1, "road_surface_conditions": 1, "special_conditions_at_site": 0, "carriageway_hazards_historic": 0, "carriageway_hazards": 0, "urban_or_rural_area": 1, "did_police_officer_attend_scene_of_accident": 1, "trunk_road_flag": 2, "lsoa_of_accident_location": "E01003110", "enhanced_severity_collision": -1, "collision_injury_based": 0, "collision_adjusted_severity_serious": 0.0, "collision_adjusted_severity_slight": 1.0, "source": "STATS19", "source_year": "2022", "source_record_id": "CRASH_42821", "matched_u": 53, "matched_v": 54, "match_distance": 17.835856191542916 }, "geometry": { "type": "Point", "coordinates": [ -0.110908, 51.49276 ] } },
{ "type": "Feature", "properties": { "collision_index": "2022010404268", "collision_year": 2022, "collision_ref_no": "010404268", "location_easting_osgr": 532802.0, "location_northing_osgr": 177910.0, "longitude": -0.088792, "latitude": 51.48456, "police_force": 1, "collision_severity": 3, "number_of_vehicles": 1, "number_of_casualties": 1, "date": "10/10/2022", "day_of_week": 2, "time": "15:15:00", "local_authority_district": -1, "local_authority_ons_district": "E09000028", "local_authority_highway": "E09000028", "local_authority_highway_current": "E09000028", "first_road_class": 6, "first_road_number": 0, "road_type": 3, "speed_limit": 20, "junction_detail_historic": 3, "junction_detail": 13, "junction_control": 4, "second_road_class": 6, "second_road_number": 0, "pedestrian_crossing_human_control_historic": 0, "pedestrian_crossing_physical_facilities_historic": 4, "pedestrian_crossing": 14, "light_conditions": 1, "weather_conditions": 1, "road_surface_conditions": 1, "special_conditions_at_site": 0, "carriageway_hazards_historic": 0, "carriageway_hazards": 0, "urban_or_rural_area": 1, "did_police_officer_attend_scene_of_accident": 3, "trunk_road_flag": 2, "lsoa_of_accident_location": "E01003970", "enhanced_severity_collision": -1, "collision_injury_based": 0, "collision_adjusted_severity_serious": 0.0, "collision_adjusted_severity_slight": 1.0, "source": "STATS19", "source_year": "2022", "source_record_id": "CRASH_43235", "matched_u": 72, "matched_v": 82, "match_distance": 12.57289878744632 }, "geometry": { "type": "Point", "coordinates": [ -0.088792, 51.48456 ] } },
{ "type": "Feature", "properties": { "collision_index": "2022010373335", "collision_year": 2022, "collision_ref_no": "010373335", "location_easting_osgr": 529613.0, "location_northing_osgr": 178544.0, "longitude": -0.134461, "latitude": 51.490997, "police_force": 1, "collision_severity": 3, "number_of_vehicles": 3, "number_of_casualties": 1, "date": "28/04/2022", "day_of_week": 5, "time": "17:16:00", "local_authority_district": -1, "local_authority_ons_district": "E09000033", "local_authority_highway": "E09000033", "local_authority_highway_current": "E09000033", "first_road_class": 3, "first_road_number": 202, "road_type": 3, "speed_limit": 20, "junction_detail_historic": 3, "junction_detail": 13, "junction_control": 4, "second_road_class": 6, "second_road_number": 0, "pedestrian_crossing_human_control_historic": 0, "pedestrian_crossing_physical_facilities_historic": 7, "pedestrian_crossing": 16, "light_conditions": 1, "weather_conditions": 1, "road_surface_conditions": 1, "special_conditions_at_site": 0, "carriageway_hazards_historic": 0, "carriageway_hazards": 0, "urban_or_rural_area": 1, "did_police_officer_attend_scene_of_accident": 1, "trunk_road_flag": 2, "lsoa_of_accident_location": "E01004741", "enhanced_severity_collision": -1, "collision_injury_based": 0, "collision_adjusted_severity_serious": 0.0, "collision_adjusted_severity_slight": 1.0, "source": "STATS19", "source_year": "2022", "source_record_id": "CRASH_43248", "matched_u": 23, "matched_v": 24, "match_distance": 10.699039948460266 }, "geometry": { "type": "Point", "coordinates": [ -0.134461, 51.490997 ] } },
{ "type": "Feature", "properties": { "collision_index": "2022010392371", "collision_year": 2022, "collision_ref_no": "010392371", "location_easting_osgr": 530154.0, "location_northing_osgr": 179790.0, "longitude": -0.126214, "latitude": 51.50207, "police_force": 1, "collision_severity": 3, "number_of_vehicles": 2, "number_of_casualties": 1, "date": "05/08/2022", "day_of_week": 6, "time": "21:06:00", "local_authority_district": -1, "local_authority_ons_district": "E09000033", "local_authority_highway": "E09000033", "local_authority_highway_current": "E09000033", "first_road_class": 3, "first_road_number": 3212, "road_type": 6, "speed_limit": 20, "junction_detail_historic": 3, "junction_detail": 13, "junction_control": 2, "second_road_class": 6, "second_road_number": 0, "pedestrian_crossing_human_control_historic": 2, "pedestrian_crossing_physical_facilities_historic": 4, "pedestrian_crossing": 12, "light_conditions": 4, "weather_conditions": 1, "road_surface_conditions": 1, "special_conditions_at_site": 0, "carriageway_hazards_historic": 0, "carriageway_hazards": 0, "urban_or_rural_area": 1, "did_police_officer_attend_scene_of_accident": 1, "trunk_road_flag": 2, "lsoa_of_accident_location": "E01004733", "enhanced_severity_collision": -1, "collision_injury_based": 0, "collision_adjusted_severity_serious": 0.0, "collision_adjusted_severity_slight": 1.0, "source": "STATS19", "source_year": "2022", "source_record_id": "CRASH_43250", "matched_u": 36, "matched_v": 46, "match_distance": 28.314863969571892 }, "geometry": { "type": "Point", "coordinates": [ -0.126214, 51.50207 ] } },
{ "type": "Feature", "properties": { "collision_index": "2022010367005", "collision_year": 2022, "collision_ref_no": "010367005", "location_easting_osgr": 531285.0, "location_northing_osgr": 177498.0, "longitude": -0.11078, "latitude": 51.481211, "police_force": 1, "collision_severity": 3, "number_of_vehicles": 2, "number_of_casualties": 1, "date": "22/03/2022", "day_of_week": 3, "time": "15:16:00", "local_authority_district": -1, "local_authority_ons_district": "E09000022", "local_authority_highway": "E09000022", "local_authority_highway_current": "E09000022", "first_road_class": 3, "first_road_number": 23, "road_type": 6, "speed_limit": 30, "junction_detail_historic": 7, "junction_detail": 17, "junction_control": 2, "second_road_class": 3, "second_road_number": 202, "pedestrian_crossing_human_control_historic": 0, "pedestrian_crossing_physical_facilities_historic": 5, "pedestrian_crossing": 15, "light_conditions": 1, "weather_conditions": 1, "road_surface_conditions": 1, "special_conditions_at_site": 0, "carriageway_hazards_historic": 0, "carriageway_hazards": 0, "urban_or_rural_area": 1, "did_police_officer_attend_scene_of_accident": 3, "trunk_road_flag": 2, "lsoa_of_accident_location": "E01003100", "enhanced_severity_collision": -1, "collision_injury_based": 0, "collision_adjusted_severity_serious": 0.0, "collision_adjusted_severity_slight": 1.0, "source": "STATS19", "source_year": "2022", "source_record_id": "CRASH_43636", "matched_u": 51, "matched_v": 52, "match_distance": 32.084751013082496 }, "geometry": { "type": "Point", "coordinates": [ -0.11078, 51.481211 ] } },
{ "type": "Feature", "properties": { "collision_index": "2022010390424", "collision_year": 2022, "collision_ref_no": "010390424", "location_easting_osgr": 530076.0, "location_northing_osgr": 181421.0, "longitude": -0.126736, "latitude": 51.516745, "police_force": 1, "collision_severity": 3, "number_of_vehicles": 2, "number_of_casualties": 1, "date": "25/07/2022", "day_of_week": 2, "time": "18:25:00", "local_authority_district": -1, "local_authority_ons_district": "E09000007", "local_authority_highway": "E09000007", "local_authority_highway_current": "E09000007", "first_road_class": 4, "first_road_number": 522, "road_type": 6, "speed_limit": 20, "junction_detail_historic": 6, "junction_detail": 16, "junction_control": 2, "second_road_class": 3, "second_road_number": 40, "pedestrian_crossing_human_control_historic": 0, "pedestrian_crossing_physical_facilities_historic": 5, "pedestrian_crossing": 15, "light_conditions": 5, "weather_conditions": 1, "road_surface_conditions": 1, "special_conditions_at_site": 0, "carriageway_hazards_historic": 0, "carriageway_hazards": 0, "urban_or_rural_area": 1, "did_police_officer_attend_scene_of_accident": 1, "trunk_road_flag": 2, "lsoa_of_accident_location": "E01000919", "enhanced_severity_collision": -1, "collision_injury_based": 0, "collision_adjusted_severity_serious": 0.0, "collision_adjusted_severity_slight": 1.0, "source": "STATS19", "source_year": "2022", "source_record_id": "CRASH_44002", "matched_u": 39, "matched_v": 40, "match_distance": 15.21366374174613 }, "geometry": { "type": "Point", "coordinates": [ -0.126736, 51.516745 ] } },
{ "type": "Feature", "properties": { "collision_index": "2022010371870", "collision_year": 2022, "collision_ref_no": "010371870", "location_easting_osgr": 529061.0, "location_northing_osgr": 179053.0, "longitude": -0.142221, "latitude": 51.495697, "police_force": 1, "collision_severity": 3, "number_of_vehicles": 1, "number_of_casualties": 1, "date": "20/04/2022", "day_of_week": 4, "time": "16:14:00", "local_authority_district": -1, "local_authority_ons_district": "E09000033", "local_authority_highway": "E09000033", "local_authority_highway_current": "E09000033", "first_road_class": 3, "first_road_number": 202, "road_type": 2, "speed_limit": 20, "junction_detail_historic": 0, "junction_detail": 0, "junction_control": -1, "second_road_class": 0, "second_road_number": -1, "pedestrian_crossing_human_control_historic": 0, "pedestrian_crossing_physical_facilities_historic": 5, "pedestrian_crossing": 15, "light_conditions": 1, "weather_conditions": 1, "road_surface_conditions": 1, "special_conditions_at_site": 0, "carriageway_hazards_historic": 0, "carriageway_hazards": 0, "urban_or_rural_area": 1, "did_police_officer_attend_scene_of_accident": 1, "trunk_road_flag": 2, "lsoa_of_accident_location": "E01004750", "enhanced_severity_collision": -1, "collision_injury_based": 0, "collision_adjusted_severity_serious": 0.0, "collision_adjusted_severity_slight": 1.0, "source": "STATS19", "source_year": "2022", "source_record_id": "CRASH_44485", "matched_u": 14, "matched_v": 15, "match_distance": 10.080598332944646 }, "geometry": { "type": "Point", "coordinates": [ -0.142221, 51.495697 ] } },
{ "type": "Feature", "properties": { "collision_index": "2022010386190", "collision_year": 2022, "collision_ref_no": "010386190", "location_easting_osgr": 529036.0, "location_northing_osgr": 180452.0, "longitude": -0.14207, "latitude": 51.508275, "police_force": 1, "collision_severity": 3, "number_of_vehicles": 2, "number_of_casualties": 1, "date": "03/07/2022", "day_of_week": 1, "time": "01:50:00", "local_authority_district": -1, "local_authority_ons_district": "E09000033", "local_authority_highway": "E09000033", "local_authority_highway_current": "E09000033", "first_road_class": 5, "first_road_number": 0, "road_type": 2, "speed_limit": 20, "junction_detail_historic": 3, "junction_detail": 13, "junction_control": 4, "second_road_class": 6, "second_road_number": 0, "pedestrian_crossing_human_control_historic": 9, "pedestrian_crossing_physical_facilities_historic": 9, "pedestrian_crossing": 99, "light_conditions": 4, "weather_conditions": 1, "road_surface_conditions": 1, "special_conditions_at_site": 9, "carriageway_hazards_historic": 9, "carriageway_hazards": 99, "urban_or_rural_area": 1, "did_police_officer_attend_scene_of_accident": 3, "trunk_road_flag": 2, "lsoa_of_accident_location": "E01004761", "enhanced_severity_collision": -1, "collision_injury_based": 0, "collision_adjusted_severity_serious": 0.0, "collision_adjusted_severity_slight": 1.0, "source": "STATS19", "source_year": "2022", "source_record_id": "CRASH_44918", "matched_u": 17, "matched_v": 18, "match_distance": 6.7286447768383368 }, "geometry": { "type": "Point", "coordinates": [ -0.14207, 51.508275 ] } },
{ "type": "Feature", "properties": { "collision_index": "2022010406037", "collision_year": 2022, "collision_ref_no": "010406037", "location_easting_osgr": 529249.0, "location_northing_osgr": 178815.0, "longitude": -0.139602, "latitude": 51.493515, "police_force": 1, "collision_severity": 3, "number_of_vehicles": 2, "number_of_casualties": 1, "date": "22/10/2022", "day_of_week": 7, "time": "21:22:00", "local_authority_district": -1, "local_authority_ons_district": "E09000033", "local_authority_highway": "E09000033", "local_authority_highway_current": "E09000033", "first_road_class": 3, "first_road_number": 202, "road_type": 3, "speed_limit": 30, "junction_detail_historic": 3, "junction_detail": 13, "junction_control": 4, "second_road_class": 6, "second_road_number": 0, "pedestrian_crossing_human_control_historic": 0, "pedestrian_crossing_physical_facilities_historic": 4, "pedestrian_crossing": 14, "light_conditions": 4, "weather_conditions": 8, "road_surface_conditions": 2, "special_conditions_at_site": 0, "carriageway_hazards_historic": 0, "carriageway_hazards": 0, "urban_or_rural_area": 1, "did_police_officer_attend_scene_of_accident": 1, "trunk_road_flag": 2, "lsoa_of_accident_location": "E01004749", "enhanced_severity_collision": -1, "collision_injury_based": 0, "collision_adjusted_severity_serious": 0.0, "collision_adjusted_severity_slight": 1.0, "source": "STATS19", "source_year": "2022", "source_record_id": "CRASH_45748", "matched_u": 14, "matched_v": 24, "match_distance": 27.892260302789509 }, "geometry": { "type": "Point", "coordinates": [ -0.139602, 51.493515 ] } },
{ "type": "Feature", "properties": { "collision_index": "2022010368625", "collision_year": 2022, "collision_ref_no": "010368625", "location_easting_osgr": 531279.0, "location_northing_osgr": 177515.0, "longitude": -0.11086, "latitude": 51.481366, "police_force": 1, "collision_severity": 3, "number_of_vehicles": 1, "number_of_casualties": 1, "date": "01/04/2022", "day_of_week": 6, "time": "02:00:00", "local_authority_district": -1, "local_authority_ons_district": "E09000022", "local_authority_highway": "E09000022", "local_authority_highway_current": "E09000022", "first_road_class": 3, "first_road_number": 202, "road_type": 6, "speed_limit": 20, "junction_detail_historic": 6, "junction_detail": 16, "junction_control": 2, "second_road_class": 3, "second_road_number": 23, "pedestrian_crossing_human_control_historic": 0, "pedestrian_crossing_physical_facilities_historic": 5, "pedestrian_crossing": 15, "light_conditions": 4, "weather_conditions": 1, "road_surface_conditions": 1, "special_conditions_at_site": 0, "carriageway_hazards_historic": 0, "carriageway_hazards": 0, "urban_or_rural_area": 1, "did_police_officer_attend_scene_of_accident": 1, "trunk_road_flag": 2, "lsoa_of_accident_location": "E01003099", "enhanced_severity_collision": -1, "collision_injury_based": 0, "collision_adjusted_severity_serious": 0.0, "collision_adjusted_severity_slight": 1.0, "source": "STATS19", "source_year": "2022", "source_record_id": "CRASH_46614", "matched_u": 51, "matched_v": 52, "match_distance": 23.179191749621168 }, "geometry": { "type": "Point", "coordinates": [ -0.11086, 51.481366 ] } },
{ "type": "Feature", "properties": { "collision_index": "2022010393007", "collision_year": 2022, "collision_ref_no": "010393007", "location_easting_osgr": 530160.0, "location_northing_osgr": 179672.0, "longitude": -0.126171, "latitude": 51.501008, "police_force": 1, "collision_severity": 3, "number_of_vehicles": 2, "number_of_casualties": 1, "date": "04/08/2022", "day_of_week": 5, "time": "15:50:00", "local_authority_district": -1, "local_authority_ons_district": "E09000033", "local_authority_highway": "E09000033", "local_authority_highway_current": "E09000033", "first_road_class": 3, "first_road_number": 302, "road_type": 6, "speed_limit": 30, "junction_detail_historic": 6, "junction_detail": 16, "junction_control": 2, "second_road_class": 3, "second_road_number": 3212, "pedestrian_crossing_human_control_historic": 0, "pedestrian_crossing_physical_facilities_historic": 5, "pedestrian_crossing": 15, "light_conditions": 1, "weather_conditions": 1, "road_surface_conditions": 1, "special_conditions_at_site": 0, "carriageway_hazards_historic": 0, "carriageway_hazards": 0, "urban_or_rural_area": 1, "did_police_officer_attend_scene_of_accident": 3, "trunk_road_flag": 2, "lsoa_of_accident_location": "E01004733", "enhanced_severity_collision": -1, "collision_injury_based": 0, "collision_adjusted_severity_serious": 0.0, "collision_adjusted_severity_slight": 1.0, "source": "STATS19", "source_year": "2022", "source_record_id": "CRASH_46645", "matched_u": 35, "matched_v": 36, "match_distance": 47.681848556452678 }, "geometry": { "type": "Point", "coordinates": [ -0.126171, 51.501008 ] } },
{ "type": "Feature", "properties": { "collision_index": "2022010387390", "collision_year": 2022, "collision_ref_no": "010387390", "location_easting_osgr": 533382.0, "location_northing_osgr": 178075.0, "longitude": -0.080382, "latitude": 51.485906, "police_force": 1, "collision_severity": 3, "number_of_vehicles": 2, "number_of_casualties": 1, "date": "08/07/2022", "day_of_week": 6, "time": "16:41:00", "local_authority_district": -1, "local_authority_ons_district": "E09000028", "local_authority_highway": "E09000028", "local_authority_highway_current": "E09000028", "first_road_class": 4, "first_road_number": 214, "road_type": 6, "speed_limit": 20, "junction_detail_historic": 3, "junction_detail": 13, "junction_control": 4, "second_road_class": 6, "second_road_number": 0, "pedestrian_crossing_human_control_historic": 1, "pedestrian_crossing_physical_facilities_historic": 1, "pedestrian_crossing": 11, "light_conditions": 1, "weather_conditions": 1, "road_surface_conditions": 1, "special_conditions_at_site": 1, "carriageway_hazards_historic": 9, "carriageway_hazards": 11, "urban_or_rural_area": 1, "did_police_officer_attend_scene_of_accident": 3, "trunk_road_flag": 2, "lsoa_of_accident_location": "E01003971", "enhanced_severity_collision": -1, "collision_injury_based": 0, "collision_adjusted_severity_serious": 0.0, "collision_adjusted_severity_slight": 1.0, "source": "STATS19", "source_year": "2022", "source_record_id": "CRASH_47859", "matched_u": 92, "matched_v": 93, "match_distance": 41.856128538269331 }, "geometry": { "type": "Point", "coordinates": [ -0.080382, 51.485906 ] } },
{ "type": "Feature", "properties": { "collision_index": "2022010377492", "collision_year": 2022, "collision_ref_no": "010377492", "location_easting_osgr": 532269.0, "location_northing_osgr": 180158.0, "longitude": -0.095622, "latitude": 51.504886, "police_force": 1, "collision_severity": 2, "number_of_vehicles": 2, "number_of_casualties": 1, "date": "20/05/2022", "day_of_week": 6, "time": "07:10:00", "local_authority_district": -1, "local_authority_ons_district": "E09000028", "local_authority_highway": "E09000028", "local_authority_highway_current": "E09000028", "first_road_class": 3, "first_road_number": 3200, "road_type": 6, "speed_limit": 20, "junction_detail_historic": 6, "junction_detail": 16, "junction_control": 2, "second_road_class": 3, "second_road_number": 300, "pedestrian_crossing_human_control_historic": 0, "pedestrian_crossing_physical_facilities_historic": 5, "pedestrian_crossing": 15, "light_conditions": 1, "weather_conditions": 1, "road_surface_conditions": 1, "special_conditions_at_site": 0, "carriageway_hazards_historic": 0, "carriageway_hazards": 0, "urban_or_rural_area": 1, "did_police_officer_attend_scene_of_accident": 1, "trunk_road_flag": 2, "lsoa_of_accident_location": "E01003935", "enhanced_severity_collision": -1, "collision_injury_based": 0, "collision_adjusted_severity_serious": 1.0, "collision_adjusted_severity_slight": 0.0, "source": "STATS19", "source_year": "2022", "source_record_id": "CRASH_48300", "matched_u": 76, "matched_v": 77, "match_distance": 9.4497878851198056 }, "geometry": { "type": "Point", "coordinates": [ -0.095622, 51.504886 ] } },
{ "type": "Feature", "properties": { "collision_index": "2022010409223", "collision_year": 2022, "collision_ref_no": "010409223", "location_easting_osgr": 531238.0, "location_northing_osgr": 178794.0, "longitude": -0.110975, "latitude": 51.492869, "police_force": 1, "collision_severity": 3, "number_of_vehicles": 2, "number_of_casualties": 1, "date": "08/11/2022", "day_of_week": 3, "time": "12:30:00", "local_authority_district": -1, "local_authority_ons_district": "E09000022", "local_authority_highway": "E09000022", "local_authority_highway_current": "E09000022", "first_road_class": 3, "first_road_number": 23, "road_type": 6, "speed_limit": 20, "junction_detail_historic": 3, "junction_detail": 13, "junction_control": 4, "second_road_class": 6, "second_road_number": 0, "pedestrian_crossing_human_control_historic": 0, "pedestrian_crossing_physical_facilities_historic": 0, "pedestrian_crossing": 0, "light_conditions": 1, "weather_conditions": 2, "road_surface_conditions": 2, "special_conditions_at_site": 0, "carriageway_hazards_historic": 0, "carriageway_hazards": 0, "urban_or_rural_area": 1, "did_police_officer_attend_scene_of_accident": 1, "trunk_road_flag": 2, "lsoa_of_accident_location": "E01003015", "enhanced_severity_collision": -1, "collision_injury_based": 0, "collision_adjusted_severity_serious": 0.0, "collision_adjusted_severity_slight": 1.0, "source": "STATS19", "source_year": "2022", "source_record_id": "CRASH_48735", "matched_u": 53, "matched_v": 54, "match_distance": 10.377450308395055 }, "geometry": { "type": "Point", "coordinates": [ -0.110975, 51.492869 ] } },
{ "type": "Feature", "properties": { "collision_index": "2022010386591", "collision_year": 2022, "collision_ref_no": "010386591", "location_easting_osgr": 530664.0, "location_northing_osgr": 180657.0, "longitude": -0.118549, "latitude": 51.509744, "police_force": 1, "collision_severity": 3, "number_of_vehicles": 2, "number_of_casualties": 1, "date": "05/07/2022", "day_of_week": 3, "time": "18:00:00", "local_authority_district": -1, "local_authority_ons_district": "E09000033", "local_authority_highway": "E09000033", "local_authority_highway_current": "E09000033", "first_road_class": 6, "first_road_number": 0, "road_type": 6, "speed_limit": 30, "junction_detail_historic": 3, "junction_detail": 13, "junction_control": 4, "second_road_class": 3, "second_road_number": 3211, "pedestrian_crossing_human_control_historic": 0, "pedestrian_crossing_physical_facilities_historic": 0, "pedestrian_crossing": 0, "light_conditions": 1, "weather_conditions": 1, "road_surface_conditions": 1, "special_conditions_at_site": 0, "carriageway_hazards_historic": 0, "carriageway_hazards": 0, "urban_or_rural_area": 1, "did_police_officer_attend_scene_of_accident": 1, "trunk_road_flag": 2, "lsoa_of_accident_location": "E01004735", "enhanced_severity_collision": -1, "collision_injury_based": 0, "collision_adjusted_severity_serious": 0.0, "collision_adjusted_severity_slight": 1.0, "source": "STATS19", "source_year": "2022", "source_record_id": "CRASH_48768", "matched_u": 47, "matched_v": 48, "match_distance": 31.701317211462086 }, "geometry": { "type": "Point", "coordinates": [ -0.118549, 51.509744 ] } },
{ "type": "Feature", "properties": { "collision_index": "2022010403803", "collision_year": 2022, "collision_ref_no": "010403803", "location_easting_osgr": 529435.0, "location_northing_osgr": 180788.0, "longitude": -0.136201, "latitude": 51.511204, "police_force": 1, "collision_severity": 3, "number_of_vehicles": 2, "number_of_casualties": 1, "date": "04/10/2022", "day_of_week": 3, "time": "23:00:00", "local_authority_district": -1, "local_authority_ons_district": "E09000033", "local_authority_highway": "E09000033", "local_authority_highway_current": "E09000033", "first_road_class": 5, "first_road_number": 0, "road_type": 2, "speed_limit": 20, "junction_detail_historic": 6, "junction_detail": 16, "junction_control": 4, "second_road_class": 6, "second_road_number": 0, "pedestrian_crossing_human_control_historic": 9, "pedestrian_crossing_physical_facilities_historic": 9, "pedestrian_crossing": 99, "light_conditions": 4, "weather_conditions": 1, "road_surface_conditions": 1, "special_conditions_at_site": 0, "carriageway_hazards_historic": 0, "carriageway_hazards": 0, "urban_or_rural_area": 1, "did_police_officer_attend_scene_of_accident": 3, "trunk_road_flag": 2, "lsoa_of_accident_location": "E01033595", "enhanced_severity_collision": -1, "collision_injury_based": 0, "collision_adjusted_severity_serious": 0.0, "collision_adjusted_severity_slight": 1.0, "source": "STATS19", "source_year": "2022", "source_record_id": "CRASH_48770", "matched_u": 18, "matched_v": 28, "match_distance": 19.019423641264439 }, "geometry": { "type": "Point", "coordinates": [ -0.136201, 51.511204 ] } },
{ "type": "Feature", "properties": { "collision_index": "2022010408340", "collision_year": 2022, "collision_ref_no": "010408340", "location_easting_osgr": 530402.0, "location_northing_osgr": 180305.0, "longitude": -0.122453, "latitude": 51.506641, "police_force": 1, "collision_severity": 3, "number_of_vehicles": 2, "number_of_casualties": 1, "date": "04/11/2022", "day_of_week": 6, "time": "06:31:00", "local_authority_district": -1, "local_authority_ons_district": "E09000033", "local_authority_highway": "E09000033", "local_authority_highway_current": "E09000033", "first_road_class": 3, "first_road_number": 3211, "road_type": 3, "speed_limit": 20, "junction_detail_historic": 3, "junction_detail": 13, "junction_control": 2, "second_road_class": 4, "second_road_number": 308, "pedestrian_crossing_human_control_historic": 0, "pedestrian_crossing_physical_facilities_historic": 4, "pedestrian_crossing": 14, "light_conditions": 1, "weather_conditions": 1, "road_surface_conditions": 2, "special_conditions_at_site": 0, "carriageway_hazards_historic": 0, "carriageway_hazards": 0, "urban_or_rural_area": 2, "did_police_officer_attend_scene_of_accident": 1, "trunk_road_flag": 2, "lsoa_of_accident_location": "E01004733", "enhanced_severity_collision": -1, "collision_injury_based": 0, "collision_adjusted_severity_serious": 0.0, "collision_adjusted_severity_slight": 1.0, "source": "STATS19", "source_year": "2022", "source_record_id": "CRASH_49196", "matched_u": 37, "matched_v": 47, "match_distance": 3.9346646256744862 }, "geometry": { "type": "Point", "coordinates": [ -0.122453, 51.506641 ] } },
{ "type": "Feature", "properties": { "collision_index": "2022481177974", "collision_year": 2022, "collision_ref_no": "481177974", "location_easting_osgr": 532309.0, "location_northing_osgr": 180855.0, "longitude": -0.094785, "latitude": 51.511141, "police_force": 48, "collision_severity": 2, "number_of_vehicles": 2, "number_of_casualties": 1, "date": "14/01/2022", "day_of_week": 6, "time": "12:30:00", "local_authority_district": -1, "local_authority_ons_district": "E09000001", "local_authority_highway": "E09000001", "local_authority_highway_current": "E09000001", "first_road_class": 3, "first_road_number": 3211, "road_type": 3, "speed_limit": 20, "junction_detail_historic": 0, "junction_detail": 0, "junction_control": -1, "second_road_class": 0, "second_road_number": -1, "pedestrian_crossing_human_control_historic": 0, "pedestrian_crossing_physical_facilities_historic": 0, "pedestrian_crossing": 0, "light_conditions": 1, "weather_conditions": 1, "road_surface_conditions": 1, "special_conditions_at_site": 0, "carriageway_hazards_historic": 0, "carriageway_hazards": 0, "urban_or_rural_area": 1, "did_police_officer_attend_scene_of_accident": 2, "trunk_road_flag": 2, "lsoa_of_accident_location": "E01032739", "enhanced_severity_collision": 5, "collision_injury_based": 1, "collision_adjusted_severity_serious": 1.0, "collision_adjusted_severity_slight": 0.0, "source": "STATS19", "source_year": "2022", "source_record_id": "CRASH_49508", "matched_u": 78, "matched_v": 88, "match_distance": 7.7508569397032252 }, "geometry": { "type": "Point", "coordinates": [ -0.094785, 51.511141 ] } },
{ "type": "Feature", "properties": { "collision_index": "2022010365981", "collision_year": 2022, "collision_ref_no": "010365981", "location_easting_osgr": 532956.0, "location_northing_osgr": 178416.0, "longitude": -0.086385, "latitude": 51.489071, "police_force": 1, "collision_severity": 2, "number_of_vehicles": 1, "number_of_casualties": 1, "date": "18/03/2022", "day_of_week": 6, "time": "00:08:00", "local_authority_district": -1, "local_authority_ons_district": "E09000028", "local_authority_highway": "E09000028", "local_authority_highway_current": "E09000028", "first_road_class": 6, "first_road_number": 0, "road_type": 6, "speed_limit": 20, "junction_detail_historic": 0, "junction_detail": 0, "junction_control": -1, "second_road_class": 0, "second_road_number": -1, "pedestrian_crossing_human_control_historic": 0, "pedestrian_crossing_physical_facilities_historic": 0, "pedestrian_crossing": 0, "light_conditions": 4, "weather_conditions": 1, "road_surface_conditions": 1, "special_conditions_at_site": 0, "carriageway_hazards_historic": 0, "carriageway_hazards": 0, "urban_or_rural_area": 1, "did_police_officer_attend_scene_of_accident": 1, "trunk_road_flag": 2, "lsoa_of_accident_location": "E01003971", "enhanced_severity_collision": -1, "collision_injury_based": 0, "collision_adjusted_severity_serious": 1.0, "collision_adjusted_severity_slight": 0.0, "source": "STATS19", "source_year": "2022", "source_record_id": "CRASH_49575", "matched_u": 83, "matched_v": 93, "match_distance": 26.220939170569178 }, "geometry": { "type": "Point", "coordinates": [ -0.086385, 51.489071 ] } },
{ "type": "Feature", "properties": { "collision_index": "2022010363393", "collision_year": 2022, "collision_ref_no": "010363393", "location_easting_osgr": 529056.0, "location_northing_osgr": 179140.0, "longitude": -0.142262, "latitude": 51.49648, "police_force": 1, "collision_severity": 3, "number_of_vehicles": 1, "number_of_casualties": 1, "date": "03/03/2022", "day_of_week": 5, "time": "13:58:00", "local_authority_district": -1, "local_authority_ons_district": "E09000033", "local_authority_highway": "E09000033", "local_authority_highway_current": "E09000033", "first_road_class": 3, "first_road_number": 302, "road_type": 6, "speed_limit": 20, "junction_detail_historic": 9, "junction_detail": 19, "junction_control": 2, "second_road_class": 3, "second_road_number": 202, "pedestrian_crossing_human_control_historic": 0, "pedestrian_crossing_physical_facilities_historic": 4, "pedestrian_crossing": 14, "light_conditions": 1, "weather_conditions": 1, "road_surface_conditions": 1, "special_conditions_at_site": 0, "carriageway_hazards_historic": 2, "carriageway_hazards": 17, "urban_or_rural_area": 1, "did_police_officer_attend_scene_of_accident": 1, "trunk_road_flag": 2, "lsoa_of_accident_location": "E01004748", "enhanced_severity_collision": -1, "collision_injury_based": 0, "collision_adjusted_severity_serious": 0.0, "collision_adjusted_severity_slight": 1.0, "source": "STATS19", "source_year": "2022", "source_record_id": "CRASH_50013", "matched_u": 14, "matched_v": 15, "match_distance": 14.644697455469215 }, "geometry": { "type": "Point", "coordinates": [ -0.142262, 51.49648 ] } },
{ "type": "Feature", "properties": { "collision_index": "2022010419007", "collision_year": 2022, "collision_ref_no": "010419007", "location_easting_osgr": 528553.0, "location_northing_osgr": 179024.0, "longitude": -0.149546, "latitude": 51.495552, "police_force": 1, "collision_severity": 3, "number_of_vehicles": 2, "number_of_casualties": 1, "date": "30/12/2022", "day_of_week": 6, "time": "15:10:00", "local_authority_district": -1, "local_authority_ons_district": "E09000033", "local_authority_highway": "E09000033", "local_authority_highway_current": "E09000033", "first_road_class": 3, "first_road_number": 3213, "road_type": 2, "speed_limit": 20, "junction_detail_historic": 6, "junction_detail": 16, "junction_control": 4, "second_road_class": 6, "second_road_number": 0, "pedestrian_crossing_human_control_historic": 0, "pedestrian_crossing_physical_facilities_historic": 0, "pedestrian_crossing": 0, "light_conditions": 1, "weather_conditions": 1, "road_surface_conditions": 1, "special_conditions_at_site": 0, "carriageway_hazards_historic": 0, "carriageway_hazards": 0, "urban_or_rural_area": 1, "did_police_officer_attend_scene_of_accident": 1, "trunk_road_flag": 2, "lsoa_of_accident_location": "E01004690", "enhanced_severity_collision": -1, "collision_injury_based": 0, "collision_adjusted_severity_serious": 0.0, "collision_adjusted_severity_slight": 1.0, "source": "STATS19", "source_year": "2022", "source_record_id": "CRASH_50482", "matched_u": 4, "matched_v": 5, "match_distance": 38.961821777644225 }, "geometry": { "type": "Point", "coordinates": [ -0.149546, 51.495552 ] } },
{ "type": "Feature", "properties": { "collision_index": "2022010378363", "collision_year": 2022, "collision_ref_no": "010378363", "location_easting_osgr": 532050.0, "location_northing_osgr": 178852.0, "longitude": -0.099264, "latitude": 51.493201, "police_force": 1, "collision_severity": 3, "number_of_vehicles": 3, "number_of_casualties": 4, "date": "24/05/2022", "day_of_week": 3, "time": "19:59:00", "local_authority_district": -1, "local_authority_ons_district": "E09000028", "local_authority_highway": "E09000028", "local_authority_highway_current": "E09000028", "first_road_class": 3, "first_road_number": 215, "road_type": 6, "speed_limit": 20, "junction_detail_historic": 7, "junction_detail": 17, "junction_control": 2, "second_road_class": 3, "second_road_number": 3, "pedestrian_crossing_human_control_historic": 0, "pedestrian_crossing_physical_facilities_historic": 5, "pedestrian_crossing": 15, "light_conditions": 1, "weather_conditions": 8, "road_surface_conditions": 2, "special_conditions_at_site": 0, "carriageway_hazards_historic": 2, "carriageway_hazards": 17, "urban_or_rural_area": 1, "did_police_officer_attend_scene_of_accident": 1, "trunk_road_flag": 2, "lsoa_of_accident_location": "E01032720", "enhanced_severity_collision": -1, "collision_injury_based": 0, "collision_adjusted_severity_serious": 0.0, "collision_adjusted_severity_slight": 1.0, "source": "STATS19", "source_year": "2022", "source_record_id": "CRASH_50879", "matched_u": 64, "matched_v": 74, "match_distance": 28.249756087549027 }, "geometry": { "type": "Point", "coordinates": [ -0.099264, 51.493201 ] } },
{ "type": "Feature", "properties": { "collision_index": "2022010364517", "collision_year": 2022, "collision_ref_no": "010364517", "location_easting_osgr": 531257.0, "location_northing_osgr": 177432.0, "longitude": -0.111208, "latitude": 51.480625, "police_force": 1, "collision_severity": 3, "number_of_vehicles": 1, "number_of_casualties": 2, "date": "10/03/2022", "day_of_week": 5, "time": "06:56:00", "local_authority_district": -1, "local_authority_ons_district": "E09000022", "local_authority_highway": "E09000022", "local_authority_highway_current": "E09000022", "first_road_class": 3, "first_road_number": 23, "road_type": 6, "speed_limit": 30, "junction_detail_historic": 0, "junction_detail": 0, "junction_control": -1, "second_road_class": 0, "second_road_number": -1, "pedestrian_crossing_human_control_historic": 0, "pedestrian_crossing_physical_facilities_historic": 5, "pedestrian_crossing": 15, "light_conditions": 1, "weather_conditions": 1, "road_surface_conditions": 1, "special_conditions_at_site": 0, "carriageway_hazards_historic": 0, "carriageway_hazards": 0, "urban_or_rural_area": 1, "did_police_officer_attend_scene_of_accident": 1, "trunk_road_flag": 2, "lsoa_of_accident_location": "E01003100", "enhanced_severity_collision": -1, "collision_injury_based": 0, "collision_adjusted_severity_serious": 0.0, "collision_adjusted_severity_slight": 1.0, "source": "STATS19", "source_year": "2022", "source_record_id": "CRASH_51264", "matched_u": 51, "matched_v": 52, "match_distance": 15.559991046438883 }, "geometry": { "type": "Point", "coordinates": [ -0.111208, 51.480625 ] } },
{ "type": "Feature", "properties": { "collision_index": "2022010380365", "collision_year": 2022, "collision_ref_no": "010380365", "location_easting_osgr": 529993.0, "location_northing_osgr": 180769.0, "longitude": -0.128171, "latitude": 51.510905, "police_force": 1, "collision_severity": 3, "number_of_vehicles": 2, "number_of_casualties": 1, "date": "05/06/2022", "day_of_week": 1, "time": "01:50:00", "local_authority_district": -1, "local_authority_ons_district": "E09000033", "local_authority_highway": "E09000033", "local_authority_highway_current": "E09000033", "first_road_class": 3, "first_road_number": 400, "road_type": 6, "speed_limit": 30, "junction_detail_historic": 3, "junction_detail": 13, "junction_control": 2, "second_road_class": 6, "second_road_number": 0, "pedestrian_crossing_human_control_historic": 0, "pedestrian_crossing_physical_facilities_historic": 4, "pedestrian_crossing": 14, "light_conditions": 4, "weather_conditions": 2, "road_surface_conditions": 2, "special_conditions_at_site": 0, "carriageway_hazards_historic": 0, "carriageway_hazards": 0, "urban_or_rural_area": 1, "did_police_officer_attend_scene_of_accident": 1, "trunk_road_flag": 2, "lsoa_of_accident_location": "E01004734", "enhanced_severity_collision": -1, "collision_injury_based": 0, "collision_adjusted_severity_serious": 0.0, "collision_adjusted_severity_slight": 1.0, "source": "STATS19", "source_year": "2022", "source_record_id": "CRASH_51709", "matched_u": 28, "matched_v": 38, "match_distance": 34.461413133889437 }, "geometry": { "type": "Point", "coordinates": [ -0.128171, 51.510905 ] } },
{ "type": "Feature", "properties": { "collision_index": "2022010413545", "collision_year": 2022, "collision_ref_no": "010413545", "location_easting_osgr": 528577.0, "location_northing_osgr": 181235.0, "longitude": -0.148395, "latitude": 51.515416, "police_force": 1, "collision_severity": 3, "number_of_vehicles": 2, "number_of_casualties": 1, "date": "29/11/2022", "day_of_week": 3, "time": "18:35:00", "local_authority_district": -1, "local_authority_ons_district": "E09000033", "local_authority_highway": "E09000033", "local_authority_highway_current": "E09000033", "first_road_class": 6, "first_road_number": 0, "road_type": 6, "speed_limit": 20, "junction_detail_historic": 3, "junction_detail": 13, "junction_control": 4, "second_road_class": 6, "second_road_number": 0, "pedestrian_crossing_human_control_historic": 0, "pedestrian_crossing_physical_facilities_historic": 0, "pedestrian_crossing": 0, "light_conditions": 4, "weather_conditions": 1, "road_surface_conditions": 1, "special_conditions_at_site": 0, "carriageway_hazards_historic": 0, "carriageway_hazards": 0, "urban_or_rural_area": 1, "did_police_officer_attend_scene_of_accident": 1, "trunk_road_flag": 2, "lsoa_of_accident_location": "E01004714", "enhanced_severity_collision": -1, "collision_injury_based": 0, "collision_adjusted_severity_serious": 0.0, "collision_adjusted_severity_slight": 1.0, "source": "STATS19", "source_year": "2022", "source_record_id": "CRASH_51711", "matched_u": 9, "matched_v": 19, "match_distance": 20.81005909666419 }, "geometry": { "type": "Point", "coordinates": [ -0.148395, 51.515416 ] } },
{ "type": "Feature", "properties": { "collision_index": "2022010386826", "collision_year": 2022, "collision_ref_no": "010386826", "location_easting_osgr": 529628.0, "location_northing_osgr": 178308.0, "longitude": -0.134332, "latitude": 51.488872, "police_force": 1, "collision_severity": 3, "number_of_vehicles": 2, "number_of_casualties": 1, "date": "06/07/2022", "day_of_week": 4, "time": "19:00:00", "local_authority_district": -1, "local_authority_ons_district": "E09000033", "local_authority_highway": "E09000033", "local_authority_highway_current": "E09000033", "first_road_class": 4, "first_road_number": 310, "road_type": 6, "speed_limit": 20, "junction_detail_historic": 3, "junction_detail": 13, "junction_control": 4, "second_road_class": 6, "second_road_number": 0, "pedestrian_crossing_human_control_historic": 0, "pedestrian_crossing_physical_facilities_historic": 0, "pedestrian_crossing": 0, "light_conditions": 1, "weather_conditions": 1, "road_surface_conditions": 1, "special_conditions_at_site": 0, "carriageway_hazards_historic": 0, "carriageway_hazards": 0, "urban_or_rural_area": 1, "did_police_officer_attend_scene_of_accident": 1, "trunk_road_flag": 2, "lsoa_of_accident_location": "E01004741", "enhanced_severity_collision": -1, "collision_injury_based": 0, "collision_adjusted_severity_serious": 0.0, "collision_adjusted_severity_slight": 1.0, "source": "STATS19", "source_year": "2022", "source_record_id": "CRASH_52153", "matched_u": 22, "matched_v": 23, "match_distance": 3.6611743638695775 }, "geometry": { "type": "Point", "coordinates": [ -0.134332, 51.488872 ] } },
{ "type": "Feature", "properties": { "collision_index": "2022481262268", "collision_year": 2022, "collision_ref_no": "481262268", "location_easting_osgr": 531934.0, "location_northing_osgr": 181347.0, "longitude": -0.100002, "latitude": 51.51565, "police_force": 48, "collision_severity": 3, "number_of_vehicles": 2, "number_of_casualties": 1, "date": "09/06/2022", "day_of_week": 5, "time": "09:25:00", "local_authority_district": -1, "local_authority_ons_district": "E09000001", "local_authority_highway": "E09000001", "local_authority_highway_current": "E09000001", "first_road_class": 3, "first_road_number": 40, "road_type": 6, "speed_limit": 20, "junction_detail_historic": 0, "junction_detail": 0, "junction_control": -1, "second_road_class": 0, "second_road_number": -1, "pedestrian_crossing_human_control_historic": 0, "pedestrian_crossing_physical_facilities_historic": 8, "pedestrian_crossing": 17, "light_conditions": 1, "weather_conditions": 1, "road_surface_conditions": 1, "special_conditions_at_site": 0, "carriageway_hazards_historic": 0, "carriageway_hazards": 0, "urban_or_rural_area": 1, "did_police_officer_attend_scene_of_accident": 3, "trunk_road_flag": 2, "lsoa_of_accident_location": "E01032739", "enhanced_severity_collision": 3, "collision_injury_based": 1, "collision_adjusted_severity_serious": 0.0, "collision_adjusted_severity_slight": 1.0, "source": "STATS19", "source_year": "2022", "source_record_id": "CRASH_52483", "matched_u": 69, "matched_v": 79, "match_distance": 21.048623871989545 }, "geometry": { "type": "Point", "coordinates": [ -0.100002, 51.51565 ] } },
{ "type": "Feature", "properties": { "collision_index": "2022010387022", "collision_year": 2022, "collision_ref_no": "010387022", "location_easting_osgr": 531246.0, "location_northing_osgr": 177961.0, "longitude": -0.11117, "latitude": 51.485381, "police_force": 1, "collision_severity": 3, "number_of_vehicles": 2, "number_of_casualties": 1, "date": "07/07/2022", "day_of_week": 5, "time": "16:58:00", "local_authority_district": -1, "local_authority_ons_district": "E09000022", "local_authority_highway": "E09000022", "local_authority_highway_current": "E09000022", "first_road_class": 3, "first_road_number": 23, "road_type": 3, "speed_limit": 20, "junction_detail_historic": 3, "junction_detail": 13, "junction_control": 4, "second_road_class": 6, "second_road_number": 0, "pedestrian_crossing_human_control_historic": 0, "pedestrian_crossing_physical_facilities_historic": 0, "pedestrian_crossing": 0, "light_conditions": 1, "weather_conditions": 1, "road_surface_conditions": 1, "special_conditions_at_site": 0, "carriageway_hazards_historic": 0, "carriageway_hazards": 0, "urban_or_rural_area": 1, "did_police_officer_attend_scene_of_accident": 1, "trunk_road_flag": 2, "lsoa_of_accident_location": "E01003107", "enhanced_severity_collision": -1, "collision_injury_based": 0, "collision_adjusted_severity_serious": 0.0, "collision_adjusted_severity_slight": 1.0, "source": "STATS19", "source_year": "2022", "source_record_id": "CRASH_52540", "matched_u": 52, "matched_v": 53, "match_distance": 11.329850396294203 }, "geometry": { "type": "Point", "coordinates": [ -0.11117, 51.485381 ] } },
{ "type": "Feature", "properties": { "collision_index": "2022010414921", "collision_year": 2022, "collision_ref_no": "010414921", "location_easting_osgr": 531274.0, "location_northing_osgr": 177517.0, "longitude": -0.110931, "latitude": 51.481385, "police_force": 1, "collision_severity": 3, "number_of_vehicles": 2, "number_of_casualties": 1, "date": "07/12/2022", "day_of_week": 4, "time": "06:10:00", "local_authority_district": -1, "local_authority_ons_district": "E09000022", "local_authority_highway": "E09000022", "local_authority_highway_current": "E09000022", "first_road_class": 3, "first_road_number": 202, "road_type": 6, "speed_limit": 20, "junction_detail_historic": 6, "junction_detail": 16, "junction_control": 2, "second_road_class": 3, "second_road_number": 23, "pedestrian_crossing_human_control_historic": 0, "pedestrian_crossing_physical_facilities_historic": 5, "pedestrian_crossing": 15, "light_conditions": 4, "weather_conditions": 1, "road_surface_conditions": 1, "special_conditions_at_site": 0, "carriageway_hazards_historic": 0, "carriageway_hazards": 0, "urban_or_rural_area": 1, "did_police_officer_attend_scene_of_accident": 3, "trunk_road_flag": 2, "lsoa_of_accident_location": "E01003100", "enhanced_severity_collision": -1, "collision_injury_based": 0, "collision_adjusted_severity_serious": 0.0, "collision_adjusted_severity_slight": 1.0, "source": "STATS19", "source_year": "2022", "source_record_id": "CRASH_52542", "matched_u": 51, "matched_v": 52, "match_distance": 15.275507903299514 }, "geometry": { "type": "Point", "coordinates": [ -0.110931, 51.481385 ] } },
{ "type": "Feature", "properties": { "collision_index": "2022010406321", "collision_year": 2022, "collision_ref_no": "010406321", "location_easting_osgr": 532318.0, "location_northing_osgr": 179394.0, "longitude": -0.095203, "latitude": 51.498009, "police_force": 1, "collision_severity": 3, "number_of_vehicles": 2, "number_of_casualties": 2, "date": "24/10/2022", "day_of_week": 2, "time": "16:26:00", "local_authority_district": -1, "local_authority_ons_district": "E09000028", "local_authority_highway": "E09000028", "local_authority_highway_current": "E09000028", "first_road_class": 4, "first_road_number": 240, "road_type": 6, "speed_limit": 20, "junction_detail_historic": 0, "junction_detail": 0, "junction_control": -1, "second_road_class": 0, "second_road_number": -1, "pedestrian_crossing_human_control_historic": 0, "pedestrian_crossing_physical_facilities_historic": 0, "pedestrian_crossing": 0, "light_conditions": 1, "weather_conditions": 1, "road_surface_conditions": 1, "special_conditions_at_site": 0, "carriageway_hazards_historic": 0, "carriageway_hazards": 0, "urban_or_rural_area": 1, "did_police_officer_attend_scene_of_accident": 1, "trunk_road_flag": 2, "lsoa_of_accident_location": "E01003937", "enhanced_severity_collision": -1, "collision_injury_based": 0, "collision_adjusted_severity_serious": 0.0, "collision_adjusted_severity_slight": 1.0, "source": "STATS19", "source_year": "2022", "source_record_id": "CRASH_52561", "matched_u": 75, "matched_v": 76, "match_distance": 37.193078757261901 }, "geometry": { "type": "Point", "coordinates": [ -0.095203, 51.498009 ] } },
{ "type": "Feature", "properties": { "collision_index": "2022010405585", "collision_year": 2022, "collision_ref_no": "010405585", "location_easting_osgr": 533065.0, "location_northing_osgr": 178900.0, "longitude": -0.084634, "latitude": 51.493395, "police_force": 1, "collision_severity": 3, "number_of_vehicles": 2, "number_of_casualties": 1, "date": "20/10/2022", "day_of_week": 5, "time": "13:10:00", "local_authority_district": -1, "local_authority_ons_district": "E09000028", "local_authority_highway": "E09000028", "local_authority_highway_current": "E09000028", "first_road_class": 3, "first_road_number": 2, "road_type": 6, "speed_limit": 30, "junction_detail_historic": 7, "junction_detail": 17, "junction_control": 4, "second_road_class": 3, "second_road_number": 201, "pedestrian_crossing_human_control_historic": 0, "pedestrian_crossing_physical_facilities_historic": 0, "pedestrian_crossing": 0, "light_conditions": 1, "weather_conditions": 2, "road_surface_conditions": 2, "special_conditions_at_site": 0, "carriageway_hazards_historic": 0, "carriageway_hazards": 0, "urban_or_rural_area": 1, "did_police_officer_attend_scene_of_accident": 1, "trunk_road_flag": 2, "lsoa_of_accident_location": "E01003960", "enhanced_severity_collision": -1, "collision_injury_based": 0, "collision_adjusted_severity_serious": 0.0, "collision_adjusted_severity_slight": 1.0, "source": "STATS19", "source_year": "2022", "source_record_id": "CRASH_52969", "matched_u": 84, "matched_v": 94, "match_distance": 6.4366669831797472 }, "geometry": { "type": "Point", "coordinates": [ -0.084634, 51.493395 ] } },
{ "type": "Feature", "properties": { "collision_index": "2022010393118", "collision_year": 2022, "collision_ref_no": "010393118", "location_easting_osgr": 529625.0, "location_northing_osgr": 180793.0, "longitude": -0.133463, "latitude": 51.511205, "police_force": 1, "collision_severity": 3, "number_of_vehicles": 1, "number_of_casualties": 1, "date": "09/08/2022", "day_of_week": 3, "time": "21:14:00", "local_authority_district": -1, "local_authority_ons_district": "E09000033", "local_authority_highway": "E09000033", "local_authority_highway_current": "E09000033", "first_road_class": 3, "first_road_number": 401, "road_type": 3, "speed_limit": 20, "junction_detail_historic": 6, "junction_detail": 16, "junction_control": 2, "second_road_class": 6, "second_road_number": 0, "pedestrian_crossing_human_control_historic": 0, "pedestrian_crossing_physical_facilities_historic": 4, "pedestrian_crossing": 14, "light_conditions": 4, "weather_conditions": 1, "road_surface_conditions": 1, "special_conditions_at_site": 0, "carriageway_hazards_historic": 0, "carriageway_hazards": 0, "urban_or_rural_area": 1, "did_police_officer_attend_scene_of_accident": 1, "trunk_road_flag": 2, "lsoa_of_accident_location": "E01004736", "enhanced_severity_collision": -1, "collision_injury_based": 0, "collision_adjusted_severity_serious": 0.0, "collision_adjusted_severity_slight": 1.0, "source": "STATS19", "source_year": "2022", "source_record_id": "CRASH_52983", "matched_u": 28, "matched_v": 38, "match_distance": 19.198289906606078 }, "geometry": { "type": "Point", "coordinates": [ -0.133463, 51.511205 ] } },
{ "type": "Feature", "properties": { "collision_index": "2022481288916", "collision_year": 2022, "collision_ref_no": "481288916", "location_easting_osgr": 532235.0, "location_northing_osgr": 181016.0, "longitude": -0.09579, "latitude": 51.512605, "police_force": 48, "collision_severity": 2, "number_of_vehicles": 1, "number_of_casualties": 1, "date": "02/10/2022", "day_of_week": 1, "time": "20:14:00", "local_authority_district": -1, "local_authority_ons_district": "E09000001", "local_authority_highway": "E09000001", "local_authority_highway_current": "E09000001", "first_road_class": 6, "first_road_number": 0, "road_type": 6, "speed_limit": 20, "junction_detail_historic": 3, "junction_detail": 13, "junction_control": 2, "second_road_class": 6, "second_road_number": 0, "pedestrian_crossing_human_control_historic": 0, "pedestrian_crossing_physical_facilities_historic": 5, "pedestrian_crossing": 15, "light_conditions": 4, "weather_conditions": 1, "road_surface_conditions": 1, "special_conditions_at_site": 0, "carriageway_hazards_historic": 0, "carriageway_hazards": 0, "urban_or_rural_area": 1, "did_police_officer_attend_scene_of_accident": 1, "trunk_road_flag": 2, "lsoa_of_accident_location": "E01032739", "enhanced_severity_collision": 7, "collision_injury_based": 1, "collision_adjusted_severity_serious": 1.0, "collision_adjusted_severity_slight": 0.0, "source": "STATS19", "source_year": "2022", "source_record_id": "CRASH_53732", "matched_u": 78, "matched_v": 79, "match_distance": 28.151462338390047 }, "geometry": { "type": "Point", "coordinates": [ -0.09579, 51.512605 ] } },
{ "type": "Feature", "properties": { "collision_index": "2022010359242", "collision_year": 2022, "collision_ref_no": "010359242", "location_easting_osgr": 532335.0, "location_northing_osgr": 178214.0, "longitude": -0.0954, "latitude": 51.487401, "police_force": 1, "collision_severity": 3, "number_of_vehicles": 1, "number_of_casualties": 2, "date": "08/02/2022", "day_of_week": 3, "time": "13:40:00", "local_authority_district": -1, "local_authority_ons_district": "E09000028", "local_authority_highway": "E09000028", "local_authority_highway_current": "E09000028", "first_road_class": 3, "first_road_number": 215, "road_type": 6, "speed_limit": 20, "junction_detail_historic": 0, "junction_detail": 0, "junction_control": -1, "second_road_class": 0, "second_road_number": -1, "pedestrian_crossing_human_control_historic": 2, "pedestrian_crossing_physical_facilities_historic": 4, "pedestrian_crossing": 12, "light_conditions": 1, "weather_conditions": 1, "road_surface_conditions": 1, "special_conditions_at_site": 0, "carriageway_hazards_historic": 0, "carriageway_hazards": 0, "urban_or_rural_area": 1, "did_police_officer_attend_scene_of_accident": 1, "trunk_road_flag": 2, "lsoa_of_accident_location": "E01003994", "enhanced_severity_collision": -1, "collision_injury_based": 0, "collision_adjusted_severity_serious": 0.0, "collision_adjusted_severity_slight": 1.0, "source": "STATS19", "source_year": "2022", "source_record_id": "CRASH_54246", "matched_u": 72, "matched_v": 73, "match_distance": 15.263139070986652 }, "geometry": { "type": "Point", "coordinates": [ -0.0954, 51.487401 ] } },
{ "type": "Feature", "properties": { "collision_index": "2022010411633", "collision_year": 2022, "collision_ref_no": "010411633", "location_easting_osgr": 530409.0, "location_northing_osgr": 177829.0, "longitude": -0.123266, "latitude": 51.484388, "police_force": 1, "collision_severity": 3, "number_of_vehicles": 3, "number_of_casualties": 1, "date": "20/11/2022", "day_of_week": 1, "time": "01:05:00", "local_authority_district": -1, "local_authority_ons_district": "E09000022", "local_authority_highway": "E09000022", "local_authority_highway_current": "E09000022", "first_road_class": 3, "first_road_number": 203, "road_type": 9, "speed_limit": 30, "junction_detail_historic": 7, "junction_detail": 17, "junction_control": 2, "second_road_class": 3, "second_road_number": 203, "pedestrian_crossing_human_control_historic": 9, "pedestrian_crossing_physical_facilities_historic": 9, "pedestrian_crossing": 99, "light_conditions": 7, "weather_conditions": 9, "road_surface_conditions": 9, "special_conditions_at_site": 9, "carriageway_hazards_historic": 9, "carriageway_hazards": 99, "urban_or_rural_area": 1, "did_police_officer_attend_scene_of_accident": 3, "trunk_road_flag": 2, "lsoa_of_accident_location": "E01003102", "enhanced_severity_collision": -1, "collision_injury_based": 0, "collision_adjusted_severity_serious": 0.0, "collision_adjusted_severity_slight": 1.0, "source": "STATS19", "source_year": "2022", "source_record_id": "CRASH_54652", "matched_u": 32, "matched_v": 42, "match_distance": 18.174061128869653 }, "geometry": { "type": "Point", "coordinates": [ -0.123266, 51.484388 ] } },
{ "type": "Feature", "properties": { "collision_index": "2022010399182", "collision_year": 2022, "collision_ref_no": "010399182", "location_easting_osgr": 532880.0, "location_northing_osgr": 177786.0, "longitude": -0.087716, "latitude": 51.483427, "police_force": 1, "collision_severity": 3, "number_of_vehicles": 2, "number_of_casualties": 1, "date": "13/09/2022", "day_of_week": 3, "time": "12:30:00", "local_authority_district": -1, "local_authority_ons_district": "E09000028", "local_authority_highway": "E09000028", "local_authority_highway_current": "E09000028", "first_road_class": 4, "first_road_number": 214, "road_type": 3, "speed_limit": 20, "junction_detail_historic": 3, "junction_detail": 13, "junction_control": 2, "second_road_class": 6, "second_road_number": 0, "pedestrian_crossing_human_control_historic": 0, "pedestrian_crossing_physical_facilities_historic": 5, "pedestrian_crossing": 15, "light_conditions": 1, "weather_conditions": 1, "road_surface_conditions": 1, "special_conditions_at_site": 0, "carriageway_hazards_historic": 0, "carriageway_hazards": 0, "urban_or_rural_area": 1, "did_police_officer_attend_scene_of_accident": 1, "trunk_road_flag": 2, "lsoa_of_accident_location": "E01003969", "enhanced_severity_collision": -1, "collision_injury_based": 0, "collision_adjusted_severity_serious": 0.0, "collision_adjusted_severity_slight": 1.0, "source": "STATS19", "source_year": "2022", "source_record_id": "CRASH_54670", "matched_u": 81, "matched_v": 82, "match_distance": 6.1844161551798607 }, "geometry": { "type": "Point", "coordinates": [ -0.087716, 51.483427 ] } },
{ "type": "Feature", "properties": { "collision_index": "2022010366366", "collision_year": 2022, "collision_ref_no": "010366366", "location_easting_osgr": 531136.0, "location_northing_osgr": 181618.0, "longitude": -0.111395, "latitude": 51.518271, "police_force": 1, "collision_severity": 3, "number_of_vehicles": 2, "number_of_casualties": 3, "date": "19/03/2022", "day_of_week": 7, "time": "21:50:00", "local_authority_district": -1, "local_authority_ons_district": "E09000007", "local_authority_highway": "E09000007", "local_authority_highway_current": "E09000007", "first_road_class": 3, "first_road_number": 40, "road_type": 6, "speed_limit": 20, "junction_detail_historic": 3, "junction_detail": 13, "junction_control": 2, "second_road_class": 3, "second_road_number": 5200, "pedestrian_crossing_human_control_historic": 0, "pedestrian_crossing_physical_facilities_historic": 5, "pedestrian_crossing": 15, "light_conditions": 4, "weather_conditions": 1, "road_surface_conditions": 1, "special_conditions_at_site": 0, "carriageway_hazards_historic": 0, "carriageway_hazards": 0, "urban_or_rural_area": 1, "did_police_officer_attend_scene_of_accident": 1, "trunk_road_flag": 2, "lsoa_of_accident_location": "E01000914", "enhanced_severity_collision": -1, "collision_injury_based": 0, "collision_adjusted_severity_serious": 0.0, "collision_adjusted_severity_slight": 1.0, "source": "STATS19", "source_year": "2022", "source_record_id": "CRASH_55034", "matched_u": 59, "matched_v": 60, "match_distance": 36.376735824780553 }, "geometry": { "type": "Point", "coordinates": [ -0.111395, 51.518271 ] } },
{ "type": "Feature", "properties": { "collision_index": "2022481267469", "collision_year": 2022, "collision_ref_no": "481267469", "location_easting_osgr": 532795.0, "location_northing_osgr": 180863.0, "longitude": -0.087783, "latitude": 51.511099, "police_force": 48, "collision_severity": 2, "number_of_vehicles": 1, "number_of_casualties": 1, "date": "20/07/2022", "day_of_week": 4, "time": "06:40:00", "local_authority_district": -1, "local_authority_ons_district": "E09000001", "local_authority_highway": "E09000001", "local_authority_highway_current": "E09000001", "first_road_class": 6, "first_road_number": 0, "road_type": 6, "speed_limit": 20, "junction_detail_historic": 3, "junction_detail": 13, "junction_control": 4, "second_road_class": 6, "second_road_number": 0, "pedestrian_crossing_human_control_historic": 0, "pedestrian_crossing_physical_facilities_historic": 0, "pedestrian_crossing": 0, "light_conditions": 4, "weather_conditions": 1, "road_surface_conditions": 1, "special_conditions_at_site": 0, "carriageway_hazards_historic": 0, "carriageway_hazards": 0, "urban_or_rural_area": 1, "did_police_officer_attend_scene_of_accident": 3, "trunk_road_flag": 2, "lsoa_of_accident_location": "E01032739", "enhanced_severity_collision": 7, "collision_injury_based": 1, "collision_adjusted_severity_serious": 1.0, "collision_adjusted_severity_slight": 0.0, "source": "STATS19", "source_year": "2022", "source_record_id": "CRASH_55869", "matched_u": 78, "matched_v": 88, "match_distance": 0.23848779685795307 }, "geometry": { "type": "Point", "coordinates": [ -0.087783, 51.511099 ] } },
{ "type": "Feature", "properties": { "collision_index": "2022010357390", "collision_year": 2022, "collision_ref_no": "010357390", "location_easting_osgr": 530907.0, "location_northing_osgr": 177881.0, "longitude": -0.116079, "latitude": 51.484741, "police_force": 1, "collision_severity": 3, "number_of_vehicles": 4, "number_of_casualties": 1, "date": "29/01/2022", "day_of_week": 7, "time": "11:50:00", "local_authority_district": -1, "local_authority_ons_district": "E09000022", "local_authority_highway": "E09000022", "local_authority_highway_current": "E09000022", "first_road_class": 6, "first_road_number": 0, "road_type": 6, "speed_limit": 20, "junction_detail_historic": 9, "junction_detail": 19, "junction_control": 4, "second_road_class": 6, "second_road_number": 0, "pedestrian_crossing_human_control_historic": 0, "pedestrian_crossing_physical_facilities_historic": 0, "pedestrian_crossing": 0, "light_conditions": 1, "weather_conditions": 1, "road_surface_conditions": 1, "special_conditions_at_site": 4, "carriageway_hazards_historic": 0, "carriageway_hazards": 13, "urban_or_rural_area": 1, "did_police_officer_attend_scene_of_accident": 1, "trunk_road_flag": 2, "lsoa_of_accident_location": "E01003099", "enhanced_severity_collision": -1, "collision_injury_based": 0, "collision_adjusted_severity_serious": 0.0, "collision_adjusted_severity_slight": 1.0, "source": "STATS19", "source_year": "2022", "source_record_id": "CRASH_55933", "matched_u": 42, "matched_v": 52, "match_distance": 44.928836494684212 }, "geometry": { "type": "Point", "coordinates": [ -0.116079, 51.484741 ] } },
{ "type": "Feature", "properties": { "collision_index": "2022010389085", "collision_year": 2022, "collision_ref_no": "010389085", "location_easting_osgr": 533053.0, "location_northing_osgr": 178918.0, "longitude": -0.0848, "latitude": 51.493559, "police_force": 1, "collision_severity": 3, "number_of_vehicles": 2, "number_of_casualties": 1, "date": "18/07/2022", "day_of_week": 2, "time": "08:15:00", "local_authority_district": -1, "local_authority_ons_district": "E09000028", "local_authority_highway": "E09000028", "local_authority_highway_current": "E09000028", "first_road_class": 3, "first_road_number": 2, "road_type": 3, "speed_limit": 30, "junction_detail_historic": 7, "junction_detail": 17, "junction_control": 2, "second_road_class": 3, "second_road_number": 201, "pedestrian_crossing_human_control_historic": 0, "pedestrian_crossing_physical_facilities_historic": 0, "pedestrian_crossing": 0, "light_conditions": 1, "weather_conditions": 1, "road_surface_conditions": 1, "special_conditions_at_site": 0, "carriageway_hazards_historic": 0, "carriageway_hazards": 0, "urban_or_rural_area": 1, "did_police_officer_attend_scene_of_accident": 1, "trunk_road_flag": 2, "lsoa_of_accident_location": "E01003960", "enhanced_severity_collision": -1, "collision_injury_based": 0, "collision_adjusted_severity_serious": 0.0, "collision_adjusted_severity_slight": 1.0, "source": "STATS19", "source_year": "2022", "source_record_id": "CRASH_55952", "matched_u": 84, "matched_v": 94, "match_distance": 35.759325337596238 }, "geometry": { "type": "Point", "coordinates": [ -0.0848, 51.493559 ] } },
{ "type": "Feature", "properties": { "collision_index": "2022010384908", "collision_year": 2022, "collision_ref_no": "010384908", "location_easting_osgr": 530058.0, "location_northing_osgr": 180313.0, "longitude": -0.127403, "latitude": 51.506792, "police_force": 1, "collision_severity": 3, "number_of_vehicles": 2, "number_of_casualties": 1, "date": "14/06/2022", "day_of_week": 3, "time": "14:00:00", "local_authority_district": -1, "local_authority_ons_district": "E09000033", "local_authority_highway": "E09000033", "local_authority_highway_current": "E09000033", "first_road_class": 3, "first_road_number": 3212, "road_type": 6, "speed_limit": 30, "junction_detail_historic": 1, "junction_detail": 0, "junction_control": 2, "second_road_class": 6, "second_road_number": 0, "pedestrian_crossing_human_control_historic": 0, "pedestrian_crossing_physical_facilities_historic": 5, "pedestrian_crossing": 15, "light_conditions": 1, "weather_conditions": 1, "road_surface_conditions": 1, "special_conditions_at_site": 0, "carriageway_hazards_historic": 0, "carriageway_hazards": 0, "urban_or_rural_area": 1, "did_police_officer_attend_scene_of_accident": 3, "trunk_road_flag": 2, "lsoa_of_accident_location": "E01004736", "enhanced_severity_collision": -1, "collision_injury_based": 0, "collision_adjusted_severity_serious": 0.0, "collision_adjusted_severity_slight": 1.0, "source": "STATS19", "source_year": "2022", "source_record_id": "CRASH_55970", "matched_u": 27, "matched_v": 37, "match_distance": 23.071480792947114 }, "geometry": { "type": "Point", "coordinates": [ -0.127403, 51.506792 ] } },
{ "type": "Feature", "properties": { "collision_index": "2022010386765", "collision_year": 2022, "collision_ref_no": "010386765", "location_easting_osgr": 529958.0, "location_northing_osgr": 178307.0, "longitude": -0.129582, "latitude": 51.488788, "police_force": 1, "collision_severity": 3, "number_of_vehicles": 2, "number_of_casualties": 1, "date": "06/07/2022", "day_of_week": 4, "time": "16:00:00", "local_authority_district": -1, "local_authority_ons_district": "E09000033", "local_authority_highway": "E09000033", "local_authority_highway_current": "E09000033", "first_road_class": 3, "first_road_number": 202, "road_type": 6, "speed_limit": 20, "junction_detail_historic": 7, "junction_detail": 17, "junction_control": 2, "second_road_class": 3, "second_road_number": 3212, "pedestrian_crossing_human_control_historic": 0, "pedestrian_crossing_physical_facilities_historic": 5, "pedestrian_crossing": 15, "light_conditions": 1, "weather_conditions": 1, "road_surface_conditions": 1, "special_conditions_at_site": 0, "carriageway_hazards_historic": 0, "carriageway_hazards": 0, "urban_or_rural_area": 1, "did_police_officer_attend_scene_of_accident": 1, "trunk_road_flag": 2, "lsoa_of_accident_location": "E01004745", "enhanced_severity_collision": -1, "collision_injury_based": 0, "collision_adjusted_severity_serious": 0.0, "collision_adjusted_severity_slight": 1.0, "source": "STATS19", "source_year": "2022", "source_record_id": "CRASH_56418", "matched_u": 23, "matched_v": 33, "match_distance": 24.373479176312685 }, "geometry": { "type": "Point", "coordinates": [ -0.129582, 51.488788 ] } },
{ "type": "Feature", "properties": { "collision_index": "2022010382627", "collision_year": 2022, "collision_ref_no": "010382627", "location_easting_osgr": 531526.0, "location_northing_osgr": 181799.0, "longitude": -0.10571, "latitude": 51.519807, "police_force": 1, "collision_severity": 3, "number_of_vehicles": 1, "number_of_casualties": 1, "date": "16/06/2022", "day_of_week": 5, "time": "08:55:00", "local_authority_district": -1, "local_authority_ons_district": "E09000007", "local_authority_highway": "E09000007", "local_authority_highway_current": "E09000019", "first_road_class": 3, "first_road_number": 201, "road_type": 6, "speed_limit": 20, "junction_detail_historic": 0, "junction_detail": 0, "junction_control": -1, "second_road_class": 0, "second_road_number": -1, "pedestrian_crossing_human_control_historic": 0, "pedestrian_crossing_physical_facilities_historic": 4, "pedestrian_crossing": 14, "light_conditions": 1, "weather_conditions": 1, "road_surface_conditions": 1, "special_conditions_at_site": 0, "carriageway_hazards_historic": 0, "carriageway_hazards": 0, "urban_or_rural_area": 1, "did_police_officer_attend_scene_of_accident": 1, "trunk_road_flag": 2, "lsoa_of_accident_location": "E01002724", "enhanced_severity_collision": -1, "collision_injury_based": 0, "collision_adjusted_severity_serious": 0.0, "collision_adjusted_severity_slight": 1.0, "source": "STATS19", "source_year": "2022", "source_record_id": "CRASH_56784", "matched_u": 60, "matched_v": 70, "match_distance": 28.624057881534103 }, "geometry": { "type": "Point", "coordinates": [ -0.10571, 51.519807 ] } },
{ "type": "Feature", "properties": { "collision_index": "2022481261452", "collision_year": 2022, "collision_ref_no": "481261452", "location_easting_osgr": 531801.0, "location_northing_osgr": 180830.0, "longitude": -0.10211, "latitude": 51.511035, "police_force": 48, "collision_severity": 3, "number_of_vehicles": 2, "number_of_casualties": 1, "date": "02/07/2022", "day_of_week": 7, "time": "00:28:00", "local_authority_district": -1, "local_authority_ons_district": "E09000001", "local_authority_highway": "E09000001", "local_authority_highway_current": "E09000001", "first_road_class": 3, "first_road_number": 3211, "road_type": 6, "speed_limit": 20, "junction_detail_historic": 0, "junction_detail": 0, "junction_control": -1, "second_road_class": 0, "second_road_number": -1, "pedestrian_crossing_human_control_historic": 0, "pedestrian_crossing_physical_facilities_historic": 0, "pedestrian_crossing": 0, "light_conditions": 4, "weather_conditions": 1, "road_surface_conditions": 1, "special_conditions_at_site": 0, "carriageway_hazards_historic": 0, "carriageway_hazards": 0, "urban_or_rural_area": 2, "did_police_officer_attend_scene_of_accident": 1, "trunk_road_flag": 2, "lsoa_of_accident_location": "E01032739", "enhanced_severity_collision": 3, "collision_injury_based": 1, "collision_adjusted_severity_serious": 0.0, "collision_adjusted_severity_slight": 1.0, "source": "STATS19", "source_year": "2022", "source_record_id": "CRASH_57199", "matched_u": 68, "matched_v": 78, "match_distance": 11.208918534219263 }, "geometry": { "type": "Point", "coordinates": [ -0.10211, 51.511035 ] } },
{ "type": "Feature", "properties": { "collision_index": "2022010393518", "collision_year": 2022, "collision_ref_no": "010393518", "location_easting_osgr": 530082.0, "location_northing_osgr": 181303.0, "longitude": -0.126693, "latitude": 51.515683, "police_force": 1, "collision_severity": 3, "number_of_vehicles": 2, "number_of_casualties": 1, "date": "10/08/2022", "day_of_week": 4, "time": "15:10:00", "local_authority_district": -1, "local_authority_ons_district": "E09000007", "local_authority_highway": "E09000007", "local_authority_highway_current": "E09000007", "first_road_class": 3, "first_road_number": 40, "road_type": 6, "speed_limit": 20, "junction_detail_historic": 7, "junction_detail": 17, "junction_control": 2, "second_road_class": 3, "second_road_number": 401, "pedestrian_crossing_human_control_historic": 0, "pedestrian_crossing_physical_facilities_historic": 5, "pedestrian_crossing": 15, "light_conditions": 1, "weather_conditions": 1, "road_surface_conditions": 1, "special_conditions_at_site": 0, "carriageway_hazards_historic": 0, "carriageway_hazards": 0, "urban_or_rural_area": 1, "did_police_officer_attend_scene_of_accident": 3, "trunk_road_flag": 2, "lsoa_of_accident_location": "E01000919", "enhanced_severity_collision": -1, "collision_injury_based": 0, "collision_adjusted_severity_serious": 0.0, "collision_adjusted_severity_slight": 1.0, "source": "STATS19", "source_year": "2022", "source_record_id": "CRASH_57211", "matched_u": 39, "matched_v": 40, "match_distance": 10.426925637637396 }, "geometry": { "type": "Point", "coordinates": [ -0.126693, 51.515683 ] } },
{ "type": "Feature", "properties": { "collision_index": "2022481261890", "collision_year": 2022, "collision_ref_no": "481261890", "location_easting_osgr": 533329.0, "location_northing_osgr": 180703.0, "longitude": -0.080153, "latitude": 51.509535, "police_force": 48, "collision_severity": 2, "number_of_vehicles": 2, "number_of_casualties": 1, "date": "15/07/2022", "day_of_week": 6, "time": "13:45:00", "local_authority_district": -1, "local_authority_ons_district": "E09000001", "local_authority_highway": "E09000001", "local_authority_highway_current": "E09000001", "first_road_class": 3, "first_road_number": 3211, "road_type": 3, "speed_limit": 20, "junction_detail_historic": 3, "junction_detail": 13, "junction_control": 2, "second_road_class": 6, "second_road_number": 0, "pedestrian_crossing_human_control_historic": 0, "pedestrian_crossing_physical_facilities_historic": 5, "pedestrian_crossing": 15, "light_conditions": 1, "weather_conditions": 1, "road_surface_conditions": 1, "special_conditions_at_site": 0, "carriageway_hazards_historic": 0, "carriageway_hazards": 0, "urban_or_rural_area": 1, "did_police_officer_attend_scene_of_accident": 1, "trunk_road_flag": 2, "lsoa_of_accident_location": "E01032739", "enhanced_severity_collision": 7, "collision_injury_based": 1, "collision_adjusted_severity_serious": 1.0, "collision_adjusted_severity_slight": 0.0, "source": "STATS19", "source_year": "2022", "source_record_id": "CRASH_58050", "matched_u": 97, "matched_v": 98, "match_distance": 16.363965146611012 }, "geometry": { "type": "Point", "coordinates": [ -0.080153, 51.509535 ] } },
{ "type": "Feature", "properties": { "collision_index": "2022010395815", "collision_year": 2022, "collision_ref_no": "010395815", "location_easting_osgr": 531239.0, "location_northing_osgr": 178582.0, "longitude": -0.11104, "latitude": 51.490963, "police_force": 1, "collision_severity": 2, "number_of_vehicles": 2, "number_of_casualties": 1, "date": "23/08/2022", "day_of_week": 3, "time": "15:28:00", "local_authority_district": -1, "local_authority_ons_district": "E09000022", "local_authority_highway": "E09000022", "local_authority_highway_current": "E09000022", "first_road_class": 3, "first_road_number": 23, "road_type": 6, "speed_limit": 30, "junction_detail_historic": 3, "junction_detail": 13, "junction_control": 4, "second_road_class": 6, "second_road_number": 0, "pedestrian_crossing_human_control_historic": 0, "pedestrian_crossing_physical_facilities_historic": 9, "pedestrian_crossing": 0, "light_conditions": 1, "weather_conditions": 1, "road_surface_conditions": 1, "special_conditions_at_site": 0, "carriageway_hazards_historic": 0, "carriageway_hazards": 0, "urban_or_rural_area": 1, "did_police_officer_attend_scene_of_accident": 3, "trunk_road_flag": 2, "lsoa_of_accident_location": "E01003106", "enhanced_severity_collision": -1, "collision_injury_based": 0, "collision_adjusted_severity_serious": 1.0, "collision_adjusted_severity_slight": 0.0, "source": "STATS19", "source_year": "2022", "source_record_id": "CRASH_58551", "matched_u": 53, "matched_v": 54, "match_distance": 3.1416834068313619 }, "geometry": { "type": "Point", "coordinates": [ -0.11104, 51.490963 ] } },
{ "type": "Feature", "properties": { "collision_index": "2022010359500", "collision_year": 2022, "collision_ref_no": "010359500", "location_easting_osgr": 529204.0, "location_northing_osgr": 180306.0, "longitude": -0.139704, "latitude": 51.506925, "police_force": 1, "collision_severity": 3, "number_of_vehicles": 2, "number_of_casualties": 2, "date": "09/02/2022", "day_of_week": 4, "time": "23:34:00", "local_authority_district": -1, "local_authority_ons_district": "E09000033", "local_authority_highway": "E09000033", "local_authority_highway_current": "E09000033", "first_road_class": 3, "first_road_number": 4, "road_type": 3, "speed_limit": 20, "junction_detail_historic": 0, "junction_detail": 0, "junction_control": -1, "second_road_class": 0, "second_road_number": -1, "pedestrian_crossing_human_control_historic": 0, "pedestrian_crossing_physical_facilities_historic": 0, "pedestrian_crossing": 0, "light_conditions": 4, "weather_conditions": 2, "road_surface_conditions": 2, "special_conditions_at_site": 0, "carriageway_hazards_historic": 0, "carriageway_hazards": 0, "urban_or_rural_area": 1, "did_police_officer_attend_scene_of_accident": 1, "trunk_road_flag": 2, "lsoa_of_accident_location": "E01004736", "enhanced_severity_collision": -1, "collision_injury_based": 0, "collision_adjusted_severity_serious": 0.0, "collision_adjusted_severity_slight": 1.0, "source": "STATS19", "source_year": "2022", "source_record_id": "CRASH_58575", "matched_u": 17, "matched_v": 27, "match_distance": 46.858424735255539 }, "geometry": { "type": "Point", "coordinates": [ -0.139704, 51.506925 ] } },
{ "type": "Feature", "properties": { "collision_index": "2022010437592", "collision_year": 2022, "collision_ref_no": "010437592", "location_easting_osgr": 529611.0, "location_northing_osgr": 178924.0, "longitude": -0.13435, "latitude": 51.494412, "police_force": 1, "collision_severity": 3, "number_of_vehicles": 2, "number_of_casualties": 1, "date": "10/12/2022", "day_of_week": 7, "time": "03:52:00", "local_authority_district": -1, "local_authority_ons_district": "E09000033", "local_authority_highway": "E09000033", "local_authority_highway_current": "E09000033", "first_road_class": 6, "first_road_number": 0, "road_type": 2, "speed_limit": 20, "junction_detail_historic": 0, "junction_detail": 0, "junction_control": -1, "second_road_class": 0, "second_road_number": -1, "pedestrian_crossing_human_control_historic": 0, "pedestrian_crossing_physical_facilities_historic": 0, "pedestrian_crossing": 0, "light_conditions": 4, "weather_conditions": 1, "road_surface_conditions": 1, "special_conditions_at_site": 0, "carriageway_hazards_historic": 0, "carriageway_hazards": 0, "urban_or_rural_area": 1, "did_police_officer_attend_scene_of_accident": 3, "trunk_road_flag": 2, "lsoa_of_accident_location": "E01004744", "enhanced_severity_collision": -1, "collision_injury_based": 0, "collision_adjusted_severity_serious": 0.0, "collision_adjusted_severity_slight": 1.0, "source": "STATS19", "source_year": "2022", "source_record_id": "CRASH_58578", "matched_u": 24, "matched_v": 25, "match_distance": 1.6574235295902326 }, "geometry": { "type": "Point", "coordinates": [ -0.13435, 51.494412 ] } },
{ "type": "Feature", "properties": { "collision_index": "2022010394602", "collision_year": 2022, "collision_ref_no": "010394602", "location_easting_osgr": 530802.0, "location_northing_osgr": 177840.0, "longitude": -0.117605, "latitude": 51.484397, "police_force": 1, "collision_severity": 3, "number_of_vehicles": 2, "number_of_casualties": 1, "date": "18/08/2022", "day_of_week": 5, "time": "19:15:00", "local_authority_district": -1, "local_authority_ons_district": "E09000022", "local_authority_highway": "E09000022", "local_authority_highway_current": "E09000022", "first_road_class": 3, "first_road_number": 202, "road_type": 6, "speed_limit": 30, "junction_detail_historic": 3, "junction_detail": 13, "junction_control": 4, "second_road_class": 6, "second_road_number": 0, "pedestrian_crossing_human_control_historic": 0, "pedestrian_crossing_physical_facilities_historic": 1, "pedestrian_crossing": 13, "light_conditions": 1, "weather_conditions": 1, "road_surface_conditions": 2, "special_conditions_at_site": 0, "carriageway_hazards_historic": 0, "carriageway_hazards": 0, "urban_or_rural_area": 1, "did_police_officer_attend_scene_of_accident": 3, "trunk_road_flag": 2, "lsoa_of_accident_location": "E01003102", "enhanced_severity_collision": -1, "collision_injury_based": 0, "collision_adjusted_severity_serious": 0.0, "collision_adjusted_severity_slight": 1.0, "source": "STATS19", "source_year": "2022", "source_record_id": "CRASH_58933", "matched_u": 42, "matched_v": 52, "match_distance": 16.565211449749768 }, "geometry": { "type": "Point", "coordinates": [ -0.117605, 51.484397 ] } },
{ "type": "Feature", "properties": { "collision_index": "2022010367185", "collision_year": 2022, "collision_ref_no": "010367185", "location_easting_osgr": 532298.0, "location_northing_osgr": 178335.0, "longitude": -0.095888, "latitude": 51.488497, "police_force": 1, "collision_severity": 3, "number_of_vehicles": 1, "number_of_casualties": 1, "date": "15/03/2022", "day_of_week": 3, "time": "09:18:00", "local_authority_district": -1, "local_authority_ons_district": "E09000028", "local_authority_highway": "E09000028", "local_authority_highway_current": "E09000028", "first_road_class": 3, "first_road_number": 215, "road_type": 6, "speed_limit": 20, "junction_detail_historic": 0, "junction_detail": 0, "junction_control": -1, "second_road_class": 0, "second_road_number": -1, "pedestrian_crossing_human_control_historic": 2, "pedestrian_crossing_physical_facilities_historic": 5, "pedestrian_crossing": 12, "light_conditions": 1, "weather_conditions": 1, "road_surface_conditions": 1, "special_conditions_at_site": 0, "carriageway_hazards_historic": 0, "carriageway_hazards": 0, "urban_or_rural_area": 1, "did_police_officer_attend_scene_of_accident": 1, "trunk_road_flag": 2, "lsoa_of_accident_location": "E01032722", "enhanced_severity_collision": -1, "collision_injury_based": 0, "collision_adjusted_severity_serious": 0.0, "collision_adjusted_severity_slight": 1.0, "source": "STATS19", "source_year": "2022", "source_record_id": "CRASH_58949", "matched_u": 72, "matched_v": 73, "match_distance": 39.060772436130719 }, "geometry": { "type": "Point", "coordinates": [ -0.095888, 51.488497 ] } },
{ "type": "Feature", "properties": { "collision_index": "2022481262519", "collision_year": 2022, "collision_ref_no": "481262519", "location_easting_osgr": 531671.0, "location_northing_osgr": 181477.0, "longitude": -0.103741, "latitude": 51.516879, "police_force": 48, "collision_severity": 2, "number_of_vehicles": 1, "number_of_casualties": 1, "date": "04/08/2022", "day_of_week": 5, "time": "19:00:00", "local_authority_district": -1, "local_authority_ons_district": "E09000001", "local_authority_highway": "E09000001", "local_authority_highway_current": "E09000001", "first_road_class": 3, "first_road_number": 40, "road_type": 3, "speed_limit": 20, "junction_detail_historic": 0, "junction_detail": 0, "junction_control": -1, "second_road_class": 0, "second_road_number": -1, "pedestrian_crossing_human_control_historic": 0, "pedestrian_crossing_physical_facilities_historic": 4, "pedestrian_crossing": 14, "light_conditions": 1, "weather_conditions": 1, "road_surface_conditions": 1, "special_conditions_at_site": 0, "carriageway_hazards_historic": 0, "carriageway_hazards": 0, "urban_or_rural_area": 1, "did_police_officer_attend_scene_of_accident": 1, "trunk_road_flag": 2, "lsoa_of_accident_location": "E01032740", "enhanced_severity_collision": 7, "collision_injury_based": 1, "collision_adjusted_severity_serious": 1.0, "collision_adjusted_severity_slight": 0.0, "source": "STATS19", "source_year": "2022", "source_record_id": "CRASH_59288", "matched_u": 69, "matched_v": 70, "match_distance": 48.795043464386254 }, "geometry": { "type": "Point", "coordinates": [ -0.103741, 51.516879 ] } },
{ "type": "Feature", "properties": { "collision_index": "2022010384291", "collision_year": 2022, "collision_ref_no": "010384291", "location_easting_osgr": 530056.0, "location_northing_osgr": 180304.0, "longitude": -0.127436, "latitude": 51.506712, "police_force": 1, "collision_severity": 2, "number_of_vehicles": 2, "number_of_casualties": 1, "date": "23/06/2022", "day_of_week": 5, "time": "18:30:00", "local_authority_district": -1, "local_authority_ons_district": "E09000033", "local_authority_highway": "E09000033", "local_authority_highway_current": "E09000033", "first_road_class": 3, "first_road_number": 3212, "road_type": 6, "speed_limit": 20, "junction_detail_historic": 0, "junction_detail": 0, "junction_control": -1, "second_road_class": 0, "second_road_number": -1, "pedestrian_crossing_human_control_historic": 0, "pedestrian_crossing_physical_facilities_historic": 0, "pedestrian_crossing": 0, "light_conditions": 1, "weather_conditions": 1, "road_surface_conditions": 1, "special_conditions_at_site": 0, "carriageway_hazards_historic": 0, "carriageway_hazards": 0, "urban_or_rural_area": 1, "did_police_officer_attend_scene_of_accident": 1, "trunk_road_flag": 2, "lsoa_of_accident_location": "E01004736", "enhanced_severity_collision": -1, "collision_injury_based": 0, "collision_adjusted_severity_serious": 1.0, "collision_adjusted_severity_slight": 0.0, "source": "STATS19", "source_year": "2022", "source_record_id": "CRASH_59377", "matched_u": 27, "matched_v": 37, "match_distance": 8.7635780340060592 }, "geometry": { "type": "Point", "coordinates": [ -0.127436, 51.506712 ] } },
{ "type": "Feature", "properties": { "collision_index": "2022010372631", "collision_year": 2022, "collision_ref_no": "010372631", "location_easting_osgr": 531201.0, "location_northing_osgr": 179191.0, "longitude": -0.111361, "latitude": 51.496445, "police_force": 1, "collision_severity": 3, "number_of_vehicles": 2, "number_of_casualties": 1, "date": "24/04/2022", "day_of_week": 1, "time": "11:45:00", "local_authority_district": -1, "local_authority_ons_district": "E09000022", "local_authority_highway": "E09000022", "local_authority_highway_current": "E09000028", "first_road_class": 3, "first_road_number": 23, "road_type": 3, "speed_limit": 20, "junction_detail_historic": 6, "junction_detail": 16, "junction_control": 2, "second_road_class": 3, "second_road_number": 3203, "pedestrian_crossing_human_control_historic": 0, "pedestrian_crossing_physical_facilities_historic": 0, "pedestrian_crossing": 0, "light_conditions": 4, "weather_conditions": 1, "road_surface_conditions": 1, "special_conditions_at_site": 0, "carriageway_hazards_historic": 0, "carriageway_hazards": 0, "urban_or_rural_area": 1, "did_police_officer_attend_scene_of_accident": 1, "trunk_road_flag": 2, "lsoa_of_accident_location": "E01003933", "enhanced_severity_collision": -1, "collision_injury_based": 0, "collision_adjusted_severity_serious": 0.0, "collision_adjusted_severity_slight": 1.0, "source": "STATS19", "source_year": "2022", "source_record_id": "CRASH_59778", "matched_u": 54, "matched_v": 55, "match_distance": 32.591873137809671 }, "geometry": { "type": "Point", "coordinates": [ -0.111361, 51.496445 ] } },
{ "type": "Feature", "properties": { "collision_index": "2022010360044", "collision_year": 2022, "collision_ref_no": "010360044", "location_easting_osgr": 529107.0, "location_northing_osgr": 181248.0, "longitude": -0.140756, "latitude": 51.515412, "police_force": 1, "collision_severity": 2, "number_of_vehicles": 1, "number_of_casualties": 1, "date": "11/02/2022", "day_of_week": 6, "time": "18:35:00", "local_authority_district": -1, "local_authority_ons_district": "E09000033", "local_authority_highway": "E09000033", "local_authority_highway_current": "E09000033", "first_road_class": 3, "first_road_number": 40, "road_type": 6, "speed_limit": 20, "junction_detail_historic": 3, "junction_detail": 13, "junction_control": 4, "second_road_class": 3, "second_road_number": 4201, "pedestrian_crossing_human_control_historic": 0, "pedestrian_crossing_physical_facilities_historic": 8, "pedestrian_crossing": 17, "light_conditions": 4, "weather_conditions": 1, "road_surface_conditions": 1, "special_conditions_at_site": 0, "carriageway_hazards_historic": 0, "carriageway_hazards": 0, "urban_or_rural_area": 1, "did_police_officer_attend_scene_of_accident": 3, "trunk_road_flag": 2, "lsoa_of_accident_location": "E01033595", "enhanced_severity_collision": -1, "collision_injury_based": 0, "collision_adjusted_severity_serious": 1.0, "collision_adjusted_severity_slight": 0.0, "source": "STATS19", "source_year": "2022", "source_record_id": "CRASH_59809", "matched_u": 19, "matched_v": 29, "match_distance": 21.52559027262032 }, "geometry": { "type": "Point", "coordinates": [ -0.140756, 51.515412 ] } },
{ "type": "Feature", "properties": { "collision_index": "2022010364094", "collision_year": 2022, "collision_ref_no": "010364094", "location_easting_osgr": 530420.0, "location_northing_osgr": 177813.0, "longitude": -0.123113, "latitude": 51.484242, "police_force": 1, "collision_severity": 3, "number_of_vehicles": 1, "number_of_casualties": 1, "date": "05/03/2022", "day_of_week": 7, "time": "21:30:00", "local_authority_district": -1, "local_authority_ons_district": "E09000022", "local_authority_highway": "E09000022", "local_authority_highway_current": "E09000022", "first_road_class": 3, "first_road_number": 203, "road_type": 3, "speed_limit": 30, "junction_detail_historic": 7, "junction_detail": 17, "junction_control": 2, "second_road_class": 3, "second_road_number": 203, "pedestrian_crossing_human_control_historic": 0, "pedestrian_crossing_physical_facilities_historic": 4, "pedestrian_crossing": 14, "light_conditions": 7, "weather_conditions": 9, "road_surface_conditions": 1, "special_conditions_at_site": 0, "carriageway_hazards_historic": 0, "carriageway_hazards": 0, "urban_or_rural_area": 1, "did_police_officer_attend_scene_of_accident": 3, "trunk_road_flag": 2, "lsoa_of_accident_location": "E01003102", "enhanced_severity_collision": -1, "collision_injury_based": 0, "collision_adjusted_severity_serious": 0.0, "collision_adjusted_severity_slight": 1.0, "source": "STATS19", "source_year": "2022", "source_record_id": "CRASH_60692", "matched_u": 32, "matched_v": 42, "match_distance": 44.273133777081966 }, "geometry": { "type": "Point", "coordinates": [ -0.123113, 51.484242 ] } },
{ "type": "Feature", "properties": { "collision_index": "2022010364251", "collision_year": 2022, "collision_ref_no": "010364251", "location_easting_osgr": 532497.0, "location_northing_osgr": 179869.0, "longitude": -0.092448, "latitude": 51.502236, "police_force": 1, "collision_severity": 3, "number_of_vehicles": 2, "number_of_casualties": 2, "date": "07/03/2022", "day_of_week": 2, "time": "18:45:00", "local_authority_district": -1, "local_authority_ons_district": "E09000028", "local_authority_highway": "E09000028", "local_authority_highway_current": "E09000028", "first_road_class": 3, "first_road_number": 3, "road_type": 9, "speed_limit": 20, "junction_detail_historic": 99, "junction_detail": -1, "junction_control": 2, "second_road_class": 6, "second_road_number": 0, "pedestrian_crossing_human_control_historic": 9, "pedestrian_crossing_physical_facilities_historic": 5, "pedestrian_crossing": 15, "light_conditions": 4, "weather_conditions": 1, "road_surface_conditions": 1, "special_conditions_at_site": 0, "carriageway_hazards_historic": 0, "carriageway_hazards": 0, "urban_or_rural_area": 1, "did_police_officer_attend_scene_of_accident": 3, "trunk_road_flag": 2, "lsoa_of_accident_location": "E01003939", "enhanced_severity_collision": -1, "collision_injury_based": 0, "collision_adjusted_severity_serious": 0.0, "collision_adjusted_severity_slight": 1.0, "source": "STATS19", "source_year": "2022", "source_record_id": "CRASH_60707", "matched_u": 76, "matched_v": 86, "match_distance": 1.3710380168631671 }, "geometry": { "type": "Point", "coordinates": [ -0.092448, 51.502236 ] } },
{ "type": "Feature", "properties": { "collision_index": "2022010374423", "collision_year": 2022, "collision_ref_no": "010374423", "location_easting_osgr": 530106.0, "location_northing_osgr": 180191.0, "longitude": -0.126757, "latitude": 51.505685, "police_force": 1, "collision_severity": 2, "number_of_vehicles": 2, "number_of_casualties": 1, "date": "04/05/2022", "day_of_week": 4, "time": "18:06:00", "local_authority_district": -1, "local_authority_ons_district": "E09000033", "local_authority_highway": "E09000033", "local_authority_highway_current": "E09000033", "first_road_class": 3, "first_road_number": 3212, "road_type": 3, "speed_limit": 20, "junction_detail_historic": 3, "junction_detail": 13, "junction_control": 2, "second_road_class": 6, "second_road_number": 0, "pedestrian_crossing_human_control_historic": 0, "pedestrian_crossing_physical_facilities_historic": 4, "pedestrian_crossing": 14, "light_conditions": 1, "weather_conditions": 2, "road_surface_conditions": 2, "special_conditions_at_site": 0, "carriageway_hazards_historic": 0, "carriageway_hazards": 0, "urban_or_rural_area": 1, "did_police_officer_attend_scene_of_accident": 1, "trunk_road_flag": 2, "lsoa_of_accident_location": "E01004736", "enhanced_severity_collision": -1, "collision_injury_based": 0, "collision_adjusted_severity_serious": 1.0, "collision_adjusted_severity_slight": 0.0, "source": "STATS19", "source_year": "2022", "source_record_id": "CRASH_61124", "matched_u": 36, "matched_v": 37, "match_distance": 17.551373048407189 }, "geometry": { "type": "Point", "coordinates": [ -0.126757, 51.505685 ] } },
{ "type": "Feature", "properties": { "collision_index": "2022010361119", "collision_year": 2022, "collision_ref_no": "010361119", "location_easting_osgr": 529568.0, "location_northing_osgr": 180967.0, "longitude": -0.13422, "latitude": 51.512782, "police_force": 1, "collision_severity": 3, "number_of_vehicles": 2, "number_of_casualties": 1, "date": "19/02/2022", "day_of_week": 7, "time": "01:50:00", "local_authority_district": -1, "local_authority_ons_district": "E09000033", "local_authority_highway": "E09000033", "local_authority_highway_current": "E09000033", "first_road_class": 5, "first_road_number": 0, "road_type": 2, "speed_limit": 20, "junction_detail_historic": 7, "junction_detail": 17, "junction_control": 4, "second_road_class": 6, "second_road_number": 0, "pedestrian_crossing_human_control_historic": 0, "pedestrian_crossing_physical_facilities_historic": 0, "pedestrian_crossing": 0, "light_conditions": 4, "weather_conditions": 1, "road_surface_conditions": 1, "special_conditions_at_site": 0, "carriageway_hazards_historic": 0, "carriageway_hazards": 0, "urban_or_rural_area": 1, "did_police_officer_attend_scene_of_accident": 1, "trunk_road_flag": 2, "lsoa_of_accident_location": "E01033596", "enhanced_severity_collision": -1, "collision_injury_based": 0, "collision_adjusted_severity_serious": 0.0, "collision_adjusted_severity_slight": 1.0, "source": "STATS19", "source_year": "2022", "source_record_id": "CRASH_61569", "matched_u": 28, "matched_v": 29, "match_distance": 16.128957332717619 }, "geometry": { "type": "Point", "coordinates": [ -0.13422, 51.512782 ] } },
{ "type": "Feature", "properties": { "collision_index": "2022010404286", "collision_year": 2022, "collision_ref_no": "010404286", "location_easting_osgr": 529531.0, "location_northing_osgr": 181141.0, "longitude": -0.134689, "latitude": 51.514354, "police_force": 1, "collision_severity": 3, "number_of_vehicles": 3, "number_of_casualties": 2, "date": "12/10/2022", "day_of_week": 4, "time": "16:20:00", "local_authority_district": -1, "local_authority_ons_district": "E09000033", "local_authority_highway": "E09000033", "local_authority_highway_current": "E09000033", "first_road_class": 5, "first_road_number": 0, "road_type": 2, "speed_limit": 20, "junction_detail_historic": 3, "junction_detail": 13, "junction_control": 4, "second_road_class": 6, "second_road_number": 0, "pedestrian_crossing_human_control_historic": 0, "pedestrian_crossing_physical_facilities_historic": 1, "pedestrian_crossing": 13, "light_conditions": 1, "weather_conditions": 1, "road_surface_conditions": 1, "special_conditions_at_site": 0, "carriageway_hazards_historic": 0, "carriageway_hazards": 0, "urban_or_rural_area": 1, "did_police_officer_attend_scene_of_accident": 1, "trunk_road_flag": 2, "lsoa_of_accident_location": "E01033595", "enhanced_severity_collision": -1, "collision_injury_based": 0, "collision_adjusted_severity_serious": 0.0, "collision_adjusted_severity_slight": 1.0, "source": "STATS19", "source_year": "2022", "source_record_id": "CRASH_62004", "matched_u": 28, "matched_v": 29, "match_distance": 36.079883849330145 }, "geometry": { "type": "Point", "coordinates": [ -0.134689, 51.514354 ] } },
{ "type": "Feature", "properties": { "collision_index": "2022010416785", "collision_year": 2022, "collision_ref_no": "010416785", "location_easting_osgr": 528986.0, "location_northing_osgr": 180290.0, "longitude": -0.142849, "latitude": 51.506831, "police_force": 1, "collision_severity": 3, "number_of_vehicles": 1, "number_of_casualties": 1, "date": "16/12/2022", "day_of_week": 6, "time": "11:24:00", "local_authority_district": -1, "local_authority_ons_district": "E09000033", "local_authority_highway": "E09000033", "local_authority_highway_current": "E09000033", "first_road_class": 3, "first_road_number": 4, "road_type": 9, "speed_limit": 20, "junction_detail_historic": 3, "junction_detail": 13, "junction_control": 4, "second_road_class": 5, "second_road_number": 0, "pedestrian_crossing_human_control_historic": 9, "pedestrian_crossing_physical_facilities_historic": 9, "pedestrian_crossing": 99, "light_conditions": 1, "weather_conditions": 1, "road_surface_conditions": 2, "special_conditions_at_site": 9, "carriageway_hazards_historic": 9, "carriageway_hazards": 99, "urban_or_rural_area": 1, "did_police_officer_attend_scene_of_accident": 3, "trunk_road_flag": 2, "lsoa_of_accident_location": "E01004761", "enhanced_severity_collision": -1, "collision_injury_based": 0, "collision_adjusted_severity_serious": 0.0, "collision_adjusted_severity_slight": 1.0, "source": "STATS19", "source_year": "2022", "source_record_id": "CRASH_62008", "matched_u": 7, "matched_v": 17, "match_distance": 30.046592499129474 }, "geometry": { "type": "Point", "coordinates": [ -0.142849, 51.506831 ] } },
{ "type": "Feature", "properties": { "collision_index": "2022010402286", "collision_year": 2022, "collision_ref_no": "010402286", "location_easting_osgr": 531772.0, "location_northing_osgr": 178603.0, "longitude": -0.103359, "latitude": 51.491028, "police_force": 1, "collision_severity": 3, "number_of_vehicles": 2, "number_of_casualties": 1, "date": "01/10/2022", "day_of_week": 7, "time": "19:08:00", "local_authority_district": -1, "local_authority_ons_district": "E09000028", "local_authority_highway": "E09000028", "local_authority_highway_current": "E09000022", "first_road_class": 3, "first_road_number": 3, "road_type": 3, "speed_limit": 20, "junction_detail_historic": 7, "junction_detail": 17, "junction_control": 2, "second_road_class": 3, "second_road_number": 3204, "pedestrian_crossing_human_control_historic": 0, "pedestrian_crossing_physical_facilities_historic": 0, "pedestrian_crossing": 0, "light_conditions": 4, "weather_conditions": 2, "road_surface_conditions": 2, "special_conditions_at_site": 0, "carriageway_hazards_historic": 0, "carriageway_hazards": 0, "urban_or_rural_area": 1, "did_police_officer_attend_scene_of_accident": 1, "trunk_road_flag": 2, "lsoa_of_accident_location": "E01003110", "enhanced_severity_collision": -1, "collision_injury_based": 0, "collision_adjusted_severity_serious": 0.0, "collision_adjusted_severity_slight": 1.0, "source": "STATS19", "source_year": "2022", "source_record_id": "CRASH_62416", "matched_u": 63, "matched_v": 64, "match_distance": 6.2709979813553209 }, "geometry": { "type": "Point", "coordinates": [ -0.103359, 51.491028 ] } },
{ "type": "Feature", "properties": { "collision_index": "2022010378917", "collision_year": 2022, "collision_ref_no": "010378917", "location_easting_osgr": 530661.0, "location_northing_osgr": 180991.0, "longitude": -0.118469, "latitude": 51.512746, "police_force": 1, "collision_severity": 3, "number_of_vehicles": 1, "number_of_casualties": 1, "date": "27/05/2022", "day_of_week": 6, "time": "15:25:00", "local_authority_district": -1, "local_authority_ons_district": "E09000033", "local_authority_highway": "E09000033", "local_authority_highway_current": "E09000033", "first_road_class": 3, "first_road_number": 4, "road_type": 6, "speed_limit": 20, "junction_detail_historic": 0, "junction_detail": 0, "junction_control": -1, "second_road_class": 0, "second_road_number": -1, "pedestrian_crossing_human_control_historic": 0, "pedestrian_crossing_physical_facilities_historic": 0, "pedestrian_crossing": 0, "light_conditions": 1, "weather_conditions": 1, "road_surface_conditions": 1, "special_conditions_at_site": 0, "carriageway_hazards_historic": 0, "carriageway_hazards": 0, "urban_or_rural_area": 1, "did_police_officer_attend_scene_of_accident": 1, "trunk_road_flag": 2, "lsoa_of_accident_location": "E01004735", "enhanced_severity_collision": -1, "collision_injury_based": 0, "collision_adjusted_severity_serious": 0.0, "collision_adjusted_severity_slight": 1.0, "source": "STATS19", "source_year": "2022", "source_record_id": "CRASH_62435", "matched_u": 48, "matched_v": 49, "match_distance": 40.606876474925237 }, "geometry": { "type": "Point", "coordinates": [ -0.118469, 51.512746 ] } },
{ "type": "Feature", "properties": { "collision_index": "2022010375761", "collision_year": 2022, "collision_ref_no": "010375761", "location_easting_osgr": 530077.0, "location_northing_osgr": 180611.0, "longitude": -0.12702, "latitude": 51.509466, "police_force": 1, "collision_severity": 3, "number_of_vehicles": 2, "number_of_casualties": 1, "date": "11/05/2022", "day_of_week": 4, "time": "15:40:00", "local_authority_district": -1, "local_authority_ons_district": "E09000033", "local_authority_highway": "E09000033", "local_authority_highway_current": "E09000033", "first_road_class": 4, "first_road_number": 404, "road_type": 6, "speed_limit": 20, "junction_detail_historic": 3, "junction_detail": 13, "junction_control": 4, "second_road_class": 5, "second_road_number": 0, "pedestrian_crossing_human_control_historic": 0, "pedestrian_crossing_physical_facilities_historic": 1, "pedestrian_crossing": 13, "light_conditions": 1, "weather_conditions": 2, "road_surface_conditions": 2, "special_conditions_at_site": 0, "carriageway_hazards_historic": 0, "carriageway_hazards": 0, "urban_or_rural_area": 1, "did_police_officer_attend_scene_of_accident": 1, "trunk_road_flag": 2, "lsoa_of_accident_location": "E01004736", "enhanced_severity_collision": -1, "collision_injury_based": 0, "collision_adjusted_severity_serious": 0.0, "collision_adjusted_severity_slight": 1.0, "source": "STATS19", "source_year": "2022", "source_record_id": "CRASH_62882", "matched_u": 37, "matched_v": 38, "match_distance": 46.828399127036398 }, "geometry": { "type": "Point", "coordinates": [ -0.12702, 51.509466 ] } },
{ "type": "Feature", "properties": { "collision_index": "2022010387644", "collision_year": 2022, "collision_ref_no": "010387644", "location_easting_osgr": 531248.0, "location_northing_osgr": 177959.0, "longitude": -0.111142, "latitude": 51.485363, "police_force": 1, "collision_severity": 2, "number_of_vehicles": 3, "number_of_casualties": 1, "date": "10/07/2022", "day_of_week": 1, "time": "23:00:00", "local_authority_district": -1, "local_authority_ons_district": "E09000022", "local_authority_highway": "E09000022", "local_authority_highway_current": "E09000022", "first_road_class": 3, "first_road_number": 23, "road_type": 6, "speed_limit": 20, "junction_detail_historic": 3, "junction_detail": 13, "junction_control": 4, "second_road_class": 6, "second_road_number": 0, "pedestrian_crossing_human_control_historic": 0, "pedestrian_crossing_physical_facilities_historic": 0, "pedestrian_crossing": 0, "light_conditions": 4, "weather_conditions": 1, "road_surface_conditions": 1, "special_conditions_at_site": 0, "carriageway_hazards_historic": 0, "carriageway_hazards": 0, "urban_or_rural_area": 1, "did_police_officer_attend_scene_of_accident": 1, "trunk_road_flag": 2, "lsoa_of_accident_location": "E01003107", "enhanced_severity_collision": -1, "collision_injury_based": 0, "collision_adjusted_severity_serious": 1.0, "collision_adjusted_severity_slight": 0.0, "source": "STATS19", "source_year": "2022", "source_record_id": "CRASH_63279", "matched_u": 52, "matched_v": 53, "match_distance": 8.2129046540831041 }, "geometry": { "type": "Point", "coordinates": [ -0.111142, 51.485363 ] } },
{ "type": "Feature", "properties": { "collision_index": "2022010383835", "collision_year": 2022, "collision_ref_no": "010383835", "location_easting_osgr": 529976.0, "location_northing_osgr": 178296.0, "longitude": -0.129327, "latitude": 51.488685, "police_force": 1, "collision_severity": 3, "number_of_vehicles": 2, "number_of_casualties": 1, "date": "16/06/2022", "day_of_week": 5, "time": "08:09:00", "local_authority_district": -1, "local_authority_ons_district": "E09000033", "local_authority_highway": "E09000033", "local_authority_highway_current": "E09000033", "first_road_class": 3, "first_road_number": 3212, "road_type": 3, "speed_limit": 20, "junction_detail_historic": 6, "junction_detail": 16, "junction_control": 2, "second_road_class": 3, "second_road_number": 202, "pedestrian_crossing_human_control_historic": 0, "pedestrian_crossing_physical_facilities_historic": 5, "pedestrian_crossing": 15, "light_conditions": 1, "weather_conditions": 1, "road_surface_conditions": 1, "special_conditions_at_site": 0, "carriageway_hazards_historic": 0, "carriageway_hazards": 0, "urban_or_rural_area": 1, "did_police_officer_attend_scene_of_accident": 1, "trunk_road_flag": 2, "lsoa_of_accident_location": "E01004745", "enhanced_severity_collision": -1, "collision_injury_based": 0, "collision_adjusted_severity_serious": 0.0, "collision_adjusted_severity_slight": 1.0, "source": "STATS19", "source_year": "2022", "source_record_id": "CRASH_63315", "matched_u": 23, "matched_v": 33, "match_distance": 42.787624157965176 }, "geometry": { "type": "Point", "coordinates": [ -0.129327, 51.488685 ] } },
{ "type": "Feature", "properties": { "collision_index": "2022010414805", "collision_year": 2022, "collision_ref_no": "010414805", "location_easting_osgr": 529623.0, "location_northing_osgr": 179307.0, "longitude": -0.134037, "latitude": 51.497851, "police_force": 1, "collision_severity": 3, "number_of_vehicles": 2, "number_of_casualties": 1, "date": "06/12/2022", "day_of_week": 3, "time": "17:20:00", "local_authority_district": -1, "local_authority_ons_district": "E09000033", "local_authority_highway": "E09000033", "local_authority_highway_current": "E09000033", "first_road_class": 3, "first_road_number": 302, "road_type": 3, "speed_limit": 30, "junction_detail_historic": 6, "junction_detail": 16, "junction_control": 2, "second_road_class": 3, "second_road_number": 302, "pedestrian_crossing_human_control_historic": 0, "pedestrian_crossing_physical_facilities_historic": 4, "pedestrian_crossing": 14, "light_conditions": 4, "weather_conditions": 1, "road_surface_conditions": 1, "special_conditions_at_site": 0, "carriageway_hazards_historic": 0, "carriageway_hazards": 0, "urban_or_rural_area": 1, "did_police_officer_attend_scene_of_accident": 1, "trunk_road_flag": 2, "lsoa_of_accident_location": "E01004731", "enhanced_severity_collision": -1, "collision_injury_based": 0, "collision_adjusted_severity_serious": 0.0, "collision_adjusted_severity_slight": 1.0, "source": "STATS19", "source_year": "2022", "source_record_id": "CRASH_63318", "matched_u": 25, "matched_v": 35, "match_distance": 10.251987915486097 }, "geometry": { "type": "Point", "coordinates": [ -0.134037, 51.497851 ] } },
{ "type": "Feature", "properties": { "collision_index": "2022010411081", "collision_year": 2022, "collision_ref_no": "010411081", "location_easting_osgr": 530077.0, "location_northing_osgr": 181304.0, "longitude": -0.126765, "latitude": 51.515693, "police_force": 1, "collision_severity": 3, "number_of_vehicles": 2, "number_of_casualties": 1, "date": "16/11/2022", "day_of_week": 4, "time": "13:00:00", "local_authority_district": -1, "local_authority_ons_district": "E09000007", "local_authority_highway": "E09000007", "local_authority_highway_current": "E09000007", "first_road_class": 3, "first_road_number": 401, "road_type": 6, "speed_limit": 20, "junction_detail_historic": 7, "junction_detail": 17, "junction_control": 2, "second_road_class": 3, "second_road_number": 40, "pedestrian_crossing_human_control_historic": 0, "pedestrian_crossing_physical_facilities_historic": 1, "pedestrian_crossing": 13, "light_conditions": 1, "weather_conditions": 1, "road_surface_conditions": 2, "special_conditions_at_site": 0, "carriageway_hazards_historic": 0, "carriageway_hazards": 0, "urban_or_rural_area": 1, "did_police_officer_attend_scene_of_accident": 3, "trunk_road_flag": 2, "lsoa_of_accident_location": "E01000919", "enhanced_severity_collision": -1, "collision_injury_based": 0, "collision_adjusted_severity_serious": 0.0, "collision_adjusted_severity_slight": 1.0, "source": "STATS19", "source_year": "2022", "source_record_id": "CRASH_64464", "matched_u": 39, "matched_v": 40, "match_distance": 18.441928974749317 }, "geometry": { "type": "Point", "coordinates": [ -0.126765, 51.515693 ] } },
{ "type": "Feature", "properties": { "collision_index": "2022010362992", "collision_year": 2022, "collision_ref_no": "010362992", "location_easting_osgr": 531778.0, "location_northing_osgr": 178644.0, "longitude": -0.103257, "latitude": 51.491395, "police_force": 1, "collision_severity": 3, "number_of_vehicles": 2, "number_of_casualties": 1, "date": "01/03/2022", "day_of_week": 3, "time": "17:36:00", "local_authority_district": -1, "local_authority_ons_district": "E09000028", "local_authority_highway": "E09000028", "local_authority_highway_current": "E09000028", "first_road_class": 3, "first_road_number": 3204, "road_type": 1, "speed_limit": 20, "junction_detail_historic": 7, "junction_detail": 17, "junction_control": 2, "second_road_class": 3, "second_road_number": 3, "pedestrian_crossing_human_control_historic": 0, "pedestrian_crossing_physical_facilities_historic": 4, "pedestrian_crossing": 14, "light_conditions": 4, "weather_conditions": 2, "road_surface_conditions": 2, "special_conditions_at_site": 0, "carriageway_hazards_historic": 0, "carriageway_hazards": 0, "urban_or_rural_area": 1, "did_police_officer_attend_scene_of_accident": 1, "trunk_road_flag": 2, "lsoa_of_accident_location": "E01032719", "enhanced_severity_collision": -1, "collision_injury_based": 0, "collision_adjusted_severity_serious": 0.0, "collision_adjusted_severity_slight": 1.0, "source": "STATS19", "source_year": "2022", "source_record_id": "CRASH_64527", "matched_u": 63, "matched_v": 64, "match_distance": 5.0835900795591433 }, "geometry": { "type": "Point", "coordinates": [ -0.103257, 51.491395 ] } },
{ "type": "Feature", "properties": { "collision_index": "2022010366453", "collision_year": 2022, "collision_ref_no": "010366453", "location_easting_osgr": 532335.0, "location_northing_osgr": 178224.0, "longitude": -0.095396, "latitude": 51.487491, "police_force": 1, "collision_severity": 3, "number_of_vehicles": 1, "number_of_casualties": 1, "date": "20/03/2022", "day_of_week": 1, "time": "13:18:00", "local_authority_district": -1, "local_authority_ons_district": "E09000028", "local_authority_highway": "E09000028", "local_authority_highway_current": "E09000028", "first_road_class": 3, "first_road_number": 215, "road_type": 3, "speed_limit": 20, "junction_detail_historic": 3, "junction_detail": 13, "junction_control": 2, "second_road_class": 6, "second_road_number": 0, "pedestrian_crossing_human_control_historic": 0, "pedestrian_crossing_physical_facilities_historic": 1, "pedestrian_crossing": 13, "light_conditions": 1, "weather_conditions": 1, "road_surface_conditions": 1, "special_conditions_at_site": 0, "carriageway_hazards_historic": 0, "carriageway_hazards": 0, "urban_or_rural_area": 1, "did_police_officer_attend_scene_of_accident": 1, "trunk_road_flag": 2, "lsoa_of_accident_location": "E01003994", "enhanced_severity_collision": -1, "collision_injury_based": 0, "collision_adjusted_severity_serious": 0.0, "collision_adjusted_severity_slight": 1.0, "source": "STATS19", "source_year": "2022", "source_record_id": "CRASH_64528", "matched_u": 72, "matched_v": 73, "match_distance": 15.708417034160448 }, "geometry": { "type": "Point", "coordinates": [ -0.095396, 51.487491 ] } },
{ "type": "Feature", "properties": { "collision_index": "2022010416755", "collision_year": 2022, "collision_ref_no": "010416755", "location_easting_osgr": 532276.0, "location_northing_osgr": 179604.0, "longitude": -0.095729, "latitude": 51.499906, "police_force": 1, "collision_severity": 3, "number_of_vehicles": 2, "number_of_casualties": 1, "date": "15/12/2022", "day_of_week": 5, "time": "17:55:00", "local_authority_district": -1, "local_authority_ons_district": "E09000028", "local_authority_highway": "E09000028", "local_authority_highway_current": "E09000028", "first_road_class": 3, "first_road_number": 3, "road_type": 6, "speed_limit": 20, "junction_detail_historic": 7, "junction_detail": 17, "junction_control": 2, "second_road_class": 5, "second_road_number": 0, "pedestrian_crossing_human_control_historic": 0, "pedestrian_crossing_physical_facilities_historic": 5, "pedestrian_crossing": 15, "light_conditions": 4, "weather_conditions": 1, "road_surface_conditions": 1, "special_conditions_at_site": 0, "carriageway_hazards_historic": 0, "carriageway_hazards": 0, "urban_or_rural_area": 1, "did_police_officer_attend_scene_of_accident": 3, "trunk_road_flag": 2, "lsoa_of_accident_location": "E01003927", "enhanced_severity_collision": -1, "collision_injury_based": 0, "collision_adjusted_severity_serious": 0.0, "collision_adjusted_severity_slight": 1.0, "source": "STATS19", "source_year": "2022", "source_record_id": "CRASH_64531", "matched_u": 75, "matched_v": 76, "match_distance": 21.360973400000148 }, "geometry": { "type": "Point", "coordinates": [ -0.095729, 51.499906 ] } },
{ "type": "Feature", "properties": { "collision_index": "2022010397405", "collision_year": 2022, "collision_ref_no": "010397405", "location_easting_osgr": 530652.0, "location_northing_osgr": 180972.0, "longitude": -0.118606, "latitude": 51.512577, "police_force": 1, "collision_severity": 3, "number_of_vehicles": 1, "number_of_casualties": 1, "date": "24/08/2022", "day_of_week": 4, "time": "02:50:00", "local_authority_district": -1, "local_authority_ons_district": "E09000033", "local_authority_highway": "E09000033", "local_authority_highway_current": "E09000033", "first_road_class": 3, "first_road_number": 4, "road_type": 6, "speed_limit": 20, "junction_detail_historic": 99, "junction_detail": -1, "junction_control": 9, "second_road_class": 6, "second_road_number": 0, "pedestrian_crossing_human_control_historic": 0, "pedestrian_crossing_physical_facilities_historic": 0, "pedestrian_crossing": 0, "light_conditions": 4, "weather_conditions": 1, "road_surface_conditions": 1, "special_conditions_at_site": 4, "carriageway_hazards_historic": 2, "carriageway_hazards": 13, "urban_or_rural_area": 1, "did_police_officer_attend_scene_of_accident": 3, "trunk_road_flag": 2, "lsoa_of_accident_location": "E01004735", "enhanced_severity_collision": -1, "collision_injury_based": 0, "collision_adjusted_severity_serious": 0.0, "collision_adjusted_severity_slight": 1.0, "source": "STATS19", "source_year": "2022", "source_record_id": "CRASH_64555", "matched_u": 48, "matched_v": 49, "match_distance": 25.356106236245978 }, "geometry": { "type": "Point", "coordinates": [ -0.118606, 51.512577 ] } },
{ "type": "Feature", "properties": { "collision_index": "2022010378796", "collision_year": 2022, "collision_ref_no": "010378796", "location_easting_osgr": 530559.0, "location_northing_osgr": 180777.0, "longitude": -0.120017, "latitude": 51.510846, "police_force": 1, "collision_severity": 3, "number_of_vehicles": 1, "number_of_casualties": 1, "date": "26/05/2022", "day_of_week": 5, "time": "22:18:00", "local_authority_district": -1, "local_authority_ons_district": "E09000033", "local_authority_highway": "E09000033", "local_authority_highway_current": "E09000033", "first_road_class": 3, "first_road_number": 4, "road_type": 6, "speed_limit": 20, "junction_detail_historic": 9, "junction_detail": 19, "junction_control": 2, "second_road_class": 6, "second_road_number": 0, "pedestrian_crossing_human_control_historic": 0, "pedestrian_crossing_physical_facilities_historic": 5, "pedestrian_crossing": 15, "light_conditions": 4, "weather_conditions": 1, "road_surface_conditions": 1, "special_conditions_at_site": 0, "carriageway_hazards_historic": 0, "carriageway_hazards": 0, "urban_or_rural_area": 1, "did_police_officer_attend_scene_of_accident": 1, "trunk_road_flag": 2, "lsoa_of_accident_location": "E01004734", "enhanced_severity_collision": -1, "collision_injury_based": 0, "collision_adjusted_severity_serious": 0.0, "collision_adjusted_severity_slight": 1.0, "source": "STATS19", "source_year": "2022", "source_record_id": "CRASH_64960", "matched_u": 38, "matched_v": 48, "match_distance": 45.014446486718946 }, "geometry": { "type": "Point", "coordinates": [ -0.120017, 51.510846 ] } },
{ "type": "Feature", "properties": { "collision_index": "2022010400403", "collision_year": 2022, "collision_ref_no": "010400403", "location_easting_osgr": 529038.0, "location_northing_osgr": 179117.0, "longitude": -0.142529, "latitude": 51.496277, "police_force": 1, "collision_severity": 2, "number_of_vehicles": 1, "number_of_casualties": 2, "date": "21/09/2022", "day_of_week": 4, "time": "08:57:00", "local_authority_district": -1, "local_authority_ons_district": "E09000033", "local_authority_highway": "E09000033", "local_authority_highway_current": "E09000033", "first_road_class": 3, "first_road_number": 202, "road_type": 2, "speed_limit": 20, "junction_detail_historic": 7, "junction_detail": 17, "junction_control": 2, "second_road_class": 3, "second_road_number": 302, "pedestrian_crossing_human_control_historic": 0, "pedestrian_crossing_physical_facilities_historic": 4, "pedestrian_crossing": 14, "light_conditions": 1, "weather_conditions": 1, "road_surface_conditions": 1, "special_conditions_at_site": 0, "carriageway_hazards_historic": 0, "carriageway_hazards": 0, "urban_or_rural_area": 1, "did_police_officer_attend_scene_of_accident": 1, "trunk_road_flag": 2, "lsoa_of_accident_location": "E01004750", "enhanced_severity_collision": -1, "collision_injury_based": 0, "collision_adjusted_severity_serious": 1.0, "collision_adjusted_severity_slight": 0.0, "source": "STATS19", "source_year": "2022", "source_record_id": "CRASH_64963", "matched_u": 14, "matched_v": 15, "match_distance": 44.36700149727222 }, "geometry": { "type": "Point", "coordinates": [ -0.142529, 51.496277 ] } },
{ "type": "Feature", "properties": { "collision_index": "2022010410534", "collision_year": 2022, "collision_ref_no": "010410534", "location_easting_osgr": 529059.0, "location_northing_osgr": 181235.0, "longitude": -0.141453, "latitude": 51.515307, "police_force": 1, "collision_severity": 2, "number_of_vehicles": 1, "number_of_casualties": 2, "date": "14/11/2022", "day_of_week": 2, "time": "19:53:00", "local_authority_district": -1, "local_authority_ons_district": "E09000033", "local_authority_highway": "E09000033", "local_authority_highway_current": "E09000033", "first_road_class": 3, "first_road_number": 40, "road_type": 6, "speed_limit": 20, "junction_detail_historic": 0, "junction_detail": 0, "junction_control": -1, "second_road_class": 0, "second_road_number": -1, "pedestrian_crossing_human_control_historic": 0, "pedestrian_crossing_physical_facilities_historic": 5, "pedestrian_crossing": 15, "light_conditions": 4, "weather_conditions": 1, "road_surface_conditions": 1, "special_conditions_at_site": 0, "carriageway_hazards_historic": 0, "carriageway_hazards": 0, "urban_or_rural_area": 1, "did_police_officer_attend_scene_of_accident": 1, "trunk_road_flag": 2, "lsoa_of_accident_location": "E01033595", "enhanced_severity_collision": -1, "collision_injury_based": 0, "collision_adjusted_severity_serious": 1.0, "collision_adjusted_severity_slight": 0.0, "source": "STATS19", "source_year": "2022", "source_record_id": "CRASH_64966", "matched_u": 19, "matched_v": 29, "match_distance": 40.308261084370308 }, "geometry": { "type": "Point", "coordinates": [ -0.141453, 51.515307 ] } },
{ "type": "Feature", "properties": { "collision_index": "2022010404610", "collision_year": 2022, "collision_ref_no": "010404610", "location_easting_osgr": 532006.0, "location_northing_osgr": 178872.0, "longitude": -0.09989, "latitude": 51.493391, "police_force": 1, "collision_severity": 3, "number_of_vehicles": 1, "number_of_casualties": 1, "date": "14/10/2022", "day_of_week": 6, "time": "19:10:00", "local_authority_district": -1, "local_authority_ons_district": "E09000028", "local_authority_highway": "E09000028", "local_authority_highway_current": "E09000028", "first_road_class": 3, "first_road_number": 215, "road_type": 2, "speed_limit": 20, "junction_detail_historic": 0, "junction_detail": 0, "junction_control": -1, "second_road_class": 0, "second_road_number": -1, "pedestrian_crossing_human_control_historic": 0, "pedestrian_crossing_physical_facilities_historic": 0, "pedestrian_crossing": 0, "light_conditions": 4, "weather_conditions": 1, "road_surface_conditions": 2, "special_conditions_at_site": 0, "carriageway_hazards_historic": 0, "carriageway_hazards": 0, "urban_or_rural_area": 1, "did_police_officer_attend_scene_of_accident": 1, "trunk_road_flag": 2, "lsoa_of_accident_location": "E01032720", "enhanced_severity_collision": -1, "collision_injury_based": 0, "collision_adjusted_severity_serious": 0.0, "collision_adjusted_severity_slight": 1.0, "source": "STATS19", "source_year": "2022", "source_record_id": "CRASH_65371", "matched_u": 64, "matched_v": 74, "match_distance": 5.7214815123006701 }, "geometry": { "type": "Point", "coordinates": [ -0.09989, 51.493391 ] } },
{ "type": "Feature", "properties": { "collision_index": "2022010394698", "collision_year": 2022, "collision_ref_no": "010394698", "location_easting_osgr": 529590.0, "location_northing_osgr": 178284.0, "longitude": -0.134887, "latitude": 51.488665, "police_force": 1, "collision_severity": 3, "number_of_vehicles": 2, "number_of_casualties": 1, "date": "18/08/2022", "day_of_week": 5, "time": "22:40:00", "local_authority_district": -1, "local_authority_ons_district": "E09000033", "local_authority_highway": "E09000033", "local_authority_highway_current": "E09000033", "first_road_class": 3, "first_road_number": 3213, "road_type": 6, "speed_limit": 30, "junction_detail_historic": 6, "junction_detail": 16, "junction_control": 4, "second_road_class": 5, "second_road_number": 0, "pedestrian_crossing_human_control_historic": 0, "pedestrian_crossing_physical_facilities_historic": 8, "pedestrian_crossing": 17, "light_conditions": 4, "weather_conditions": 1, "road_surface_conditions": 1, "special_conditions_at_site": 0, "carriageway_hazards_historic": 0, "carriageway_hazards": 0, "urban_or_rural_area": 1, "did_police_officer_attend_scene_of_accident": 1, "trunk_road_flag": 2, "lsoa_of_accident_location": "E01004738", "enhanced_severity_collision": -1, "collision_injury_based": 0, "collision_adjusted_severity_serious": 0.0, "collision_adjusted_severity_slight": 1.0, "source": "STATS19", "source_year": "2022", "source_record_id": "CRASH_65814", "matched_u": 13, "matched_v": 23, "match_distance": 46.363181469030671 }, "geometry": { "type": "Point", "coordinates": [ -0.134887, 51.488665 ] } },
{ "type": "Feature", "properties": { "collision_index": "2022010401034", "collision_year": 2022, "collision_ref_no": "010401034", "location_easting_osgr": 530664.0, "location_northing_osgr": 180987.0, "longitude": -0.118427, "latitude": 51.512709, "police_force": 1, "collision_severity": 3, "number_of_vehicles": 2, "number_of_casualties": 1, "date": "24/09/2022", "day_of_week": 7, "time": "18:00:00", "local_authority_district": -1, "local_authority_ons_district": "E09000033", "local_authority_highway": "E09000033", "local_authority_highway_current": "E09000033", "first_road_class": 3, "first_road_number": 4, "road_type": 3, "speed_limit": 20, "junction_detail_historic": 0, "junction_detail": 0, "junction_control": -1, "second_road_class": 0, "second_road_number": -1, "pedestrian_crossing_human_control_historic": 0, "pedestrian_crossing_physical_facilities_historic": 0, "pedestrian_crossing": 0, "light_conditions": 1, "weather_conditions": 1, "road_surface_conditions": 1, "special_conditions_at_site": 0, "carriageway_hazards_historic": 0, "carriageway_hazards": 0, "urban_or_rural_area": 1, "did_police_officer_attend_scene_of_accident": 1, "trunk_road_flag": 2, "lsoa_of_accident_location": "E01004735", "enhanced_severity_collision": -1, "collision_injury_based": 0, "collision_adjusted_severity_serious": 0.0, "collision_adjusted_severity_slight": 1.0, "source": "STATS19", "source_year": "2022", "source_record_id": "CRASH_65815", "matched_u": 48, "matched_v": 49, "match_distance": 45.282295088240069 }, "geometry": { "type": "Point", "coordinates": [ -0.118427, 51.512709 ] } },
{ "type": "Feature", "properties": { "collision_index": "2022010353838", "collision_year": 2022, "collision_ref_no": "010353838", "location_easting_osgr": 530223.0, "location_northing_osgr": 177827.0, "longitude": -0.125944, "latitude": 51.484413, "police_force": 1, "collision_severity": 3, "number_of_vehicles": 2, "number_of_casualties": 1, "date": "10/01/2022", "day_of_week": 2, "time": "07:10:00", "local_authority_district": -1, "local_authority_ons_district": "E09000022", "local_authority_highway": "E09000022", "local_authority_highway_current": "E09000022", "first_road_class": 3, "first_road_number": 203, "road_type": 3, "speed_limit": 20, "junction_detail_historic": 6, "junction_detail": 16, "junction_control": 2, "second_road_class": 3, "second_road_number": 3036, "pedestrian_crossing_human_control_historic": 0, "pedestrian_crossing_physical_facilities_historic": 0, "pedestrian_crossing": 0, "light_conditions": 4, "weather_conditions": 1, "road_surface_conditions": 1, "special_conditions_at_site": 0, "carriageway_hazards_historic": 0, "carriageway_hazards": 0, "urban_or_rural_area": 1, "did_police_officer_attend_scene_of_accident": 1, "trunk_road_flag": 2, "lsoa_of_accident_location": "E01033207", "enhanced_severity_collision": -1, "collision_injury_based": 0, "collision_adjusted_severity_serious": 0.0, "collision_adjusted_severity_slight": 1.0, "source": "STATS19", "source_year": "2022", "source_record_id": "CRASH_66200", "matched_u": 32, "matched_v": 42, "match_distance": 13.705033460631967 }, "geometry": { "type": "Point", "coordinates": [ -0.125944, 51.484413 ] } },
{ "type": "Feature", "properties": { "collision_index": "2022010365574", "collision_year": 2022, "collision_ref_no": "010365574", "location_easting_osgr": 530080.0, "location_northing_osgr": 180427.0, "longitude": -0.127045, "latitude": 51.507811, "police_force": 1, "collision_severity": 3, "number_of_vehicles": 2, "number_of_casualties": 1, "date": "15/03/2022", "day_of_week": 3, "time": "23:45:00", "local_authority_district": -1, "local_authority_ons_district": "E09000033", "local_authority_highway": "E09000033", "local_authority_highway_current": "E09000033", "first_road_class": 3, "first_road_number": 4, "road_type": 1, "speed_limit": 20, "junction_detail_historic": 1, "junction_detail": 0, "junction_control": 2, "second_road_class": 3, "second_road_number": 4, "pedestrian_crossing_human_control_historic": 0, "pedestrian_crossing_physical_facilities_historic": 5, "pedestrian_crossing": 15, "light_conditions": 4, "weather_conditions": 1, "road_surface_conditions": 1, "special_conditions_at_site": 0, "carriageway_hazards_historic": 0, "carriageway_hazards": 0, "urban_or_rural_area": 1, "did_police_officer_attend_scene_of_accident": 1, "trunk_road_flag": 2, "lsoa_of_accident_location": "E01004734", "enhanced_severity_collision": -1, "collision_injury_based": 0, "collision_adjusted_severity_serious": 0.0, "collision_adjusted_severity_slight": 1.0, "source": "STATS19", "source_year": "2022", "source_record_id": "CRASH_66233", "matched_u": 37, "matched_v": 38, "match_distance": 49.611386396867616 }, "geometry": { "type": "Point", "coordinates": [ -0.127045, 51.507811 ] } },
{ "type": "Feature", "properties": { "collision_index": "2022010403505", "collision_year": 2022, "collision_ref_no": "010403505", "location_easting_osgr": 529565.0, "location_northing_osgr": 181340.0, "longitude": -0.134126, "latitude": 51.516134, "police_force": 1, "collision_severity": 3, "number_of_vehicles": 2, "number_of_casualties": 1, "date": "08/10/2022", "day_of_week": 7, "time": "14:15:00", "local_authority_district": -1, "local_authority_ons_district": "E09000033", "local_authority_highway": "E09000033", "local_authority_highway_current": "E09000033", "first_road_class": 3, "first_road_number": 40, "road_type": 6, "speed_limit": 20, "junction_detail_historic": 3, "junction_detail": 13, "junction_control": 4, "second_road_class": 5, "second_road_number": 0, "pedestrian_crossing_human_control_historic": 0, "pedestrian_crossing_physical_facilities_historic": 0, "pedestrian_crossing": 0, "light_conditions": 1, "weather_conditions": 1, "road_surface_conditions": 1, "special_conditions_at_site": 0, "carriageway_hazards_historic": 0, "carriageway_hazards": 0, "urban_or_rural_area": 1, "did_police_officer_attend_scene_of_accident": 1, "trunk_road_flag": 2, "lsoa_of_accident_location": "E01004763", "enhanced_severity_collision": -1, "collision_injury_based": 0, "collision_adjusted_severity_serious": 0.0, "collision_adjusted_severity_slight": 1.0, "source": "STATS19", "source_year": "2022", "source_record_id": "CRASH_66237", "matched_u": 29, "matched_v": 30, "match_distance": 26.592989467284493 }, "geometry": { "type": "Point", "coordinates": [ -0.134126, 51.516134 ] } },
{ "type": "Feature", "properties": { "collision_index": "2022010382016", "collision_year": 2022, "collision_ref_no": "010382016", "location_easting_osgr": 529973.0, "location_northing_osgr": 178295.0, "longitude": -0.12937, "latitude": 51.488676, "police_force": 1, "collision_severity": 3, "number_of_vehicles": 2, "number_of_casualties": 1, "date": "11/06/2022", "day_of_week": 7, "time": "16:30:00", "local_authority_district": -1, "local_authority_ons_district": "E09000033", "local_authority_highway": "E09000033", "local_authority_highway_current": "E09000033", "first_road_class": 3, "first_road_number": 3212, "road_type": 3, "speed_limit": 30, "junction_detail_historic": 6, "junction_detail": 16, "junction_control": 2, "second_road_class": 3, "second_road_number": 202, "pedestrian_crossing_human_control_historic": 0, "pedestrian_crossing_physical_facilities_historic": 5, "pedestrian_crossing": 15, "light_conditions": 1, "weather_conditions": 1, "road_surface_conditions": 1, "special_conditions_at_site": 0, "carriageway_hazards_historic": 0, "carriageway_hazards": 0, "urban_or_rural_area": 1, "did_police_officer_attend_scene_of_accident": 3, "trunk_road_flag": 2, "lsoa_of_accident_location": "E01004745", "enhanced_severity_collision": -1, "collision_injury_based": 0, "collision_adjusted_severity_serious": 0.0, "collision_adjusted_severity_slight": 1.0, "source": "STATS19", "source_year": "2022", "source_record_id": "CRASH_66655", "matched_u": 23, "matched_v": 33, "match_distance": 44.396625141613178 }, "geometry": { "type": "Point", "coordinates": [ -0.12937, 51.488676 ] } },
{ "type": "Feature", "properties": { "collision_index": "2022010402189", "collision_year": 2022, "collision_ref_no": "010402189", "location_easting_osgr": 531267.0, "location_northing_osgr": 177555.0, "longitude": -0.111018, "latitude": 51.481728, "police_force": 1, "collision_severity": 3, "number_of_vehicles": 2, "number_of_casualties": 1, "date": "01/10/2022", "day_of_week": 7, "time": "06:34:00", "local_authority_district": -1, "local_authority_ons_district": "E09000022", "local_authority_highway": "E09000022", "local_authority_highway_current": "E09000022", "first_road_class": 3, "first_road_number": 23, "road_type": 9, "speed_limit": 20, "junction_detail_historic": 99, "junction_detail": -1, "junction_control": 9, "second_road_class": 3, "second_road_number": 202, "pedestrian_crossing_human_control_historic": 9, "pedestrian_crossing_physical_facilities_historic": 9, "pedestrian_crossing": 99, "light_conditions": 1, "weather_conditions": 1, "road_surface_conditions": 1, "special_conditions_at_site": 9, "carriageway_hazards_historic": 9, "carriageway_hazards": 99, "urban_or_rural_area": 1, "did_police_officer_attend_scene_of_accident": 3, "trunk_road_flag": 2, "lsoa_of_accident_location": "E01003099", "enhanced_severity_collision": -1, "collision_injury_based": 0, "collision_adjusted_severity_serious": 0.0, "collision_adjusted_severity_slight": 1.0, "source": "STATS19", "source_year": "2022", "source_record_id": "CRASH_67051", "matched_u": 51, "matched_v": 52, "match_distance": 5.5907122042826813 }, "geometry": { "type": "Point", "coordinates": [ -0.111018, 51.481728 ] } },
{ "type": "Feature", "properties": { "collision_index": "2022010408312", "collision_year": 2022, "collision_ref_no": "010408312", "location_easting_osgr": 531712.0, "location_northing_osgr": 177853.0, "longitude": -0.104502, "latitude": 51.484302, "police_force": 1, "collision_severity": 3, "number_of_vehicles": 3, "number_of_casualties": 1, "date": "03/11/2022", "day_of_week": 5, "time": "16:24:00", "local_authority_district": -1, "local_authority_ons_district": "E09000028", "local_authority_highway": "E09000028", "local_authority_highway_current": "E09000028", "first_road_class": 6, "first_road_number": 0, "road_type": 6, "speed_limit": 20, "junction_detail_historic": 3, "junction_detail": 13, "junction_control": 4, "second_road_class": 6, "second_road_number": 0, "pedestrian_crossing_human_control_historic": 0, "pedestrian_crossing_physical_facilities_historic": 0, "pedestrian_crossing": 0, "light_conditions": 1, "weather_conditions": 1, "road_surface_conditions": 1, "special_conditions_at_site": 0, "carriageway_hazards_historic": 0, "carriageway_hazards": 0, "urban_or_rural_area": 1, "did_police_officer_attend_scene_of_accident": 1, "trunk_road_flag": 2, "lsoa_of_accident_location": "E01003999", "enhanced_severity_collision": -1, "collision_injury_based": 0, "collision_adjusted_severity_serious": 0.0, "collision_adjusted_severity_slight": 1.0, "source": "STATS19", "source_year": "2022", "source_record_id": "CRASH_67069", "matched_u": 52, "matched_v": 62, "match_distance": 33.547497598454356 }, "geometry": { "type": "Point", "coordinates": [ -0.104502, 51.484302 ] } },
{ "type": "Feature", "properties": { "collision_index": "2022010393982", "collision_year": 2022, "collision_ref_no": "010393982", "location_easting_osgr": 531110.0, "location_northing_osgr": 180812.0, "longitude": -0.112069, "latitude": 51.511033, "police_force": 1, "collision_severity": 3, "number_of_vehicles": 2, "number_of_casualties": 1, "date": "13/08/2022", "day_of_week": 7, "time": "13:20:00", "local_authority_district": -1, "local_authority_ons_district": "E09000033", "local_authority_highway": "E09000033", "local_authority_highway_current": "E09000033", "first_road_class": 3, "first_road_number": 3211, "road_type": 6, "speed_limit": 20, "junction_detail_historic": 3, "junction_detail": 13, "junction_control": 2, "second_road_class": 6, "second_road_number": 0, "pedestrian_crossing_human_control_historic": 9, "pedestrian_crossing_physical_facilities_historic": 5, "pedestrian_crossing": 15, "light_conditions": 1, "weather_conditions": 1, "road_surface_conditions": 1, "special_conditions_at_site": 0, "carriageway_hazards_historic": 0, "carriageway_hazards": 0, "urban_or_rural_area": 1, "did_police_officer_attend_scene_of_accident": 3, "trunk_road_flag": 2, "lsoa_of_accident_location": "E01004735", "enhanced_severity_collision": -1, "collision_injury_based": 0, "collision_adjusted_severity_serious": 0.0, "collision_adjusted_severity_slight": 1.0, "source": "STATS19", "source_year": "2022", "source_record_id": "CRASH_67545", "matched_u": 48, "matched_v": 58, "match_distance": 11.566649724729359 }, "geometry": { "type": "Point", "coordinates": [ -0.112069, 51.511033 ] } },
{ "type": "Feature", "properties": { "collision_index": "2022010377191", "collision_year": 2022, "collision_ref_no": "010377191", "location_easting_osgr": 530565.0, "location_northing_osgr": 181780.0, "longitude": -0.11956, "latitude": 51.519859, "police_force": 1, "collision_severity": 3, "number_of_vehicles": 2, "number_of_casualties": 1, "date": "18/05/2022", "day_of_week": 4, "time": "19:13:00", "local_authority_district": -1, "local_authority_ons_district": "E09000007", "local_authority_highway": "E09000007", "local_authority_highway_current": "E09000007", "first_road_class": 3, "first_road_number": 401, "road_type": 6, "speed_limit": 30, "junction_detail_historic": 3, "junction_detail": 13, "junction_control": 4, "second_road_class": 6, "second_road_number": 0, "pedestrian_crossing_human_control_historic": 0, "pedestrian_crossing_physical_facilities_historic": 0, "pedestrian_crossing": 0, "light_conditions": 1, "weather_conditions": 1, "road_surface_conditions": 1, "special_conditions_at_site": 0, "carriageway_hazards_historic": 2, "carriageway_hazards": 17, "urban_or_rural_area": 1, "did_police_officer_attend_scene_of_accident": 1, "trunk_road_flag": 2, "lsoa_of_accident_location": "E01000914", "enhanced_severity_collision": -1, "collision_injury_based": 0, "collision_adjusted_severity_serious": 0.0, "collision_adjusted_severity_slight": 1.0, "source": "STATS19", "source_year": "2022", "source_record_id": "CRASH_67887", "matched_u": 40, "matched_v": 50, "match_distance": 19.321250100620091 }, "geometry": { "type": "Point", "coordinates": [ -0.11956, 51.519859 ] } },
{ "type": "Feature", "properties": { "collision_index": "2022010387599", "collision_year": 2022, "collision_ref_no": "010387599", "location_easting_osgr": 532853.0, "location_northing_osgr": 177781.0, "longitude": -0.088107, "latitude": 51.483389, "police_force": 1, "collision_severity": 3, "number_of_vehicles": 2, "number_of_casualties": 1, "date": "10/07/2022", "day_of_week": 1, "time": "15:10:00", "local_authority_district": -1, "local_authority_ons_district": "E09000028", "local_authority_highway": "E09000028", "local_authority_highway_current": "E09000028", "first_road_class": 4, "first_road_number": 214, "road_type": 6, "speed_limit": 20, "junction_detail_historic": 3, "junction_detail": 13, "junction_control": 2, "second_road_class": 6, "second_road_number": 0, "pedestrian_crossing_human_control_historic": 0, "pedestrian_crossing_physical_facilities_historic": 4, "pedestrian_crossing": 14, "light_conditions": 1, "weather_conditions": 1, "road_surface_conditions": 1, "special_conditions_at_site": 0, "carriageway_hazards_historic": 0, "carriageway_hazards": 0, "urban_or_rural_area": 1, "did_police_officer_attend_scene_of_accident": 1, "trunk_road_flag": 2, "lsoa_of_accident_location": "E01003967", "enhanced_severity_collision": -1, "collision_injury_based": 0, "collision_adjusted_severity_serious": 0.0, "collision_adjusted_severity_slight": 1.0, "source": "STATS19", "source_year": "2022", "source_record_id": "CRASH_67953", "matched_u": 81, "matched_v": 82, "match_distance": 37.341504744988924 }, "geometry": { "type": "Point", "coordinates": [ -0.088107, 51.483389 ] } },
{ "type": "Feature", "properties": { "collision_index": "2022010411215", "collision_year": 2022, "collision_ref_no": "010411215", "location_easting_osgr": 530072.0, "location_northing_osgr": 180285.0, "longitude": -0.127212, "latitude": 51.506537, "police_force": 1, "collision_severity": 3, "number_of_vehicles": 2, "number_of_casualties": 1, "date": "18/11/2022", "day_of_week": 6, "time": "04:39:00", "local_authority_district": -1, "local_authority_ons_district": "E09000033", "local_authority_highway": "E09000033", "local_authority_highway_current": "E09000033", "first_road_class": 3, "first_road_number": 3212, "road_type": 6, "speed_limit": 20, "junction_detail_historic": 3, "junction_detail": 13, "junction_control": 2, "second_road_class": 6, "second_road_number": 0, "pedestrian_crossing_human_control_historic": 0, "pedestrian_crossing_physical_facilities_historic": 5, "pedestrian_crossing": 15, "light_conditions": 6, "weather_conditions": 8, "road_surface_conditions": 2, "special_conditions_at_site": 0, "carriageway_hazards_historic": 0, "carriageway_hazards": 0, "urban_or_rural_area": 1, "did_police_officer_attend_scene_of_accident": 1, "trunk_road_flag": 2, "lsoa_of_accident_location": "E01004736", "enhanced_severity_collision": -1, "collision_injury_based": 0, "collision_adjusted_severity_serious": 0.0, "collision_adjusted_severity_slight": 1.0, "source": "STATS19", "source_year": "2022", "source_record_id": "CRASH_67973", "matched_u": 27, "matched_v": 37, "match_distance": 22.534871673211452 }, "geometry": { "type": "Point", "coordinates": [ -0.127212, 51.506537 ] } },
{ "type": "Feature", "properties": { "collision_index": "2022481235151", "collision_year": 2022, "collision_ref_no": "481235151", "location_easting_osgr": 533315.0, "location_northing_osgr": 181626.0, "longitude": -0.080006, "latitude": 51.517833, "police_force": 48, "collision_severity": 3, "number_of_vehicles": 1, "number_of_casualties": 1, "date": "28/05/2022", "day_of_week": 7, "time": "00:05:00", "local_authority_district": -1, "local_authority_ons_district": "E09000001", "local_authority_highway": "E09000001", "local_authority_highway_current": "E09000001", "first_road_class": 6, "first_road_number": 0, "road_type": 6, "speed_limit": 20, "junction_detail_historic": 3, "junction_detail": 13, "junction_control": 4, "second_road_class": 3, "second_road_number": 10, "pedestrian_crossing_human_control_historic": 0, "pedestrian_crossing_physical_facilities_historic": 0, "pedestrian_crossing": 0, "light_conditions": 4, "weather_conditions": 1, "road_surface_conditions": 1, "special_conditions_at_site": 0, "carriageway_hazards_historic": 0, "carriageway_hazards": 0, "urban_or_rural_area": 1, "did_police_officer_attend_scene_of_accident": 1, "trunk_road_flag": 2, "lsoa_of_accident_location": "E01032739", "enhanced_severity_collision": 3, "collision_injury_based": 1, "collision_adjusted_severity_serious": 0.0, "collision_adjusted_severity_slight": 1.0, "source": "STATS19", "source_year": "2022", "source_record_id": "CRASH_68301", "matched_u": 99, "matched_v": 100, "match_distance": 0.0 }, "geometry": { "type": "Point", "coordinates": [ -0.080006, 51.517833 ] } },
{ "type": "Feature", "properties": { "collision_index": "2022481289715", "collision_year": 2022, "collision_ref_no": "481289715", "location_easting_osgr": 533016.0, "location_northing_osgr": 181344.0, "longitude": -0.084419, "latitude": 51.515369, "police_force": 48, "collision_severity": 3, "number_of_vehicles": 1, "number_of_casualties": 1, "date": "03/11/2022", "day_of_week": 5, "time": "18:02:00", "local_authority_district": -1, "local_authority_ons_district": "E09000001", "local_authority_highway": "E09000001", "local_authority_highway_current": "E09000001", "first_road_class": 6, "first_road_number": 0, "road_type": 6, "speed_limit": 20, "junction_detail_historic": 0, "junction_detail": 0, "junction_control": -1, "second_road_class": 0, "second_road_number": -1, "pedestrian_crossing_human_control_historic": 0, "pedestrian_crossing_physical_facilities_historic": 0, "pedestrian_crossing": 0, "light_conditions": 4, "weather_conditions": 1, "road_surface_conditions": 2, "special_conditions_at_site": 0, "carriageway_hazards_historic": 0, "carriageway_hazards": 0, "urban_or_rural_area": 1, "did_police_officer_attend_scene_of_accident": 1, "trunk_road_flag": 2, "lsoa_of_accident_location": "E01032739", "enhanced_severity_collision": 3, "collision_injury_based": 1, "collision_adjusted_severity_serious": 0.0, "collision_adjusted_severity_slight": 1.0, "source": "STATS19", "source_year": "2022", "source_record_id": "CRASH_68302", "matched_u": 89, "matched_v": 99, "match_distance": 29.217546410858631 }, "geometry": { "type": "Point", "coordinates": [ -0.084419, 51.515369 ] } },
{ "type": "Feature", "properties": { "collision_index": "2022010382504", "collision_year": 2022, "collision_ref_no": "010382504", "location_easting_osgr": 530222.0, "location_northing_osgr": 177834.0, "longitude": -0.125956, "latitude": 51.484476, "police_force": 1, "collision_severity": 3, "number_of_vehicles": 2, "number_of_casualties": 1, "date": "14/06/2022", "day_of_week": 3, "time": "19:23:00", "local_authority_district": -1, "local_authority_ons_district": "E09000022", "local_authority_highway": "E09000022", "local_authority_highway_current": "E09000022", "first_road_class": 3, "first_road_number": 3036, "road_type": 2, "speed_limit": 30, "junction_detail_historic": 6, "junction_detail": 16, "junction_control": 2, "second_road_class": 3, "second_road_number": 3205, "pedestrian_crossing_human_control_historic": 9, "pedestrian_crossing_physical_facilities_historic": 5, "pedestrian_crossing": 15, "light_conditions": 1, "weather_conditions": 1, "road_surface_conditions": 1, "special_conditions_at_site": 0, "carriageway_hazards_historic": 0, "carriageway_hazards": 0, "urban_or_rural_area": 1, "did_police_officer_attend_scene_of_accident": 3, "trunk_road_flag": 2, "lsoa_of_accident_location": "E01033208", "enhanced_severity_collision": -1, "collision_injury_based": 0, "collision_adjusted_severity_serious": 0.0, "collision_adjusted_severity_slight": 1.0, "source": "STATS19", "source_year": "2022", "source_record_id": "CRASH_68345", "matched_u": 32, "matched_v": 42, "match_distance": 2.4430728703737254 }, "geometry": { "type": "Point", "coordinates": [ -0.125956, 51.484476 ] } },
{ "type": "Feature", "properties": { "collision_index": "2022010371828", "collision_year": 2022, "collision_ref_no": "010371828", "location_easting_osgr": 529386.0, "location_northing_osgr": 180755.0, "longitude": -0.136919, "latitude": 51.510918, "police_force": 1, "collision_severity": 3, "number_of_vehicles": 2, "number_of_casualties": 1, "date": "20/04/2022", "day_of_week": 4, "time": "11:20:00", "local_authority_district": -1, "local_authority_ons_district": "E09000033", "local_authority_highway": "E09000033", "local_authority_highway_current": "E09000033", "first_road_class": 5, "first_road_number": 0, "road_type": 2, "speed_limit": 20, "junction_detail_historic": 6, "junction_detail": 16, "junction_control": 4, "second_road_class": 6, "second_road_number": 0, "pedestrian_crossing_human_control_historic": 9, "pedestrian_crossing_physical_facilities_historic": 9, "pedestrian_crossing": 99, "light_conditions": 1, "weather_conditions": 1, "road_surface_conditions": 1, "special_conditions_at_site": 4, "carriageway_hazards_historic": 1, "carriageway_hazards": 13, "urban_or_rural_area": 1, "did_police_officer_attend_scene_of_accident": 3, "trunk_road_flag": 2, "lsoa_of_accident_location": "E01033595", "enhanced_severity_collision": -1, "collision_injury_based": 0, "collision_adjusted_severity_serious": 0.0, "collision_adjusted_severity_slight": 1.0, "source": "STATS19", "source_year": "2022", "source_record_id": "CRASH_68381", "matched_u": 18, "matched_v": 28, "match_distance": 32.136166660115123 }, "geometry": { "type": "Point", "coordinates": [ -0.136919, 51.510918 ] } },
{ "type": "Feature", "properties": { "collision_index": "2022010414346", "collision_year": 2022, "collision_ref_no": "010414346", "location_easting_osgr": 529015.0, "location_northing_osgr": 181223.0, "longitude": -0.142091, "latitude": 51.515209, "police_force": 1, "collision_severity": 3, "number_of_vehicles": 1, "number_of_casualties": 2, "date": "02/12/2022", "day_of_week": 6, "time": "18:05:00", "local_authority_district": -1, "local_authority_ons_district": "E09000033", "local_authority_highway": "E09000033", "local_authority_highway_current": "E09000033", "first_road_class": 3, "first_road_number": 40, "road_type": 6, "speed_limit": 20, "junction_detail_historic": 6, "junction_detail": 16, "junction_control": 2, "second_road_class": 3, "second_road_number": 4201, "pedestrian_crossing_human_control_historic": 0, "pedestrian_crossing_physical_facilities_historic": 5, "pedestrian_crossing": 15, "light_conditions": 4, "weather_conditions": 1, "road_surface_conditions": 1, "special_conditions_at_site": 0, "carriageway_hazards_historic": 0, "carriageway_hazards": 0, "urban_or_rural_area": 1, "did_police_officer_attend_scene_of_accident": 3, "trunk_road_flag": 2, "lsoa_of_accident_location": "E01033595", "enhanced_severity_collision": -1, "collision_injury_based": 0, "collision_adjusted_severity_serious": 0.0, "collision_adjusted_severity_slight": 1.0, "source": "STATS19", "source_year": "2022", "source_record_id": "CRASH_68386", "matched_u": 18, "matched_v": 19, "match_distance": 4.3909354701809207 }, "geometry": { "type": "Point", "coordinates": [ -0.142091, 51.515209 ] } },
{ "type": "Feature", "properties": { "collision_index": "2022010372531", "collision_year": 2022, "collision_ref_no": "010372531", "location_easting_osgr": 529558.0, "location_northing_osgr": 180683.0, "longitude": -0.134468, "latitude": 51.510232, "police_force": 1, "collision_severity": 2, "number_of_vehicles": 1, "number_of_casualties": 1, "date": "24/04/2022", "day_of_week": 1, "time": "11:18:00", "local_authority_district": -1, "local_authority_ons_district": "E09000033", "local_authority_highway": "E09000033", "local_authority_highway_current": "E09000033", "first_road_class": 3, "first_road_number": 401, "road_type": 6, "speed_limit": 20, "junction_detail_historic": 5, "junction_detail": 0, "junction_control": 2, "second_road_class": 3, "second_road_number": 4, "pedestrian_crossing_human_control_historic": 0, "pedestrian_crossing_physical_facilities_historic": 5, "pedestrian_crossing": 15, "light_conditions": 1, "weather_conditions": 1, "road_surface_conditions": 1, "special_conditions_at_site": 0, "carriageway_hazards_historic": 0, "carriageway_hazards": 0, "urban_or_rural_area": 1, "did_police_officer_attend_scene_of_accident": 1, "trunk_road_flag": 2, "lsoa_of_accident_location": "E01033595", "enhanced_severity_collision": -1, "collision_injury_based": 0, "collision_adjusted_severity_serious": 1.0, "collision_adjusted_severity_slight": 0.0, "source": "STATS19", "source_year": "2022", "source_record_id": "CRASH_68818", "matched_u": 27, "matched_v": 28, "match_distance": 11.478276384015773 }, "geometry": { "type": "Point", "coordinates": [ -0.134468, 51.510232 ] } },
{ "type": "Feature", "properties": { "collision_index": "2022010391313", "collision_year": 2022, "collision_ref_no": "010391313", "location_easting_osgr": 529191.0, "location_northing_osgr": 179766.0, "longitude": -0.140089, "latitude": 51.502075, "police_force": 1, "collision_severity": 3, "number_of_vehicles": 1, "number_of_casualties": 1, "date": "30/07/2022", "day_of_week": 7, "time": "16:02:00", "local_authority_district": -1, "local_authority_ons_district": "E09000033", "local_authority_highway": "E09000033", "local_authority_highway_current": "E09000033", "first_road_class": 5, "first_road_number": 0, "road_type": 6, "speed_limit": 20, "junction_detail_historic": 3, "junction_detail": 13, "junction_control": 2, "second_road_class": 5, "second_road_number": 0, "pedestrian_crossing_human_control_historic": 2, "pedestrian_crossing_physical_facilities_historic": 4, "pedestrian_crossing": 12, "light_conditions": 1, "weather_conditions": 1, "road_surface_conditions": 1, "special_conditions_at_site": 0, "carriageway_hazards_historic": 0, "carriageway_hazards": 0, "urban_or_rural_area": 1, "did_police_officer_attend_scene_of_accident": 1, "trunk_road_flag": 2, "lsoa_of_accident_location": "E01004736", "enhanced_severity_collision": -1, "collision_injury_based": 0, "collision_adjusted_severity_serious": 0.0, "collision_adjusted_severity_slight": 1.0, "source": "STATS19", "source_year": "2022", "source_record_id": "CRASH_69247", "matched_u": 16, "matched_v": 26, "match_distance": 27.420711874961849 }, "geometry": { "type": "Point", "coordinates": [ -0.140089, 51.502075 ] } },
{ "type": "Feature", "properties": { "collision_index": "2022010370294", "collision_year": 2022, "collision_ref_no": "010370294", "location_easting_osgr": 531785.0, "location_northing_osgr": 178597.0, "longitude": -0.103174, "latitude": 51.490971, "police_force": 1, "collision_severity": 3, "number_of_vehicles": 2, "number_of_casualties": 1, "date": "31/03/2022", "day_of_week": 5, "time": "20:02:00", "local_authority_district": -1, "local_authority_ons_district": "E09000022", "local_authority_highway": "E09000022", "local_authority_highway_current": "E09000028", "first_road_class": 3, "first_road_number": 3204, "road_type": 6, "speed_limit": 30, "junction_detail_historic": 0, "junction_detail": 0, "junction_control": -1, "second_road_class": 0, "second_road_number": -1, "pedestrian_crossing_human_control_historic": 0, "pedestrian_crossing_physical_facilities_historic": 5, "pedestrian_crossing": 15, "light_conditions": 4, "weather_conditions": 1, "road_surface_conditions": 1, "special_conditions_at_site": 0, "carriageway_hazards_historic": 0, "carriageway_hazards": 0, "urban_or_rural_area": 1, "did_police_officer_attend_scene_of_accident": 3, "trunk_road_flag": 2, "lsoa_of_accident_location": "E01032719", "enhanced_severity_collision": -1, "collision_injury_based": 0, "collision_adjusted_severity_serious": 0.0, "collision_adjusted_severity_slight": 1.0, "source": "STATS19", "source_year": "2022", "source_record_id": "CRASH_69634", "matched_u": 63, "matched_v": 64, "match_distance": 14.323107815400363 }, "geometry": { "type": "Point", "coordinates": [ -0.103174, 51.490971 ] } },
{ "type": "Feature", "properties": { "collision_index": "2022010418651", "collision_year": 2022, "collision_ref_no": "010418651", "location_easting_osgr": 530339.0, "location_northing_osgr": 177819.0, "longitude": -0.124277, "latitude": 51.484315, "police_force": 1, "collision_severity": 3, "number_of_vehicles": 2, "number_of_casualties": 1, "date": "25/12/2022", "day_of_week": 1, "time": "15:17:00", "local_authority_district": -1, "local_authority_ons_district": "E09000022", "local_authority_highway": "E09000022", "local_authority_highway_current": "E09000022", "first_road_class": 3, "first_road_number": 203, "road_type": 2, "speed_limit": 30, "junction_detail_historic": 7, "junction_detail": 17, "junction_control": 2, "second_road_class": 3, "second_road_number": 203, "pedestrian_crossing_human_control_historic": 0, "pedestrian_crossing_physical_facilities_historic": 4, "pedestrian_crossing": 14, "light_conditions": 1, "weather_conditions": 1, "road_surface_conditions": 1, "special_conditions_at_site": 0, "carriageway_hazards_historic": 0, "carriageway_hazards": 0, "urban_or_rural_area": 1, "did_police_officer_attend_scene_of_accident": 3, "trunk_road_flag": 2, "lsoa_of_accident_location": "E01033207", "enhanced_severity_collision": -1, "collision_injury_based": 0, "collision_adjusted_severity_serious": 0.0, "collision_adjusted_severity_slight": 1.0, "source": "STATS19", "source_year": "2022", "source_record_id": "CRASH_70068", "matched_u": 32, "matched_v": 42, "match_distance": 31.22360789775848 }, "geometry": { "type": "Point", "coordinates": [ -0.124277, 51.484315 ] } },
{ "type": "Feature", "properties": { "collision_index": "2022010368320", "collision_year": 2022, "collision_ref_no": "010368320", "location_easting_osgr": 528588.0, "location_northing_osgr": 177626.0, "longitude": -0.149551, "latitude": 51.482981, "police_force": 1, "collision_severity": 3, "number_of_vehicles": 1, "number_of_casualties": 1, "date": "30/03/2022", "day_of_week": 4, "time": "08:57:00", "local_authority_district": -1, "local_authority_ons_district": "E09000032", "local_authority_highway": "E09000032", "local_authority_highway_current": "E09000032", "first_road_class": 3, "first_road_number": 3216, "road_type": 6, "speed_limit": 20, "junction_detail_historic": 3, "junction_detail": 13, "junction_control": 4, "second_road_class": 6, "second_road_number": 0, "pedestrian_crossing_human_control_historic": 0, "pedestrian_crossing_physical_facilities_historic": 4, "pedestrian_crossing": 14, "light_conditions": 1, "weather_conditions": 1, "road_surface_conditions": 1, "special_conditions_at_site": 0, "carriageway_hazards_historic": 0, "carriageway_hazards": 0, "urban_or_rural_area": 1, "did_police_officer_attend_scene_of_accident": 1, "trunk_road_flag": 2, "lsoa_of_accident_location": "E01033098", "enhanced_severity_collision": -1, "collision_injury_based": 0, "collision_adjusted_severity_serious": 0.0, "collision_adjusted_severity_slight": 1.0, "source": "STATS19", "source_year": "2022", "source_record_id": "CRASH_70090", "matched_u": 1, "matched_v": 2, "match_distance": 38.405224323683797 }, "geometry": { "type": "Point", "coordinates": [ -0.149551, 51.482981 ] } },
{ "type": "Feature", "properties": { "collision_index": "2022010388728", "collision_year": 2022, "collision_ref_no": "010388728", "location_easting_osgr": 529079.0, "location_northing_osgr": 178147.0, "longitude": -0.142293, "latitude": 51.487551, "police_force": 1, "collision_severity": 2, "number_of_vehicles": 1, "number_of_casualties": 1, "date": "16/07/2022", "day_of_week": 7, "time": "11:00:00", "local_authority_district": -1, "local_authority_ons_district": "E09000033", "local_authority_highway": "E09000033", "local_authority_highway_current": "E09000033", "first_road_class": 5, "first_road_number": 0, "road_type": 6, "speed_limit": 20, "junction_detail_historic": 3, "junction_detail": 13, "junction_control": 4, "second_road_class": 6, "second_road_number": 0, "pedestrian_crossing_human_control_historic": 0, "pedestrian_crossing_physical_facilities_historic": 0, "pedestrian_crossing": 0, "light_conditions": 1, "weather_conditions": 1, "road_surface_conditions": 1, "special_conditions_at_site": 0, "carriageway_hazards_historic": 0, "carriageway_hazards": 0, "urban_or_rural_area": 1, "did_police_officer_attend_scene_of_accident": 1, "trunk_road_flag": 2, "lsoa_of_accident_location": "E01004665", "enhanced_severity_collision": -1, "collision_injury_based": 0, "collision_adjusted_severity_serious": 1.0, "collision_adjusted_severity_slight": 0.0, "source": "STATS19", "source_year": "2022", "source_record_id": "CRASH_70097", "matched_u": 12, "matched_v": 13, "match_distance": 18.095601670060205 }, "geometry": { "type": "Point", "coordinates": [ -0.142293, 51.487551 ] } },
{ "type": "Feature", "properties": { "collision_index": "2022010389950", "collision_year": 2022, "collision_ref_no": "010389950", "location_easting_osgr": 528905.0, "location_northing_osgr": 178788.0, "longitude": -0.144564, "latitude": 51.493351, "police_force": 1, "collision_severity": 3, "number_of_vehicles": 1, "number_of_casualties": 1, "date": "22/07/2022", "day_of_week": 6, "time": "23:16:00", "local_authority_district": -1, "local_authority_ons_district": "E09000033", "local_authority_highway": "E09000033", "local_authority_highway_current": "E09000033", "first_road_class": 3, "first_road_number": 3213, "road_type": 2, "speed_limit": 20, "junction_detail_historic": 3, "junction_detail": 13, "junction_control": 2, "second_road_class": 5, "second_road_number": 0, "pedestrian_crossing_human_control_historic": 2, "pedestrian_crossing_physical_facilities_historic": 5, "pedestrian_crossing": 12, "light_conditions": 4, "weather_conditions": 1, "road_surface_conditions": 1, "special_conditions_at_site": 0, "carriageway_hazards_historic": 0, "carriageway_hazards": 0, "urban_or_rural_area": 1, "did_police_officer_attend_scene_of_accident": 1, "trunk_road_flag": 2, "lsoa_of_accident_location": "E01004750", "enhanced_severity_collision": -1, "collision_injury_based": 0, "collision_adjusted_severity_serious": 0.0, "collision_adjusted_severity_slight": 1.0, "source": "STATS19", "source_year": "2022", "source_record_id": "CRASH_70099", "matched_u": 4, "matched_v": 14, "match_distance": 1.4303697505965829 }, "geometry": { "type": "Point", "coordinates": [ -0.144564, 51.493351 ] } },
{ "type": "Feature", "properties": { "collision_index": "2022010395621", "collision_year": 2022, "collision_ref_no": "010395621", "location_easting_osgr": 529020.0, "location_northing_osgr": 178799.0, "longitude": -0.142904, "latitude": 51.493424, "police_force": 1, "collision_severity": 3, "number_of_vehicles": 2, "number_of_casualties": 1, "date": "24/08/2022", "day_of_week": 4, "time": "12:34:00", "local_authority_district": -1, "local_authority_ons_district": "E09000033", "local_authority_highway": "E09000033", "local_authority_highway_current": "E09000033", "first_road_class": 6, "first_road_number": 0, "road_type": 6, "speed_limit": 20, "junction_detail_historic": 9, "junction_detail": 19, "junction_control": 3, "second_road_class": 6, "second_road_number": 0, "pedestrian_crossing_human_control_historic": 0, "pedestrian_crossing_physical_facilities_historic": 0, "pedestrian_crossing": 0, "light_conditions": 1, "weather_conditions": 1, "road_surface_conditions": 1, "special_conditions_at_site": 0, "carriageway_hazards_historic": 0, "carriageway_hazards": 0, "urban_or_rural_area": 1, "did_police_officer_attend_scene_of_accident": 1, "trunk_road_flag": 2, "lsoa_of_accident_location": "E01004749", "enhanced_severity_collision": -1, "collision_injury_based": 0, "collision_adjusted_severity_serious": 0.0, "collision_adjusted_severity_slight": 1.0, "source": "STATS19", "source_year": "2022", "source_record_id": "CRASH_70101", "matched_u": 4, "matched_v": 14, "match_distance": 11.621763527393339 }, "geometry": { "type": "Point", "coordinates": [ -0.142904, 51.493424 ] } },
{ "type": "Feature", "properties": { "collision_index": "2022010406985", "collision_year": 2022, "collision_ref_no": "010406985", "location_easting_osgr": 529562.0, "location_northing_osgr": 180815.0, "longitude": -0.134362, "latitude": 51.511417, "police_force": 1, "collision_severity": 2, "number_of_vehicles": 1, "number_of_casualties": 1, "date": "27/10/2022", "day_of_week": 5, "time": "22:02:00", "local_authority_district": -1, "local_authority_ons_district": "E09000033", "local_authority_highway": "E09000033", "local_authority_highway_current": "E09000033", "first_road_class": 6, "first_road_number": 0, "road_type": 6, "speed_limit": 20, "junction_detail_historic": 3, "junction_detail": 13, "junction_control": 4, "second_road_class": 6, "second_road_number": 0, "pedestrian_crossing_human_control_historic": 0, "pedestrian_crossing_physical_facilities_historic": 0, "pedestrian_crossing": 0, "light_conditions": 4, "weather_conditions": 1, "road_surface_conditions": 1, "special_conditions_at_site": 0, "carriageway_hazards_historic": 0, "carriageway_hazards": 0, "urban_or_rural_area": 1, "did_police_officer_attend_scene_of_accident": 1, "trunk_road_flag": 2, "lsoa_of_accident_location": "E01033595", "enhanced_severity_collision": -1, "collision_injury_based": 0, "collision_adjusted_severity_serious": 1.0, "collision_adjusted_severity_slight": 0.0, "source": "STATS19", "source_year": "2022", "source_record_id": "CRASH_70531", "matched_u": 28, "matched_v": 29, "match_distance": 0.32158964007248869 }, "geometry": { "type": "Point", "coordinates": [ -0.134362, 51.511417 ] } },
{ "type": "Feature", "properties": { "collision_index": "2022010378765", "collision_year": 2022, "collision_ref_no": "010378765", "location_easting_osgr": 529083.0, "location_northing_osgr": 179164.0, "longitude": -0.141864, "latitude": 51.49669, "police_force": 1, "collision_severity": 3, "number_of_vehicles": 2, "number_of_casualties": 1, "date": "26/05/2022", "day_of_week": 5, "time": "20:00:00", "local_authority_district": -1, "local_authority_ons_district": "E09000033", "local_authority_highway": "E09000033", "local_authority_highway_current": "E09000033", "first_road_class": 3, "first_road_number": 302, "road_type": 3, "speed_limit": 20, "junction_detail_historic": 3, "junction_detail": 13, "junction_control": 2, "second_road_class": 3, "second_road_number": 3217, "pedestrian_crossing_human_control_historic": 0, "pedestrian_crossing_physical_facilities_historic": 4, "pedestrian_crossing": 14, "light_conditions": 1, "weather_conditions": 1, "road_surface_conditions": 1, "special_conditions_at_site": 0, "carriageway_hazards_historic": 0, "carriageway_hazards": 0, "urban_or_rural_area": 1, "did_police_officer_attend_scene_of_accident": 1, "trunk_road_flag": 2, "lsoa_of_accident_location": "E01004731", "enhanced_severity_collision": -1, "collision_injury_based": 0, "collision_adjusted_severity_serious": 0.0, "collision_adjusted_severity_slight": 1.0, "source": "STATS19", "source_year": "2022", "source_record_id": "CRASH_70954", "matched_u": 14, "matched_v": 15, "match_distance": 29.660459880255075 }, "geometry": { "type": "Point", "coordinates": [ -0.141864, 51.49669 ] } },
{ "type": "Feature", "properties": { "collision_index": "2022010390974", "collision_year": 2022, "collision_ref_no": "010390974", "location_easting_osgr": 529148.0, "location_northing_osgr": 179775.0, "longitude": -0.140705, "latitude": 51.502166, "police_force": 1, "collision_severity": 3, "number_of_vehicles": 1, "number_of_casualties": 2, "date": "28/07/2022", "day_of_week": 5, "time": "15:00:00", "local_authority_district": -1, "local_authority_ons_district": "E09000033", "local_authority_highway": "E09000033", "local_authority_highway_current": "E09000033", "first_road_class": 5, "first_road_number": 0, "road_type": 6, "speed_limit": 20, "junction_detail_historic": 1, "junction_detail": 0, "junction_control": 4, "second_road_class": 5, "second_road_number": 0, "pedestrian_crossing_human_control_historic": 0, "pedestrian_crossing_physical_facilities_historic": 0, "pedestrian_crossing": 0, "light_conditions": 1, "weather_conditions": 1, "road_surface_conditions": 1, "special_conditions_at_site": 0, "carriageway_hazards_historic": 0, "carriageway_hazards": 0, "urban_or_rural_area": 1, "did_police_officer_attend_scene_of_accident": 1, "trunk_road_flag": 2, "lsoa_of_accident_location": "E01004736", "enhanced_severity_collision": -1, "collision_injury_based": 0, "collision_adjusted_severity_serious": 0.0, "collision_adjusted_severity_slight": 1.0, "source": "STATS19", "source_year": "2022", "source_record_id": "CRASH_70956", "matched_u": 16, "matched_v": 26, "match_distance": 11.147126608528197 }, "geometry": { "type": "Point", "coordinates": [ -0.140705, 51.502166 ] } },
{ "type": "Feature", "properties": { "collision_index": "2022010394604", "collision_year": 2022, "collision_ref_no": "010394604", "location_easting_osgr": 531139.0, "location_northing_osgr": 181622.0, "longitude": -0.11135, "latitude": 51.518306, "police_force": 1, "collision_severity": 3, "number_of_vehicles": 2, "number_of_casualties": 1, "date": "18/08/2022", "day_of_week": 5, "time": "08:46:00", "local_authority_district": -1, "local_authority_ons_district": "E09000007", "local_authority_highway": "E09000007", "local_authority_highway_current": "E09000007", "first_road_class": 3, "first_road_number": 40, "road_type": 6, "speed_limit": 20, "junction_detail_historic": 3, "junction_detail": 13, "junction_control": 2, "second_road_class": 3, "second_road_number": 5200, "pedestrian_crossing_human_control_historic": 0, "pedestrian_crossing_physical_facilities_historic": 0, "pedestrian_crossing": 0, "light_conditions": 1, "weather_conditions": 1, "road_surface_conditions": 1, "special_conditions_at_site": 0, "carriageway_hazards_historic": 0, "carriageway_hazards": 0, "urban_or_rural_area": 1, "did_police_officer_attend_scene_of_accident": 1, "trunk_road_flag": 2, "lsoa_of_accident_location": "E01000914", "enhanced_severity_collision": -1, "collision_injury_based": 0, "collision_adjusted_severity_serious": 0.0, "collision_adjusted_severity_slight": 1.0, "source": "STATS19", "source_year": "2022", "source_record_id": "CRASH_71334", "matched_u": 59, "matched_v": 60, "match_distance": 31.367358739084008 }, "geometry": { "type": "Point", "coordinates": [ -0.11135, 51.518306 ] } },
{ "type": "Feature", "properties": { "collision_index": "2022010389830", "collision_year": 2022, "collision_ref_no": "010389830", "location_easting_osgr": 529538.0, "location_northing_osgr": 180645.0, "longitude": -0.13477, "latitude": 51.509895, "police_force": 1, "collision_severity": 3, "number_of_vehicles": 2, "number_of_casualties": 1, "date": "22/07/2022", "day_of_week": 6, "time": "11:16:00", "local_authority_district": -1, "local_authority_ons_district": "E09000033", "local_authority_highway": "E09000033", "local_authority_highway_current": "E09000033", "first_road_class": 3, "first_road_number": 4, "road_type": 1, "speed_limit": 20, "junction_detail_historic": 7, "junction_detail": 17, "junction_control": 2, "second_road_class": 3, "second_road_number": 4, "pedestrian_crossing_human_control_historic": 0, "pedestrian_crossing_physical_facilities_historic": 5, "pedestrian_crossing": 15, "light_conditions": 1, "weather_conditions": 1, "road_surface_conditions": 1, "special_conditions_at_site": 0, "carriageway_hazards_historic": 0, "carriageway_hazards": 0, "urban_or_rural_area": 1, "did_police_officer_attend_scene_of_accident": 1, "trunk_road_flag": 2, "lsoa_of_accident_location": "E01004736", "enhanced_severity_collision": -1, "collision_injury_based": 0, "collision_adjusted_severity_serious": 0.0, "collision_adjusted_severity_slight": 1.0, "source": "STATS19", "source_year": "2022", "source_record_id": "CRASH_71408", "matched_u": 27, "matched_v": 28, "match_distance": 45.096762603583556 }, "geometry": { "type": "Point", "coordinates": [ -0.13477, 51.509895 ] } },
{ "type": "Feature", "properties": { "collision_index": "2022481209152", "collision_year": 2022, "collision_ref_no": "481209152", "location_easting_osgr": 533294.0, "location_northing_osgr": 181600.0, "longitude": -0.080318, "latitude": 51.517604, "police_force": 48, "collision_severity": 3, "number_of_vehicles": 2, "number_of_casualties": 2, "date": "08/04/2022", "day_of_week": 6, "time": "20:40:00", "local_authority_district": -1, "local_authority_ons_district": "E09000001", "local_authority_highway": "E09000001", "local_authority_highway_current": "E09000001", "first_road_class": 3, "first_road_number": 10, "road_type": 6, "speed_limit": 20, "junction_detail_historic": 3, "junction_detail": 13, "junction_control": 4, "second_road_class": 6, "second_road_number": 0, "pedestrian_crossing_human_control_historic": 0, "pedestrian_crossing_physical_facilities_historic": 4, "pedestrian_crossing": 14, "light_conditions": 4, "weather_conditions": 1, "road_surface_conditions": 1, "special_conditions_at_site": 0, "carriageway_hazards_historic": 0, "carriageway_hazards": 0, "urban_or_rural_area": 1, "did_police_officer_attend_scene_of_accident": 1, "trunk_road_flag": 2, "lsoa_of_accident_location": "E01032739", "enhanced_severity_collision": 3, "collision_injury_based": 1, "collision_adjusted_severity_serious": 0.0, "collision_adjusted_severity_slight": 1.0, "source": "STATS19", "source_year": "2022", "source_record_id": "CRASH_71764", "matched_u": 99, "matched_v": 100, "match_distance": 34.731681127501361 }, "geometry": { "type": "Point", "coordinates": [ -0.080318, 51.517604 ] } },
{ "type": "Feature", "properties": { "collision_index": "2022010357138", "collision_year": 2022, "collision_ref_no": "010357138", "location_easting_osgr": 529948.0, "location_northing_osgr": 179325.0, "longitude": -0.129351, "latitude": 51.497938, "police_force": 1, "collision_severity": 3, "number_of_vehicles": 1, "number_of_casualties": 1, "date": "27/01/2022", "day_of_week": 5, "time": "22:00:00", "local_authority_district": -1, "local_authority_ons_district": "E09000033", "local_authority_highway": "E09000033", "local_authority_highway_current": "E09000033", "first_road_class": 4, "first_road_number": 326, "road_type": 6, "speed_limit": 20, "junction_detail_historic": 6, "junction_detail": 16, "junction_control": 4, "second_road_class": 6, "second_road_number": 0, "pedestrian_crossing_human_control_historic": 0, "pedestrian_crossing_physical_facilities_historic": 0, "pedestrian_crossing": 0, "light_conditions": 4, "weather_conditions": 1, "road_surface_conditions": 1, "special_conditions_at_site": 0, "carriageway_hazards_historic": 0, "carriageway_hazards": 0, "urban_or_rural_area": 1, "did_police_officer_attend_scene_of_accident": 1, "trunk_road_flag": 2, "lsoa_of_accident_location": "E01004732", "enhanced_severity_collision": -1, "collision_injury_based": 0, "collision_adjusted_severity_serious": 0.0, "collision_adjusted_severity_slight": 1.0, "source": "STATS19", "source_year": "2022", "source_record_id": "CRASH_71863", "matched_u": 25, "matched_v": 35, "match_distance": 25.808808163739737 }, "geometry": { "type": "Point", "coordinates": [ -0.129351, 51.497938 ] } },
{ "type": "Feature", "properties": { "collision_index": "2022010393000", "collision_year": 2022, "collision_ref_no": "010393000", "location_easting_osgr": 530663.0, "location_northing_osgr": 179665.0, "longitude": -0.118931, "latitude": 51.500829, "police_force": 1, "collision_severity": 3, "number_of_vehicles": 1, "number_of_casualties": 1, "date": "07/08/2022", "day_of_week": 1, "time": "16:05:00", "local_authority_district": -1, "local_authority_ons_district": "E09000022", "local_authority_highway": "E09000022", "local_authority_highway_current": "E09000022", "first_road_class": 3, "first_road_number": 302, "road_type": 9, "speed_limit": 20, "junction_detail_historic": 0, "junction_detail": 0, "junction_control": -1, "second_road_class": 0, "second_road_number": -1, "pedestrian_crossing_human_control_historic": 0, "pedestrian_crossing_physical_facilities_historic": 4, "pedestrian_crossing": 14, "light_conditions": 1, "weather_conditions": 1, "road_surface_conditions": 1, "special_conditions_at_site": 9, "carriageway_hazards_historic": 6, "carriageway_hazards": 19, "urban_or_rural_area": 1, "did_police_officer_attend_scene_of_accident": 3, "trunk_road_flag": 2, "lsoa_of_accident_location": "E01003013", "enhanced_severity_collision": -1, "collision_injury_based": 0, "collision_adjusted_severity_serious": 0.0, "collision_adjusted_severity_slight": 1.0, "source": "STATS19", "source_year": "2022", "source_record_id": "CRASH_72254", "matched_u": 45, "matched_v": 46, "match_distance": 10.822728271567032 }, "geometry": { "type": "Point", "coordinates": [ -0.118931, 51.500829 ] } },
{ "type": "Feature", "properties": { "collision_index": "2022010365383", "collision_year": 2022, "collision_ref_no": "010365383", "location_easting_osgr": 529010.0, "location_northing_osgr": 180322.0, "longitude": -0.142492, "latitude": 51.507113, "police_force": 1, "collision_severity": 2, "number_of_vehicles": 2, "number_of_casualties": 1, "date": "14/03/2022", "day_of_week": 2, "time": "17:30:00", "local_authority_district": -1, "local_authority_ons_district": "E09000033", "local_authority_highway": "E09000033", "local_authority_highway_current": "E09000033", "first_road_class": 3, "first_road_number": 4, "road_type": 2, "speed_limit": 20, "junction_detail_historic": 9, "junction_detail": 19, "junction_control": 2, "second_road_class": 5, "second_road_number": 0, "pedestrian_crossing_human_control_historic": 0, "pedestrian_crossing_physical_facilities_historic": 5, "pedestrian_crossing": 15, "light_conditions": 1, "weather_conditions": 1, "road_surface_conditions": 2, "special_conditions_at_site": 0, "carriageway_hazards_historic": 0, "carriageway_hazards": 0, "urban_or_rural_area": 1, "did_police_officer_attend_scene_of_accident": 1, "trunk_road_flag": 2, "lsoa_of_accident_location": "E01004761", "enhanced_severity_collision": -1, "collision_injury_based": 0, "collision_adjusted_severity_serious": 1.0, "collision_adjusted_severity_slight": 0.0, "source": "STATS19", "source_year": "2022", "source_record_id": "CRASH_72284", "matched_u": 17, "matched_v": 18, "match_distance": 40.24818033792144 }, "geometry": { "type": "Point", "coordinates": [ -0.142492, 51.507113 ] } },
{ "type": "Feature", "properties": { "collision_index": "2022010357683", "collision_year": 2022, "collision_ref_no": "010357683", "location_easting_osgr": 529109.0, "location_northing_osgr": 178167.0, "longitude": -0.141854, "latitude": 51.487724, "police_force": 1, "collision_severity": 3, "number_of_vehicles": 2, "number_of_casualties": 1, "date": "30/01/2022", "day_of_week": 1, "time": "22:25:00", "local_authority_district": -1, "local_authority_ons_district": "E09000033", "local_authority_highway": "E09000033", "local_authority_highway_current": "E09000033", "first_road_class": 5, "first_road_number": 0, "road_type": 6, "speed_limit": 20, "junction_detail_historic": 3, "junction_detail": 13, "junction_control": 4, "second_road_class": 6, "second_road_number": 0, "pedestrian_crossing_human_control_historic": 0, "pedestrian_crossing_physical_facilities_historic": 4, "pedestrian_crossing": 14, "light_conditions": 4, "weather_conditions": 1, "road_surface_conditions": 2, "special_conditions_at_site": 0, "carriageway_hazards_historic": 0, "carriageway_hazards": 0, "urban_or_rural_area": 1, "did_police_officer_attend_scene_of_accident": 1, "trunk_road_flag": 2, "lsoa_of_accident_location": "E01004753", "enhanced_severity_collision": -1, "collision_injury_based": 0, "collision_adjusted_severity_serious": 0.0, "collision_adjusted_severity_slight": 1.0, "source": "STATS19", "source_year": "2022", "source_record_id": "CRASH_73153", "matched_u": 12, "matched_v": 13, "match_distance": 30.773654788186835 }, "geometry": { "type": "Point", "coordinates": [ -0.141854, 51.487724 ] } },
{ "type": "Feature", "properties": { "collision_index": "2022481289406", "collision_year": 2022, "collision_ref_no": "481289406", "location_easting_osgr": 531721.0, "location_northing_osgr": 181743.0, "longitude": -0.102922, "latitude": 51.519258, "police_force": 48, "collision_severity": 2, "number_of_vehicles": 1, "number_of_casualties": 1, "date": "31/10/2022", "day_of_week": 2, "time": "00:30:00", "local_authority_district": -1, "local_authority_ons_district": "E09000001", "local_authority_highway": "E09000001", "local_authority_highway_current": "E09000001", "first_road_class": 6, "first_road_number": 0, "road_type": 6, "speed_limit": 20, "junction_detail_historic": 3, "junction_detail": 13, "junction_control": 4, "second_road_class": 6, "second_road_number": 0, "pedestrian_crossing_human_control_historic": 0, "pedestrian_crossing_physical_facilities_historic": 0, "pedestrian_crossing": 0, "light_conditions": 4, "weather_conditions": 1, "road_surface_conditions": 1, "special_conditions_at_site": 0, "carriageway_hazards_historic": 0, "carriageway_hazards": 0, "urban_or_rural_area": 1, "did_police_officer_attend_scene_of_accident": 1, "trunk_road_flag": 2, "lsoa_of_accident_location": "E01032740", "enhanced_severity_collision": 7, "collision_injury_based": 1, "collision_adjusted_severity_serious": 1.0, "collision_adjusted_severity_slight": 0.0, "source": "STATS19", "source_year": "2022", "source_record_id": "CRASH_73498", "matched_u": 69, "matched_v": 70, "match_distance": 42.375619495305727 }, "geometry": { "type": "Point", "coordinates": [ -0.102922, 51.519258 ] } },
{ "type": "Feature", "properties": { "collision_index": "2022481271858", "collision_year": 2022, "collision_ref_no": "481271858", "location_easting_osgr": 532029.0, "location_northing_osgr": 181316.0, "longitude": -0.098645, "latitude": 51.515349, "police_force": 48, "collision_severity": 2, "number_of_vehicles": 3, "number_of_casualties": 2, "date": "23/09/2022", "day_of_week": 6, "time": "08:43:00", "local_authority_district": -1, "local_authority_ons_district": "E09000001", "local_authority_highway": "E09000001", "local_authority_highway_current": "E09000001", "first_road_class": 3, "first_road_number": 40, "road_type": 6, "speed_limit": 20, "junction_detail_historic": 3, "junction_detail": 13, "junction_control": 2, "second_road_class": 3, "second_road_number": 40, "pedestrian_crossing_human_control_historic": 0, "pedestrian_crossing_physical_facilities_historic": 5, "pedestrian_crossing": 15, "light_conditions": 1, "weather_conditions": 1, "road_surface_conditions": 2, "special_conditions_at_site": 0, "carriageway_hazards_historic": 0, "carriageway_hazards": 0, "urban_or_rural_area": 1, "did_police_officer_attend_scene_of_accident": 1, "trunk_road_flag": 2, "lsoa_of_accident_location": "E01032739", "enhanced_severity_collision": 6, "collision_injury_based": 1, "collision_adjusted_severity_serious": 1.0, "collision_adjusted_severity_slight": 0.0, "source": "STATS19", "source_year": "2022", "source_record_id": "CRASH_73914", "matched_u": 69, "matched_v": 79, "match_distance": 32.795197955332689 }, "geometry": { "type": "Point", "coordinates": [ -0.098645, 51.515349 ] } },
{ "type": "Feature", "properties": { "collision_index": "2022010390890", "collision_year": 2022, "collision_ref_no": "010390890", "location_easting_osgr": 532766.0, "location_northing_osgr": 180345.0, "longitude": -0.088395, "latitude": 51.50645, "police_force": 1, "collision_severity": 2, "number_of_vehicles": 1, "number_of_casualties": 1, "date": "15/06/2022", "day_of_week": 4, "time": "12:30:00", "local_authority_district": -1, "local_authority_ons_district": "E09000028", "local_authority_highway": "E09000028", "local_authority_highway_current": "E09000028", "first_road_class": 6, "first_road_number": 0, "road_type": 6, "speed_limit": 20, "junction_detail_historic": 9, "junction_detail": 19, "junction_control": 4, "second_road_class": 6, "second_road_number": 0, "pedestrian_crossing_human_control_historic": 0, "pedestrian_crossing_physical_facilities_historic": 0, "pedestrian_crossing": 0, "light_conditions": 1, "weather_conditions": 9, "road_surface_conditions": 9, "special_conditions_at_site": 0, "carriageway_hazards_historic": 9, "carriageway_hazards": 0, "urban_or_rural_area": 1, "did_police_officer_attend_scene_of_accident": 3, "trunk_road_flag": 2, "lsoa_of_accident_location": "E01003929", "enhanced_severity_collision": -1, "collision_injury_based": 0, "collision_adjusted_severity_serious": 1.0, "collision_adjusted_severity_slight": 0.0, "source": "STATS19", "source_year": "2022", "source_record_id": "CRASH_73991", "matched_u": 77, "matched_v": 87, "match_distance": 38.094627651385963 }, "geometry": { "type": "Point", "coordinates": [ -0.088395, 51.50645 ] } },
{ "type": "Feature", "properties": { "collision_index": "2022010417082", "collision_year": 2022, "collision_ref_no": "010417082", "location_easting_osgr": 528934.0, "location_northing_osgr": 180768.0, "longitude": -0.143424, "latitude": 51.511138, "police_force": 1, "collision_severity": 3, "number_of_vehicles": 2, "number_of_casualties": 1, "date": "18/12/2022", "day_of_week": 1, "time": "13:37:00", "local_authority_district": -1, "local_authority_ons_district": "E09000033", "local_authority_highway": "E09000033", "local_authority_highway_current": "E09000033", "first_road_class": 4, "first_road_number": 406, "road_type": 6, "speed_limit": 20, "junction_detail_historic": 6, "junction_detail": 16, "junction_control": 2, "second_road_class": 4, "second_road_number": 406, "pedestrian_crossing_human_control_historic": 0, "pedestrian_crossing_physical_facilities_historic": 5, "pedestrian_crossing": 15, "light_conditions": 1, "weather_conditions": 2, "road_surface_conditions": 2, "special_conditions_at_site": 0, "carriageway_hazards_historic": 0, "carriageway_hazards": 0, "urban_or_rural_area": 1, "did_police_officer_attend_scene_of_accident": 1, "trunk_road_flag": 2, "lsoa_of_accident_location": "E01033595", "enhanced_severity_collision": -1, "collision_injury_based": 0, "collision_adjusted_severity_serious": 0.0, "collision_adjusted_severity_slight": 1.0, "source": "STATS19", "source_year": "2022", "source_record_id": "CRASH_74006", "matched_u": 8, "matched_v": 18, "match_distance": 7.214258915744721 }, "geometry": { "type": "Point", "coordinates": [ -0.143424, 51.511138 ] } },
{ "type": "Feature", "properties": { "collision_index": "2022011292404", "collision_year": 2022, "collision_ref_no": "011292404", "location_easting_osgr": 532792.0, "location_northing_osgr": 180402.0, "longitude": -0.087999, "latitude": 51.506957, "police_force": 1, "collision_severity": 2, "number_of_vehicles": 2, "number_of_casualties": 1, "date": "11/12/2022", "day_of_week": 1, "time": "03:07:00", "local_authority_district": -1, "local_authority_ons_district": "E09000028", "local_authority_highway": "E09000028", "local_authority_highway_current": "E09000028", "first_road_class": 3, "first_road_number": 3, "road_type": 3, "speed_limit": 20, "junction_detail_historic": 0, "junction_detail": 0, "junction_control": -1, "second_road_class": 0, "second_road_number": -1, "pedestrian_crossing_human_control_historic": 0, "pedestrian_crossing_physical_facilities_historic": 0, "pedestrian_crossing": 0, "light_conditions": 4, "weather_conditions": 1, "road_surface_conditions": 4, "special_conditions_at_site": 0, "carriageway_hazards_historic": 0, "carriageway_hazards": 0, "urban_or_rural_area": 2, "did_police_officer_attend_scene_of_accident": 1, "trunk_road_flag": 2, "lsoa_of_accident_location": "E01003929", "enhanced_severity_collision": 7, "collision_injury_based": 1, "collision_adjusted_severity_serious": 1.0, "collision_adjusted_severity_slight": 0.0, "source": "STATS19", "source_year": "2022", "source_record_id": "CRASH_74430", "matched_u": 87, "matched_v": 88, "match_distance": 25.318999739316496 }, "geometry": { "type": "Point", "coordinates": [ -0.087999, 51.506957 ] } },
{ "type": "Feature", "properties": { "collision_index": "2022010353268", "collision_year": 2022, "collision_ref_no": "010353268", "location_easting_osgr": 531307.0, "location_northing_osgr": 179863.0, "longitude": -0.109585, "latitude": 51.50246, "police_force": 1, "collision_severity": 3, "number_of_vehicles": 1, "number_of_casualties": 1, "date": "05/01/2022", "day_of_week": 4, "time": "14:30:00", "local_authority_district": -1, "local_authority_ons_district": "E09000022", "local_authority_highway": "E09000022", "local_authority_highway_current": "E09000022", "first_road_class": 4, "first_road_number": 300, "road_type": 6, "speed_limit": 30, "junction_detail_historic": 6, "junction_detail": 16, "junction_control": 2, "second_road_class": 5, "second_road_number": 0, "pedestrian_crossing_human_control_historic": 2, "pedestrian_crossing_physical_facilities_historic": 5, "pedestrian_crossing": 12, "light_conditions": 1, "weather_conditions": 1, "road_surface_conditions": 1, "special_conditions_at_site": 0, "carriageway_hazards_historic": 0, "carriageway_hazards": 0, "urban_or_rural_area": 1, "did_police_officer_attend_scene_of_accident": 1, "trunk_road_flag": 2, "lsoa_of_accident_location": "E01003017", "enhanced_severity_collision": -1, "collision_injury_based": 0, "collision_adjusted_severity_serious": 0.0, "collision_adjusted_severity_slight": 1.0, "source": "STATS19", "source_year": "2022", "source_record_id": "CRASH_75316", "matched_u": 56, "matched_v": 66, "match_distance": 41.429294033907347 }, "geometry": { "type": "Point", "coordinates": [ -0.109585, 51.50246 ] } },
{ "type": "Feature", "properties": { "collision_index": "2022010393160", "collision_year": 2022, "collision_ref_no": "010393160", "location_easting_osgr": 532788.0, "location_northing_osgr": 179873.0, "longitude": -0.088256, "latitude": 51.502204, "police_force": 1, "collision_severity": 3, "number_of_vehicles": 2, "number_of_casualties": 1, "date": "10/08/2022", "day_of_week": 4, "time": "07:07:00", "local_authority_district": -1, "local_authority_ons_district": "E09000028", "local_authority_highway": "E09000028", "local_authority_highway_current": "E09000028", "first_road_class": 6, "first_road_number": 0, "road_type": 2, "speed_limit": 20, "junction_detail_historic": 3, "junction_detail": 13, "junction_control": 4, "second_road_class": 6, "second_road_number": 0, "pedestrian_crossing_human_control_historic": 0, "pedestrian_crossing_physical_facilities_historic": 1, "pedestrian_crossing": 13, "light_conditions": 1, "weather_conditions": 1, "road_surface_conditions": 1, "special_conditions_at_site": 0, "carriageway_hazards_historic": 0, "carriageway_hazards": 0, "urban_or_rural_area": 1, "did_police_officer_attend_scene_of_accident": 3, "trunk_road_flag": 2, "lsoa_of_accident_location": "E01003939", "enhanced_severity_collision": -1, "collision_injury_based": 0, "collision_adjusted_severity_serious": 0.0, "collision_adjusted_severity_slight": 1.0, "source": "STATS19", "source_year": "2022", "source_record_id": "CRASH_75338", "matched_u": 76, "matched_v": 86, "match_distance": 4.3515539113432169 }, "geometry": { "type": "Point", "coordinates": [ -0.088256, 51.502204 ] } },
{ "type": "Feature", "properties": { "collision_index": "2022010408659", "collision_year": 2022, "collision_ref_no": "010408659", "location_easting_osgr": 528666.0, "location_northing_osgr": 180273.0, "longitude": -0.147464, "latitude": 51.506751, "police_force": 1, "collision_severity": 3, "number_of_vehicles": 3, "number_of_casualties": 1, "date": "05/11/2022", "day_of_week": 7, "time": "18:40:00", "local_authority_district": -1, "local_authority_ons_district": "E09000033", "local_authority_highway": "E09000033", "local_authority_highway_current": "E09000033", "first_road_class": 5, "first_road_number": 0, "road_type": 6, "speed_limit": 20, "junction_detail_historic": 7, "junction_detail": 17, "junction_control": 4, "second_road_class": 6, "second_road_number": 0, "pedestrian_crossing_human_control_historic": 0, "pedestrian_crossing_physical_facilities_historic": 0, "pedestrian_crossing": 0, "light_conditions": 4, "weather_conditions": 2, "road_surface_conditions": 2, "special_conditions_at_site": 0, "carriageway_hazards_historic": 0, "carriageway_hazards": 0, "urban_or_rural_area": 1, "did_police_officer_attend_scene_of_accident": 1, "trunk_road_flag": 2, "lsoa_of_accident_location": "E01004761", "enhanced_severity_collision": -1, "collision_injury_based": 0, "collision_adjusted_severity_serious": 0.0, "collision_adjusted_severity_slight": 1.0, "source": "STATS19", "source_year": "2022", "source_record_id": "CRASH_75361", "matched_u": 7, "matched_v": 17, "match_distance": 15.738677492365241 }, "geometry": { "type": "Point", "coordinates": [ -0.147464, 51.506751 ] } },
{ "type": "Feature", "properties": { "collision_index": "2022010414813", "collision_year": 2022, "collision_ref_no": "010414813", "location_easting_osgr": 531229.0, "location_northing_osgr": 178316.0, "longitude": -0.111282, "latitude": 51.488575, "police_force": 1, "collision_severity": 3, "number_of_vehicles": 2, "number_of_casualties": 1, "date": "04/12/2022", "day_of_week": 1, "time": "20:04:00", "local_authority_district": -1, "local_authority_ons_district": "E09000022", "local_authority_highway": "E09000022", "local_authority_highway_current": "E09000022", "first_road_class": 3, "first_road_number": 3204, "road_type": 6, "speed_limit": 20, "junction_detail_historic": 0, "junction_detail": 0, "junction_control": -1, "second_road_class": 0, "second_road_number": -1, "pedestrian_crossing_human_control_historic": 9, "pedestrian_crossing_physical_facilities_historic": 5, "pedestrian_crossing": 15, "light_conditions": 4, "weather_conditions": 1, "road_surface_conditions": 1, "special_conditions_at_site": 3, "carriageway_hazards_historic": 0, "carriageway_hazards": 12, "urban_or_rural_area": 1, "did_police_officer_attend_scene_of_accident": 3, "trunk_road_flag": 2, "lsoa_of_accident_location": "E01003107", "enhanced_severity_collision": -1, "collision_injury_based": 0, "collision_adjusted_severity_serious": 0.0, "collision_adjusted_severity_slight": 1.0, "source": "STATS19", "source_year": "2022", "source_record_id": "CRASH_75784", "matched_u": 52, "matched_v": 53, "match_distance": 23.797633365140427 }, "geometry": { "type": "Point", "coordinates": [ -0.111282, 51.488575 ] } },
{ "type": "Feature", "properties": { "collision_index": "2022010395223", "collision_year": 2022, "collision_ref_no": "010395223", "location_easting_osgr": 529454.0, "location_northing_osgr": 181285.0, "longitude": -0.135745, "latitude": 51.515666, "police_force": 1, "collision_severity": 3, "number_of_vehicles": 3, "number_of_casualties": 1, "date": "21/08/2022", "day_of_week": 1, "time": "23:12:00", "local_authority_district": -1, "local_authority_ons_district": "E09000033", "local_authority_highway": "E09000033", "local_authority_highway_current": "E09000033", "first_road_class": 3, "first_road_number": 40, "road_type": 2, "speed_limit": 20, "junction_detail_historic": 6, "junction_detail": 16, "junction_control": 4, "second_road_class": 5, "second_road_number": 0, "pedestrian_crossing_human_control_historic": 0, "pedestrian_crossing_physical_facilities_historic": 4, "pedestrian_crossing": 14, "light_conditions": 6, "weather_conditions": 1, "road_surface_conditions": 1, "special_conditions_at_site": 0, "carriageway_hazards_historic": 0, "carriageway_hazards": 0, "urban_or_rural_area": 1, "did_police_officer_attend_scene_of_accident": 1, "trunk_road_flag": 2, "lsoa_of_accident_location": "E01004763", "enhanced_severity_collision": -1, "collision_injury_based": 0, "collision_adjusted_severity_serious": 0.0, "collision_adjusted_severity_slight": 1.0, "source": "STATS19", "source_year": "2022", "source_record_id": "CRASH_75811", "matched_u": 19, "matched_v": 29, "match_distance": 23.910763894207776 }, "geometry": { "type": "Point", "coordinates": [ -0.135745, 51.515666 ] } },
{ "type": "Feature", "properties": { "collision_index": "2022010366192", "collision_year": 2022, "collision_ref_no": "010366192", "location_easting_osgr": 529282.0, "location_northing_osgr": 177345.0, "longitude": -0.139665, "latitude": 51.480297, "police_force": 1, "collision_severity": 2, "number_of_vehicles": 2, "number_of_casualties": 1, "date": "26/02/2022", "day_of_week": 7, "time": "15:15:00", "local_authority_district": -1, "local_authority_ons_district": "E09000032", "local_authority_highway": "E09000032", "local_authority_highway_current": "E09000032", "first_road_class": 3, "first_road_number": 3205, "road_type": 3, "speed_limit": 30, "junction_detail_historic": 7, "junction_detail": 17, "junction_control": 2, "second_road_class": 6, "second_road_number": 0, "pedestrian_crossing_human_control_historic": 9, "pedestrian_crossing_physical_facilities_historic": 9, "pedestrian_crossing": 99, "light_conditions": 1, "weather_conditions": 1, "road_surface_conditions": 1, "special_conditions_at_site": 0, "carriageway_hazards_historic": 9, "carriageway_hazards": 0, "urban_or_rural_area": 1, "did_police_officer_attend_scene_of_accident": 3, "trunk_road_flag": 2, "lsoa_of_accident_location": "E01033132", "enhanced_severity_collision": -1, "collision_injury_based": 0, "collision_adjusted_severity_serious": 1.0, "collision_adjusted_severity_slight": 0.0, "source": "STATS19", "source_year": "2022", "source_record_id": "CRASH_76211", "matched_u": 11, "matched_v": 21, "match_distance": 43.256180637516074 }, "geometry": { "type": "Point", "coordinates": [ -0.139665, 51.480297 ] } },
{ "type": "Feature", "properties": { "collision_index": "2022010376291", "collision_year": 2022, "collision_ref_no": "010376291", "location_easting_osgr": 531269.0, "location_northing_osgr": 177748.0, "longitude": -0.110918, "latitude": 51.483462, "police_force": 1, "collision_severity": 3, "number_of_vehicles": 2, "number_of_casualties": 2, "date": "14/05/2022", "day_of_week": 7, "time": "02:50:00", "local_authority_district": -1, "local_authority_ons_district": "E09000022", "local_authority_highway": "E09000022", "local_authority_highway_current": "E09000022", "first_road_class": 3, "first_road_number": 3, "road_type": 9, "speed_limit": 30, "junction_detail_historic": 7, "junction_detail": 17, "junction_control": 2, "second_road_class": 6, "second_road_number": 0, "pedestrian_crossing_human_control_historic": 9, "pedestrian_crossing_physical_facilities_historic": 4, "pedestrian_crossing": 14, "light_conditions": 4, "weather_conditions": 1, "road_surface_conditions": 1, "special_conditions_at_site": 9, "carriageway_hazards_historic": 0, "carriageway_hazards": 0, "urban_or_rural_area": 1, "did_police_officer_attend_scene_of_accident": 3, "trunk_road_flag": 2, "lsoa_of_accident_location": "E01003099", "enhanced_severity_collision": -1, "collision_injury_based": 0, "collision_adjusted_severity_serious": 0.0, "collision_adjusted_severity_slight": 1.0, "source": "STATS19", "source_year": "2022", "source_record_id": "CRASH_76994", "matched_u": 51, "matched_v": 52, "match_distance": 16.72266128361116 }, "geometry": { "type": "Point", "coordinates": [ -0.110918, 51.483462 ] } },
{ "type": "Feature", "properties": { "collision_index": "2022010415094", "collision_year": 2022, "collision_ref_no": "010415094", "location_easting_osgr": 530166.0, "location_northing_osgr": 177831.0, "longitude": -0.126763, "latitude": 51.484462, "police_force": 1, "collision_severity": 2, "number_of_vehicles": 1, "number_of_casualties": 1, "date": "08/12/2022", "day_of_week": 5, "time": "07:30:00", "local_authority_district": -1, "local_authority_ons_district": "E09000022", "local_authority_highway": "E09000022", "local_authority_highway_current": "E09000032", "first_road_class": 3, "first_road_number": 3036, "road_type": 6, "speed_limit": 30, "junction_detail_historic": 7, "junction_detail": 17, "junction_control": 2, "second_road_class": 3, "second_road_number": 203, "pedestrian_crossing_human_control_historic": 0, "pedestrian_crossing_physical_facilities_historic": 5, "pedestrian_crossing": 15, "light_conditions": 1, "weather_conditions": 1, "road_surface_conditions": 4, "special_conditions_at_site": 4, "carriageway_hazards_historic": 6, "carriageway_hazards": 13, "urban_or_rural_area": 1, "did_police_officer_attend_scene_of_accident": 1, "trunk_road_flag": 2, "lsoa_of_accident_location": "E01004562", "enhanced_severity_collision": -1, "collision_injury_based": 0, "collision_adjusted_severity_serious": 1.0, "collision_adjusted_severity_slight": 0.0, "source": "STATS19", "source_year": "2022", "source_record_id": "CRASH_76998", "matched_u": 22, "matched_v": 32, "match_distance": 4.9457321232184759 }, "geometry": { "type": "Point", "coordinates": [ -0.126763, 51.484462 ] } },
{ "type": "Feature", "properties": { "collision_index": "2022010381479", "collision_year": 2022, "collision_ref_no": "010381479", "location_easting_osgr": 532330.0, "location_northing_osgr": 178219.0, "longitude": -0.09547, "latitude": 51.487447, "police_force": 1, "collision_severity": 3, "number_of_vehicles": 3, "number_of_casualties": 1, "date": "10/06/2022", "day_of_week": 6, "time": "16:25:00", "local_authority_district": -1, "local_authority_ons_district": "E09000028", "local_authority_highway": "E09000028", "local_authority_highway_current": "E09000028", "first_road_class": 3, "first_road_number": 215, "road_type": 3, "speed_limit": 20, "junction_detail_historic": 0, "junction_detail": 0, "junction_control": -1, "second_road_class": 0, "second_road_number": -1, "pedestrian_crossing_human_control_historic": 0, "pedestrian_crossing_physical_facilities_historic": 5, "pedestrian_crossing": 15, "light_conditions": 1, "weather_conditions": 1, "road_surface_conditions": 1, "special_conditions_at_site": 0, "carriageway_hazards_historic": 0, "carriageway_hazards": 0, "urban_or_rural_area": 1, "did_police_officer_attend_scene_of_accident": 1, "trunk_road_flag": 2, "lsoa_of_accident_location": "E01003994", "enhanced_severity_collision": -1, "collision_injury_based": 0, "collision_adjusted_severity_serious": 0.0, "collision_adjusted_severity_slight": 1.0, "source": "STATS19", "source_year": "2022", "source_record_id": "CRASH_77847", "matched_u": 72, "matched_v": 73, "match_distance": 7.4707747154589006 }, "geometry": { "type": "Point", "coordinates": [ -0.09547, 51.487447 ] } },
{ "type": "Feature", "properties": { "collision_index": "2022010385326", "collision_year": 2022, "collision_ref_no": "010385326", "location_easting_osgr": 530124.0, "location_northing_osgr": 180086.0, "longitude": -0.126537, "latitude": 51.504737, "police_force": 1, "collision_severity": 3, "number_of_vehicles": 2, "number_of_casualties": 1, "date": "25/06/2022", "day_of_week": 7, "time": "22:40:00", "local_authority_district": -1, "local_authority_ons_district": "E09000033", "local_authority_highway": "E09000033", "local_authority_highway_current": "E09000033", "first_road_class": 3, "first_road_number": 3212, "road_type": 6, "speed_limit": 20, "junction_detail_historic": 3, "junction_detail": 13, "junction_control": 2, "second_road_class": 5, "second_road_number": 0, "pedestrian_crossing_human_control_historic": 9, "pedestrian_crossing_physical_facilities_historic": 4, "pedestrian_crossing": 14, "light_conditions": 4, "weather_conditions": 2, "road_surface_conditions": 1, "special_conditions_at_site": 9, "carriageway_hazards_historic": 9, "carriageway_hazards": 99, "urban_or_rural_area": 1, "did_police_officer_attend_scene_of_accident": 3, "trunk_road_flag": 2, "lsoa_of_accident_location": "E01004736", "enhanced_severity_collision": -1, "collision_injury_based": 0, "collision_adjusted_severity_serious": 0.0, "collision_adjusted_severity_slight": 1.0, "source": "STATS19", "source_year": "2022", "source_record_id": "CRASH_77868", "matched_u": 36, "matched_v": 37, "match_distance": 6.9389149261132843 }, "geometry": { "type": "Point", "coordinates": [ -0.126537, 51.504737 ] } },
{ "type": "Feature", "properties": { "collision_index": "2022010390038", "collision_year": 2022, "collision_ref_no": "010390038", "location_easting_osgr": 529575.0, "location_northing_osgr": 180566.0, "longitude": -0.134266, "latitude": 51.509176, "police_force": 1, "collision_severity": 3, "number_of_vehicles": 1, "number_of_casualties": 1, "date": "23/07/2022", "day_of_week": 7, "time": "14:30:00", "local_authority_district": -1, "local_authority_ons_district": "E09000033", "local_authority_highway": "E09000033", "local_authority_highway_current": "E09000033", "first_road_class": 3, "first_road_number": 4, "road_type": 2, "speed_limit": 20, "junction_detail_historic": 6, "junction_detail": 16, "junction_control": 2, "second_road_class": 5, "second_road_number": 0, "pedestrian_crossing_human_control_historic": 0, "pedestrian_crossing_physical_facilities_historic": 5, "pedestrian_crossing": 15, "light_conditions": 1, "weather_conditions": 1, "road_surface_conditions": 1, "special_conditions_at_site": 0, "carriageway_hazards_historic": 0, "carriageway_hazards": 0, "urban_or_rural_area": 1, "did_police_officer_attend_scene_of_accident": 1, "trunk_road_flag": 2, "lsoa_of_accident_location": "E01004736", "enhanced_severity_collision": -1, "collision_injury_based": 0, "collision_adjusted_severity_serious": 0.0, "collision_adjusted_severity_slight": 1.0, "source": "STATS19", "source_year": "2022", "source_record_id": "CRASH_77869", "matched_u": 27, "matched_v": 28, "match_distance": 11.008260756227175 }, "geometry": { "type": "Point", "coordinates": [ -0.134266, 51.509176 ] } },
{ "type": "Feature", "properties": { "collision_index": "2022010394674", "collision_year": 2022, "collision_ref_no": "010394674", "location_easting_osgr": 532313.0, "location_northing_osgr": 178286.0, "longitude": -0.09569, "latitude": 51.488053, "police_force": 1, "collision_severity": 3, "number_of_vehicles": 1, "number_of_casualties": 1, "date": "18/08/2022", "day_of_week": 5, "time": "14:00:00", "local_authority_district": -1, "local_authority_ons_district": "E09000028", "local_authority_highway": "E09000028", "local_authority_highway_current": "E09000028", "first_road_class": 3, "first_road_number": 215, "road_type": 6, "speed_limit": 20, "junction_detail_historic": 0, "junction_detail": 0, "junction_control": -1, "second_road_class": 0, "second_road_number": -1, "pedestrian_crossing_human_control_historic": 0, "pedestrian_crossing_physical_facilities_historic": 1, "pedestrian_crossing": 13, "light_conditions": 1, "weather_conditions": 1, "road_surface_conditions": 1, "special_conditions_at_site": 0, "carriageway_hazards_historic": 0, "carriageway_hazards": 0, "urban_or_rural_area": 1, "did_police_officer_attend_scene_of_accident": 1, "trunk_road_flag": 2, "lsoa_of_accident_location": "E01003994", "enhanced_severity_collision": -1, "collision_injury_based": 0, "collision_adjusted_severity_serious": 0.0, "collision_adjusted_severity_slight": 1.0, "source": "STATS19", "source_year": "2022", "source_record_id": "CRASH_79191", "matched_u": 72, "matched_v": 73, "match_distance": 17.019513259061569 }, "geometry": { "type": "Point", "coordinates": [ -0.09569, 51.488053 ] } },
{ "type": "Feature", "properties": { "collision_index": "2022010370271", "collision_year": 2022, "collision_ref_no": "010370271", "location_easting_osgr": 532262.0, "location_northing_osgr": 180162.0, "longitude": -0.095722, "latitude": 51.504924, "police_force": 1, "collision_severity": 3, "number_of_vehicles": 2, "number_of_casualties": 1, "date": "09/04/2022", "day_of_week": 7, "time": "19:15:00", "local_authority_district": -1, "local_authority_ons_district": "E09000028", "local_authority_highway": "E09000028", "local_authority_highway_current": "E09000028", "first_road_class": 3, "first_road_number": 3200, "road_type": 6, "speed_limit": 20, "junction_detail_historic": 99, "junction_detail": -1, "junction_control": 9, "second_road_class": 3, "second_road_number": 300, "pedestrian_crossing_human_control_historic": 9, "pedestrian_crossing_physical_facilities_historic": 9, "pedestrian_crossing": 99, "light_conditions": 1, "weather_conditions": 1, "road_surface_conditions": 1, "special_conditions_at_site": 9, "carriageway_hazards_historic": 9, "carriageway_hazards": 99, "urban_or_rural_area": 1, "did_police_officer_attend_scene_of_accident": 3, "trunk_road_flag": 2, "lsoa_of_accident_location": "E01003929", "enhanced_severity_collision": -1, "collision_injury_based": 0, "collision_adjusted_severity_serious": 0.0, "collision_adjusted_severity_slight": 1.0, "source": "STATS19", "source_year": "2022", "source_record_id": "CRASH_79606", "matched_u": 76, "matched_v": 77, "match_distance": 20.581736964446463 }, "geometry": { "type": "Point", "coordinates": [ -0.095722, 51.504924 ] } },
{ "type": "Feature", "properties": { "collision_index": "2022010415288", "collision_year": 2022, "collision_ref_no": "010415288", "location_easting_osgr": 532408.0, "location_northing_osgr": 177921.0, "longitude": -0.094459, "latitude": 51.484751, "police_force": 1, "collision_severity": 3, "number_of_vehicles": 1, "number_of_casualties": 1, "date": "08/11/2022", "day_of_week": 3, "time": "11:35:00", "local_authority_district": -1, "local_authority_ons_district": "E09000028", "local_authority_highway": "E09000028", "local_authority_highway_current": "E09000028", "first_road_class": 6, "first_road_number": 0, "road_type": 6, "speed_limit": 20, "junction_detail_historic": 0, "junction_detail": 0, "junction_control": -1, "second_road_class": 0, "second_road_number": -1, "pedestrian_crossing_human_control_historic": 0, "pedestrian_crossing_physical_facilities_historic": 0, "pedestrian_crossing": 0, "light_conditions": 1, "weather_conditions": 1, "road_surface_conditions": 1, "special_conditions_at_site": 0, "carriageway_hazards_historic": 0, "carriageway_hazards": 0, "urban_or_rural_area": 1, "did_police_officer_attend_scene_of_accident": 3, "trunk_road_flag": 2, "lsoa_of_accident_location": "E01003969", "enhanced_severity_collision": -1, "collision_injury_based": 0, "collision_adjusted_severity_serious": 0.0, "collision_adjusted_severity_slight": 1.0, "source": "STATS19", "source_year": "2022", "source_record_id": "CRASH_80012", "matched_u": 72, "matched_v": 82, "match_distance": 46.716461106203489 }, "geometry": { "type": "Point", "coordinates": [ -0.094459, 51.484751 ] } },
{ "type": "Feature", "properties": { "collision_index": "2022010412260", "collision_year": 2022, "collision_ref_no": "010412260", "location_easting_osgr": 532786.0, "location_northing_osgr": 179903.0, "longitude": -0.088274, "latitude": 51.502474, "police_force": 1, "collision_severity": 2, "number_of_vehicles": 2, "number_of_casualties": 1, "date": "15/11/2022", "day_of_week": 3, "time": "14:10:00", "local_authority_district": -1, "local_authority_ons_district": "E09000028", "local_authority_highway": "E09000028", "local_authority_highway_current": "E09000028", "first_road_class": 6, "first_road_number": 0, "road_type": 9, "speed_limit": 30, "junction_detail_historic": 0, "junction_detail": 0, "junction_control": -1, "second_road_class": 0, "second_road_number": -1, "pedestrian_crossing_human_control_historic": 0, "pedestrian_crossing_physical_facilities_historic": 0, "pedestrian_crossing": 0, "light_conditions": 1, "weather_conditions": 1, "road_surface_conditions": 1, "special_conditions_at_site": 0, "carriageway_hazards_historic": 0, "carriageway_hazards": 0, "urban_or_rural_area": 1, "did_police_officer_attend_scene_of_accident": 3, "trunk_road_flag": 2, "lsoa_of_accident_location": "E01003939", "enhanced_severity_collision": -1, "collision_injury_based": 0, "collision_adjusted_severity_serious": 1.0, "collision_adjusted_severity_slight": 0.0, "source": "STATS19", "source_year": "2022", "source_record_id": "CRASH_80013", "matched_u": 76, "matched_v": 86, "match_distance": 43.932941573671997 }, "geometry": { "type": "Point", "coordinates": [ -0.088274, 51.502474 ] } },
{ "type": "Feature", "properties": { "collision_index": "2022010418519", "collision_year": 2022, "collision_ref_no": "010418519", "location_easting_osgr": 529019.0, "location_northing_osgr": 181234.0, "longitude": -0.142029, "latitude": 51.515307, "police_force": 1, "collision_severity": 3, "number_of_vehicles": 1, "number_of_casualties": 1, "date": "27/12/2022", "day_of_week": 3, "time": "16:14:00", "local_authority_district": -1, "local_authority_ons_district": "E09000033", "local_authority_highway": "E09000033", "local_authority_highway_current": "E09000033", "first_road_class": 3, "first_road_number": 40, "road_type": 2, "speed_limit": 20, "junction_detail_historic": 3, "junction_detail": 13, "junction_control": 2, "second_road_class": 3, "second_road_number": 4201, "pedestrian_crossing_human_control_historic": 0, "pedestrian_crossing_physical_facilities_historic": 4, "pedestrian_crossing": 14, "light_conditions": 4, "weather_conditions": 2, "road_surface_conditions": 2, "special_conditions_at_site": 0, "carriageway_hazards_historic": 0, "carriageway_hazards": 0, "urban_or_rural_area": 1, "did_police_officer_attend_scene_of_accident": 1, "trunk_road_flag": 2, "lsoa_of_accident_location": "E01033595", "enhanced_severity_collision": -1, "collision_injury_based": 0, "collision_adjusted_severity_serious": 0.0, "collision_adjusted_severity_slight": 1.0, "source": "STATS19", "source_year": "2022", "source_record_id": "CRASH_80028", "matched_u": 18, "matched_v": 19, "match_distance": 11.292743899366542 }, "geometry": { "type": "Point", "coordinates": [ -0.142029, 51.515307 ] } },
{ "type": "Feature", "properties": { "collision_index": "2022481261791", "collision_year": 2022, "collision_ref_no": "481261791", "location_easting_osgr": 533045.0, "location_northing_osgr": 180860.0, "longitude": -0.084183, "latitude": 51.511013, "police_force": 48, "collision_severity": 2, "number_of_vehicles": 1, "number_of_casualties": 1, "date": "01/06/2022", "day_of_week": 4, "time": "08:30:00", "local_authority_district": -1, "local_authority_ons_district": "E09000001", "local_authority_highway": "E09000001", "local_authority_highway_current": "E09000001", "first_road_class": 6, "first_road_number": 0, "road_type": 6, "speed_limit": 20, "junction_detail_historic": 0, "junction_detail": 0, "junction_control": -1, "second_road_class": 0, "second_road_number": -1, "pedestrian_crossing_human_control_historic": 0, "pedestrian_crossing_physical_facilities_historic": 0, "pedestrian_crossing": 0, "light_conditions": 1, "weather_conditions": 1, "road_surface_conditions": 1, "special_conditions_at_site": 0, "carriageway_hazards_historic": 0, "carriageway_hazards": 0, "urban_or_rural_area": 1, "did_police_officer_attend_scene_of_accident": 1, "trunk_road_flag": 2, "lsoa_of_accident_location": "E01032739", "enhanced_severity_collision": 7, "collision_injury_based": 1, "collision_adjusted_severity_serious": 1.0, "collision_adjusted_severity_slight": 0.0, "source": "STATS19", "source_year": "2022", "source_record_id": "CRASH_80358", "matched_u": 88, "matched_v": 98, "match_distance": 15.143960746005174 }, "geometry": { "type": "Point", "coordinates": [ -0.084183, 51.511013 ] } },
{ "type": "Feature", "properties": { "collision_index": "2022010382864", "collision_year": 2022, "collision_ref_no": "010382864", "location_easting_osgr": 532297.0, "location_northing_osgr": 178985.0, "longitude": -0.095658, "latitude": 51.494339, "police_force": 1, "collision_severity": 3, "number_of_vehicles": 2, "number_of_casualties": 1, "date": "10/06/2022", "day_of_week": 6, "time": "10:20:00", "local_authority_district": -1, "local_authority_ons_district": "E09000028", "local_authority_highway": "E09000028", "local_authority_highway_current": "E09000028", "first_road_class": 3, "first_road_number": 201, "road_type": 6, "speed_limit": 30, "junction_detail_historic": 3, "junction_detail": 13, "junction_control": 4, "second_road_class": 6, "second_road_number": 0, "pedestrian_crossing_human_control_historic": 9, "pedestrian_crossing_physical_facilities_historic": 9, "pedestrian_crossing": 99, "light_conditions": 4, "weather_conditions": 1, "road_surface_conditions": 1, "special_conditions_at_site": 9, "carriageway_hazards_historic": 0, "carriageway_hazards": 0, "urban_or_rural_area": 1, "did_police_officer_attend_scene_of_accident": 3, "trunk_road_flag": 2, "lsoa_of_accident_location": "E01032720", "enhanced_severity_collision": -1, "collision_injury_based": 0, "collision_adjusted_severity_serious": 0.0, "collision_adjusted_severity_slight": 1.0, "source": "STATS19", "source_year": "2022", "source_record_id": "CRASH_80857", "matched_u": 74, "matched_v": 75, "match_distance": 13.457289553678491 }, "geometry": { "type": "Point", "coordinates": [ -0.095658, 51.494339 ] } },
{ "type": "Feature", "properties": { "collision_index": "2022010369745", "collision_year": 2022, "collision_ref_no": "010369745", "location_easting_osgr": 528933.0, "location_northing_osgr": 179292.0, "longitude": -0.143977, "latitude": 51.497874, "police_force": 1, "collision_severity": 3, "number_of_vehicles": 1, "number_of_casualties": 1, "date": "07/04/2022", "day_of_week": 5, "time": "21:15:00", "local_authority_district": -1, "local_authority_ons_district": "E09000033", "local_authority_highway": "E09000033", "local_authority_highway_current": "E09000033", "first_road_class": 3, "first_road_number": 3214, "road_type": 6, "speed_limit": 20, "junction_detail_historic": 6, "junction_detail": 16, "junction_control": 4, "second_road_class": 3, "second_road_number": 3217, "pedestrian_crossing_human_control_historic": 2, "pedestrian_crossing_physical_facilities_historic": 4, "pedestrian_crossing": 12, "light_conditions": 4, "weather_conditions": 1, "road_surface_conditions": 1, "special_conditions_at_site": 0, "carriageway_hazards_historic": 0, "carriageway_hazards": 0, "urban_or_rural_area": 1, "did_police_officer_attend_scene_of_accident": 1, "trunk_road_flag": 2, "lsoa_of_accident_location": "E01004731", "enhanced_severity_collision": -1, "collision_injury_based": 0, "collision_adjusted_severity_serious": 0.0, "collision_adjusted_severity_slight": 1.0, "source": "STATS19", "source_year": "2022", "source_record_id": "CRASH_80876", "matched_u": 5, "matched_v": 15, "match_distance": 14.364707623608412 }, "geometry": { "type": "Point", "coordinates": [ -0.143977, 51.497874 ] } },
{ "type": "Feature", "properties": { "collision_index": "2022481289363", "collision_year": 2022, "collision_ref_no": "481289363", "location_easting_osgr": 532869.0, "location_northing_osgr": 180838.0, "longitude": -0.086726, "latitude": 51.510857, "police_force": 48, "collision_severity": 3, "number_of_vehicles": 2, "number_of_casualties": 1, "date": "25/10/2022", "day_of_week": 3, "time": "06:45:00", "local_authority_district": -1, "local_authority_ons_district": "E09000001", "local_authority_highway": "E09000001", "local_authority_highway_current": "E09000001", "first_road_class": 6, "first_road_number": 0, "road_type": 3, "speed_limit": 20, "junction_detail_historic": 6, "junction_detail": 16, "junction_control": 2, "second_road_class": 6, "second_road_number": 0, "pedestrian_crossing_human_control_historic": 0, "pedestrian_crossing_physical_facilities_historic": 5, "pedestrian_crossing": 15, "light_conditions": 1, "weather_conditions": 2, "road_surface_conditions": 2, "special_conditions_at_site": 0, "carriageway_hazards_historic": 0, "carriageway_hazards": 0, "urban_or_rural_area": 1, "did_police_officer_attend_scene_of_accident": 1, "trunk_road_flag": 2, "lsoa_of_accident_location": "E01032739", "enhanced_severity_collision": 3, "collision_injury_based": 1, "collision_adjusted_severity_serious": 0.0, "collision_adjusted_severity_slight": 1.0, "source": "STATS19", "source_year": "2022", "source_record_id": "CRASH_81626", "matched_u": 88, "matched_v": 98, "match_distance": 43.046932830475264 }, "geometry": { "type": "Point", "coordinates": [ -0.086726, 51.510857 ] } },
{ "type": "Feature", "properties": { "collision_index": "2022010372180", "collision_year": 2022, "collision_ref_no": "010372180", "location_easting_osgr": 531233.0, "location_northing_osgr": 178418.0, "longitude": -0.111187, "latitude": 51.489491, "police_force": 1, "collision_severity": 2, "number_of_vehicles": 2, "number_of_casualties": 1, "date": "21/04/2022", "day_of_week": 5, "time": "18:15:00", "local_authority_district": -1, "local_authority_ons_district": "E09000022", "local_authority_highway": "E09000022", "local_authority_highway_current": "E09000022", "first_road_class": 3, "first_road_number": 23, "road_type": 6, "speed_limit": 20, "junction_detail_historic": 3, "junction_detail": 13, "junction_control": 4, "second_road_class": 6, "second_road_number": 0, "pedestrian_crossing_human_control_historic": 0, "pedestrian_crossing_physical_facilities_historic": 0, "pedestrian_crossing": 0, "light_conditions": 1, "weather_conditions": 1, "road_surface_conditions": 1, "special_conditions_at_site": 0, "carriageway_hazards_historic": 0, "carriageway_hazards": 0, "urban_or_rural_area": 1, "did_police_officer_attend_scene_of_accident": 3, "trunk_road_flag": 2, "lsoa_of_accident_location": "E01003106", "enhanced_severity_collision": -1, "collision_injury_based": 0, "collision_adjusted_severity_serious": 1.0, "collision_adjusted_severity_slight": 0.0, "source": "STATS19", "source_year": "2022", "source_record_id": "CRASH_81691", "matched_u": 53, "matched_v": 54, "match_distance": 13.222281739779646 }, "geometry": { "type": "Point", "coordinates": [ -0.111187, 51.489491 ] } },
{ "type": "Feature", "properties": { "collision_index": "2022010355312", "collision_year": 2022, "collision_ref_no": "010355312", "location_easting_osgr": 530145.0, "location_northing_osgr": 178472.0, "longitude": -0.126829, "latitude": 51.490228, "police_force": 1, "collision_severity": 3, "number_of_vehicles": 2, "number_of_casualties": 1, "date": "18/01/2022", "day_of_week": 3, "time": "06:58:00", "local_authority_district": -1, "local_authority_ons_district": "E09000033", "local_authority_highway": "E09000033", "local_authority_highway_current": "E09000033", "first_road_class": 3, "first_road_number": 3212, "road_type": 6, "speed_limit": 20, "junction_detail_historic": 3, "junction_detail": 13, "junction_control": 2, "second_road_class": 5, "second_road_number": 0, "pedestrian_crossing_human_control_historic": 1, "pedestrian_crossing_physical_facilities_historic": 0, "pedestrian_crossing": 11, "light_conditions": 1, "weather_conditions": 1, "road_surface_conditions": 1, "special_conditions_at_site": 0, "carriageway_hazards_historic": 0, "carriageway_hazards": 0, "urban_or_rural_area": 1, "did_police_officer_attend_scene_of_accident": 1, "trunk_road_flag": 2, "lsoa_of_accident_location": "E01004745", "enhanced_severity_collision": -1, "collision_injury_based": 0, "collision_adjusted_severity_serious": 0.0, "collision_adjusted_severity_slight": 1.0, "source": "STATS19", "source_year": "2022", "source_record_id": "CRASH_81732", "matched_u": 33, "matched_v": 34, "match_distance": 25.566376385519099 }, "geometry": { "type": "Point", "coordinates": [ -0.126829, 51.490228 ] } },
{ "type": "Feature", "properties": { "collision_index": "2022481289739", "collision_year": 2022, "collision_ref_no": "481289739", "location_easting_osgr": 532094.0, "location_northing_osgr": 180871.0, "longitude": -0.097875, "latitude": 51.511335, "police_force": 48, "collision_severity": 3, "number_of_vehicles": 3, "number_of_casualties": 3, "date": "14/11/2022", "day_of_week": 2, "time": "07:57:00", "local_authority_district": -1, "local_authority_ons_district": "E09000001", "local_authority_highway": "E09000001", "local_authority_highway_current": "E09000001", "first_road_class": 6, "first_road_number": 0, "road_type": 6, "speed_limit": 20, "junction_detail_historic": 0, "junction_detail": 0, "junction_control": -1, "second_road_class": 0, "second_road_number": -1, "pedestrian_crossing_human_control_historic": 0, "pedestrian_crossing_physical_facilities_historic": 0, "pedestrian_crossing": 0, "light_conditions": 1, "weather_conditions": 1, "road_surface_conditions": 2, "special_conditions_at_site": 0, "carriageway_hazards_historic": 0, "carriageway_hazards": 0, "urban_or_rural_area": 1, "did_police_officer_attend_scene_of_accident": 1, "trunk_road_flag": 2, "lsoa_of_accident_location": "E01032739", "enhanced_severity_collision": 3, "collision_injury_based": 1, "collision_adjusted_severity_serious": 0.0, "collision_adjusted_severity_slight": 1.0, "source": "STATS19", "source_year": "2022", "source_record_id": "CRASH_82084", "matched_u": 68, "matched_v": 78, "match_distance": 42.450937628746033 }, "geometry": { "type": "Point", "coordinates": [ -0.097875, 51.511335 ] } },
{ "type": "Feature", "properties": { "collision_index": "2022010359409", "collision_year": 2022, "collision_ref_no": "010359409", "location_easting_osgr": 531239.0, "location_northing_osgr": 178774.0, "longitude": -0.110968, "latitude": 51.492689, "police_force": 1, "collision_severity": 2, "number_of_vehicles": 2, "number_of_casualties": 1, "date": "09/02/2022", "day_of_week": 4, "time": "13:44:00", "local_authority_district": -1, "local_authority_ons_district": "E09000022", "local_authority_highway": "E09000022", "local_authority_highway_current": "E09000022", "first_road_class": 3, "first_road_number": 23, "road_type": 6, "speed_limit": 20, "junction_detail_historic": 3, "junction_detail": 13, "junction_control": 4, "second_road_class": 6, "second_road_number": 0, "pedestrian_crossing_human_control_historic": 0, "pedestrian_crossing_physical_facilities_historic": 0, "pedestrian_crossing": 0, "light_conditions": 1, "weather_conditions": 1, "road_surface_conditions": 1, "special_conditions_at_site": 0, "carriageway_hazards_historic": 0, "carriageway_hazards": 0, "urban_or_rural_area": 1, "did_police_officer_attend_scene_of_accident": 1, "trunk_road_flag": 2, "lsoa_of_accident_location": "E01003110", "enhanced_severity_collision": -1, "collision_injury_based": 0, "collision_adjusted_severity_serious": 1.0, "collision_adjusted_severity_slight": 0.0, "source": "STATS19", "source_year": "2022", "source_record_id": "CRASH_82128", "matched_u": 53, "matched_v": 54, "match_distance": 11.156686743946919 }, "geometry": { "type": "Point", "coordinates": [ -0.110968, 51.492689 ] } },
{ "type": "Feature", "properties": { "collision_index": "2022010411229", "collision_year": 2022, "collision_ref_no": "010411229", "location_easting_osgr": 532272.0, "location_northing_osgr": 180244.0, "longitude": -0.095547, "latitude": 51.505659, "police_force": 1, "collision_severity": 3, "number_of_vehicles": 2, "number_of_casualties": 1, "date": "17/11/2022", "day_of_week": 5, "time": "06:50:00", "local_authority_district": -1, "local_authority_ons_district": "E09000028", "local_authority_highway": "E09000028", "local_authority_highway_current": "E09000028", "first_road_class": 3, "first_road_number": 300, "road_type": 6, "speed_limit": 20, "junction_detail_historic": 3, "junction_detail": 13, "junction_control": 4, "second_road_class": 6, "second_road_number": 0, "pedestrian_crossing_human_control_historic": 0, "pedestrian_crossing_physical_facilities_historic": 5, "pedestrian_crossing": 15, "light_conditions": 4, "weather_conditions": 2, "road_surface_conditions": 2, "special_conditions_at_site": 9, "carriageway_hazards_historic": 0, "carriageway_hazards": 0, "urban_or_rural_area": 1, "did_police_officer_attend_scene_of_accident": 3, "trunk_road_flag": 2, "lsoa_of_accident_location": "E01003935", "enhanced_severity_collision": -1, "collision_injury_based": 0, "collision_adjusted_severity_serious": 0.0, "collision_adjusted_severity_slight": 1.0, "source": "STATS19", "source_year": "2022", "source_record_id": "CRASH_82576", "matched_u": 76, "matched_v": 77, "match_distance": 1.1008260756243546 }, "geometry": { "type": "Point", "coordinates": [ -0.095547, 51.505659 ] } },
{ "type": "Feature", "properties": { "collision_index": "2022010394026", "collision_year": 2022, "collision_ref_no": "010394026", "location_easting_osgr": 531282.0, "location_northing_osgr": 177486.0, "longitude": -0.110828, "latitude": 51.481104, "police_force": 1, "collision_severity": 3, "number_of_vehicles": 2, "number_of_casualties": 2, "date": "15/08/2022", "day_of_week": 2, "time": "02:04:00", "local_authority_district": -1, "local_authority_ons_district": "E09000022", "local_authority_highway": "E09000022", "local_authority_highway_current": "E09000022", "first_road_class": 3, "first_road_number": 23, "road_type": 6, "speed_limit": 30, "junction_detail_historic": 7, "junction_detail": 17, "junction_control": 2, "second_road_class": 3, "second_road_number": 202, "pedestrian_crossing_human_control_historic": 0, "pedestrian_crossing_physical_facilities_historic": 5, "pedestrian_crossing": 15, "light_conditions": 4, "weather_conditions": 1, "road_surface_conditions": 1, "special_conditions_at_site": 0, "carriageway_hazards_historic": 0, "carriageway_hazards": 0, "urban_or_rural_area": 1, "did_police_officer_attend_scene_of_accident": 1, "trunk_road_flag": 2, "lsoa_of_accident_location": "E01003100", "enhanced_severity_collision": -1, "collision_injury_based": 0, "collision_adjusted_severity_serious": 0.0, "collision_adjusted_severity_slight": 1.0, "source": "STATS19", "source_year": "2022", "source_record_id": "CRASH_82973", "matched_u": 51, "matched_v": 52, "match_distance": 26.741415455006063 }, "geometry": { "type": "Point", "coordinates": [ -0.110828, 51.481104 ] } },
{ "type": "Feature", "properties": { "collision_index": "2022010392770", "collision_year": 2022, "collision_ref_no": "010392770", "location_easting_osgr": 529581.0, "location_northing_osgr": 180909.0, "longitude": -0.134054, "latitude": 51.512258, "police_force": 1, "collision_severity": 3, "number_of_vehicles": 1, "number_of_casualties": 1, "date": "02/08/2022", "day_of_week": 3, "time": "22:40:00", "local_authority_district": -1, "local_authority_ons_district": "E09000033", "local_authority_highway": "E09000033", "local_authority_highway_current": "E09000033", "first_road_class": 5, "first_road_number": 0, "road_type": 2, "speed_limit": 20, "junction_detail_historic": 3, "junction_detail": 13, "junction_control": 4, "second_road_class": 5, "second_road_number": 0, "pedestrian_crossing_human_control_historic": 0, "pedestrian_crossing_physical_facilities_historic": 0, "pedestrian_crossing": 0, "light_conditions": 4, "weather_conditions": 1, "road_surface_conditions": 1, "special_conditions_at_site": 0, "carriageway_hazards_historic": 0, "carriageway_hazards": 0, "urban_or_rural_area": 1, "did_police_officer_attend_scene_of_accident": 3, "trunk_road_flag": 2, "lsoa_of_accident_location": "E01033596", "enhanced_severity_collision": -1, "collision_injury_based": 0, "collision_adjusted_severity_serious": 0.0, "collision_adjusted_severity_slight": 1.0, "source": "STATS19", "source_year": "2022", "source_record_id": "CRASH_83009", "matched_u": 28, "matched_v": 29, "match_distance": 34.607992804398236 }, "geometry": { "type": "Point", "coordinates": [ -0.134054, 51.512258 ] } },
{ "type": "Feature", "properties": { "collision_index": "2022010408065", "collision_year": 2022, "collision_ref_no": "010408065", "location_easting_osgr": 528609.0, "location_northing_osgr": 180262.0, "longitude": -0.148289, "latitude": 51.506665, "police_force": 1, "collision_severity": 3, "number_of_vehicles": 2, "number_of_casualties": 1, "date": "02/11/2022", "day_of_week": 4, "time": "20:15:00", "local_authority_district": -1, "local_authority_ons_district": "E09000033", "local_authority_highway": "E09000033", "local_authority_highway_current": "E09000033", "first_road_class": 5, "first_road_number": 0, "road_type": 6, "speed_limit": 20, "junction_detail_historic": 3, "junction_detail": 13, "junction_control": 4, "second_road_class": 6, "second_road_number": 0, "pedestrian_crossing_human_control_historic": 0, "pedestrian_crossing_physical_facilities_historic": 0, "pedestrian_crossing": 0, "light_conditions": 4, "weather_conditions": 2, "road_surface_conditions": 2, "special_conditions_at_site": 4, "carriageway_hazards_historic": 0, "carriageway_hazards": 13, "urban_or_rural_area": 1, "did_police_officer_attend_scene_of_accident": 1, "trunk_road_flag": 2, "lsoa_of_accident_location": "E01004761", "enhanced_severity_collision": -1, "collision_injury_based": 0, "collision_adjusted_severity_serious": 0.0, "collision_adjusted_severity_slight": 1.0, "source": "STATS19", "source_year": "2022", "source_record_id": "CRASH_83013", "matched_u": 7, "matched_v": 17, "match_distance": 0.35769687686115498 }, "geometry": { "type": "Point", "coordinates": [ -0.148289, 51.506665 ] } },
{ "type": "Feature", "properties": { "collision_index": "2022010361278", "collision_year": 2022, "collision_ref_no": "010361278", "location_easting_osgr": 530085.0, "location_northing_osgr": 177354.0, "longitude": -0.128104, "latitude": 51.480194, "police_force": 1, "collision_severity": 3, "number_of_vehicles": 2, "number_of_casualties": 1, "date": "19/02/2022", "day_of_week": 7, "time": "23:46:00", "local_authority_district": -1, "local_authority_ons_district": "E09000022", "local_authority_highway": "E09000022", "local_authority_highway_current": "E09000022", "first_road_class": 3, "first_road_number": 3036, "road_type": 6, "speed_limit": 20, "junction_detail_historic": 0, "junction_detail": 0, "junction_control": -1, "second_road_class": 0, "second_road_number": -1, "pedestrian_crossing_human_control_historic": 0, "pedestrian_crossing_physical_facilities_historic": 0, "pedestrian_crossing": 0, "light_conditions": 4, "weather_conditions": 1, "road_surface_conditions": 1, "special_conditions_at_site": 0, "carriageway_hazards_historic": 0, "carriageway_hazards": 0, "urban_or_rural_area": 1, "did_police_officer_attend_scene_of_accident": 1, "trunk_road_flag": 2, "lsoa_of_accident_location": "E01003097", "enhanced_severity_collision": -1, "collision_injury_based": 0, "collision_adjusted_severity_serious": 0.0, "collision_adjusted_severity_slight": 1.0, "source": "STATS19", "source_year": "2022", "source_record_id": "CRASH_83397", "matched_u": 21, "matched_v": 31, "match_distance": 24.84546412806958 }, "geometry": { "type": "Point", "coordinates": [ -0.128104, 51.480194 ] } },
{ "type": "Feature", "properties": { "collision_index": "2022010408845", "collision_year": 2022, "collision_ref_no": "010408845", "location_easting_osgr": 531234.0, "location_northing_osgr": 178564.0, "longitude": -0.111118, "latitude": 51.490803, "police_force": 1, "collision_severity": 3, "number_of_vehicles": 2, "number_of_casualties": 1, "date": "06/11/2022", "day_of_week": 1, "time": "18:33:00", "local_authority_district": -1, "local_authority_ons_district": "E09000022", "local_authority_highway": "E09000022", "local_authority_highway_current": "E09000022", "first_road_class": 3, "first_road_number": 23, "road_type": 3, "speed_limit": 30, "junction_detail_historic": 0, "junction_detail": 0, "junction_control": -1, "second_road_class": 0, "second_road_number": -1, "pedestrian_crossing_human_control_historic": 0, "pedestrian_crossing_physical_facilities_historic": 0, "pedestrian_crossing": 0, "light_conditions": 4, "weather_conditions": 1, "road_surface_conditions": 2, "special_conditions_at_site": 0, "carriageway_hazards_historic": 0, "carriageway_hazards": 0, "urban_or_rural_area": 1, "did_police_officer_attend_scene_of_accident": 1, "trunk_road_flag": 2, "lsoa_of_accident_location": "E01003111", "enhanced_severity_collision": -1, "collision_injury_based": 0, "collision_adjusted_severity_serious": 0.0, "collision_adjusted_severity_slight": 1.0, "source": "STATS19", "source_year": "2022", "source_record_id": "CRASH_85537", "matched_u": 53, "matched_v": 54, "match_distance": 5.5412368750421592 }, "geometry": { "type": "Point", "coordinates": [ -0.111118, 51.490803 ] } },
{ "type": "Feature", "properties": { "collision_index": "2022481262307", "collision_year": 2022, "collision_ref_no": "481262307", "location_easting_osgr": 532948.0, "location_northing_osgr": 180878.0, "longitude": -0.085574, "latitude": 51.511197, "police_force": 48, "collision_severity": 2, "number_of_vehicles": 2, "number_of_casualties": 1, "date": "24/07/2022", "day_of_week": 1, "time": "19:33:00", "local_authority_district": -1, "local_authority_ons_district": "E09000001", "local_authority_highway": "E09000001", "local_authority_highway_current": "E09000001", "first_road_class": 3, "first_road_number": 10, "road_type": 6, "speed_limit": 20, "junction_detail_historic": 3, "junction_detail": 13, "junction_control": 4, "second_road_class": 6, "second_road_number": 0, "pedestrian_crossing_human_control_historic": 0, "pedestrian_crossing_physical_facilities_historic": 5, "pedestrian_crossing": 15, "light_conditions": 1, "weather_conditions": 1, "road_surface_conditions": 1, "special_conditions_at_site": 0, "carriageway_hazards_historic": 0, "carriageway_hazards": 0, "urban_or_rural_area": 1, "did_police_officer_attend_scene_of_accident": 1, "trunk_road_flag": 2, "lsoa_of_accident_location": "E01032739", "enhanced_severity_collision": 7, "collision_injury_based": 1, "collision_adjusted_severity_serious": 1.0, "collision_adjusted_severity_slight": 0.0, "source": "STATS19", "source_year": "2022", "source_record_id": "CRASH_85918", "matched_u": 88, "matched_v": 98, "match_distance": 17.767359906807538 }, "geometry": { "type": "Point", "coordinates": [ -0.085574, 51.511197 ] } },
{ "type": "Feature", "properties": { "collision_index": "2022010388469", "collision_year": 2022, "collision_ref_no": "010388469", "location_easting_osgr": 529566.0, "location_northing_osgr": 180663.0, "longitude": -0.13436, "latitude": 51.51005, "police_force": 1, "collision_severity": 3, "number_of_vehicles": 1, "number_of_casualties": 1, "date": "15/07/2022", "day_of_week": 6, "time": "01:40:00", "local_authority_district": -1, "local_authority_ons_district": "E09000033", "local_authority_highway": "E09000033", "local_authority_highway_current": "E09000033", "first_road_class": 3, "first_road_number": 4, "road_type": 2, "speed_limit": 20, "junction_detail_historic": 7, "junction_detail": 17, "junction_control": 2, "second_road_class": 3, "second_road_number": 401, "pedestrian_crossing_human_control_historic": 0, "pedestrian_crossing_physical_facilities_historic": 5, "pedestrian_crossing": 15, "light_conditions": 4, "weather_conditions": 1, "road_surface_conditions": 1, "special_conditions_at_site": 0, "carriageway_hazards_historic": 6, "carriageway_hazards": 19, "urban_or_rural_area": 1, "did_police_officer_attend_scene_of_accident": 1, "trunk_road_flag": 2, "lsoa_of_accident_location": "E01004736", "enhanced_severity_collision": -1, "collision_injury_based": 0, "collision_adjusted_severity_serious": 0.0, "collision_adjusted_severity_slight": 1.0, "source": "STATS19", "source_year": "2022", "source_record_id": "CRASH_86006", "matched_u": 27, "matched_v": 28, "match_distance": 0.5442286216566572 }, "geometry": { "type": "Point", "coordinates": [ -0.13436, 51.51005 ] } },
{ "type": "Feature", "properties": { "collision_index": "2022010376792", "collision_year": 2022, "collision_ref_no": "010376792", "location_easting_osgr": 531186.0, "location_northing_osgr": 180223.0, "longitude": -0.111193, "latitude": 51.505723, "police_force": 1, "collision_severity": 3, "number_of_vehicles": 2, "number_of_casualties": 1, "date": "16/05/2022", "day_of_week": 2, "time": "07:30:00", "local_authority_district": -1, "local_authority_ons_district": "E09000022", "local_authority_highway": "E09000022", "local_authority_highway_current": "E09000022", "first_road_class": 3, "first_road_number": 3200, "road_type": 6, "speed_limit": 30, "junction_detail_historic": 6, "junction_detail": 16, "junction_control": 2, "second_road_class": 5, "second_road_number": 0, "pedestrian_crossing_human_control_historic": 0, "pedestrian_crossing_physical_facilities_historic": 4, "pedestrian_crossing": 14, "light_conditions": 1, "weather_conditions": 1, "road_surface_conditions": 1, "special_conditions_at_site": 0, "carriageway_hazards_historic": 0, "carriageway_hazards": 0, "urban_or_rural_area": 1, "did_police_officer_attend_scene_of_accident": 3, "trunk_road_flag": 2, "lsoa_of_accident_location": "E01003017", "enhanced_severity_collision": -1, "collision_injury_based": 0, "collision_adjusted_severity_serious": 0.0, "collision_adjusted_severity_slight": 1.0, "source": "STATS19", "source_year": "2022", "source_record_id": "CRASH_86364", "matched_u": 56, "matched_v": 57, "match_distance": 13.890198684539428 }, "geometry": { "type": "Point", "coordinates": [ -0.111193, 51.505723 ] } },
{ "type": "Feature", "properties": { "collision_index": "2022010393173", "collision_year": 2022, "collision_ref_no": "010393173", "location_easting_osgr": 532291.0, "location_northing_osgr": 179609.0, "longitude": -0.095511, "latitude": 51.499948, "police_force": 1, "collision_severity": 3, "number_of_vehicles": 2, "number_of_casualties": 1, "date": "10/08/2022", "day_of_week": 4, "time": "09:21:00", "local_authority_district": -1, "local_authority_ons_district": "E09000028", "local_authority_highway": "E09000028", "local_authority_highway_current": "E09000028", "first_road_class": 3, "first_road_number": 3, "road_type": 9, "speed_limit": 30, "junction_detail_historic": 6, "junction_detail": 16, "junction_control": 2, "second_road_class": 5, "second_road_number": 0, "pedestrian_crossing_human_control_historic": 0, "pedestrian_crossing_physical_facilities_historic": 5, "pedestrian_crossing": 15, "light_conditions": 1, "weather_conditions": 1, "road_surface_conditions": 1, "special_conditions_at_site": 0, "carriageway_hazards_historic": 0, "carriageway_hazards": 0, "urban_or_rural_area": 1, "did_police_officer_attend_scene_of_accident": 3, "trunk_road_flag": 2, "lsoa_of_accident_location": "E01003937", "enhanced_severity_collision": -1, "collision_injury_based": 0, "collision_adjusted_severity_serious": 0.0, "collision_adjusted_severity_slight": 1.0, "source": "STATS19", "source_year": "2022", "source_record_id": "CRASH_86380", "matched_u": 75, "matched_v": 76, "match_distance": 2.9066755929325154 }, "geometry": { "type": "Point", "coordinates": [ -0.095511, 51.499948 ] } },
{ "type": "Feature", "properties": { "collision_index": "2022010400464", "collision_year": 2022, "collision_ref_no": "010400464", "location_easting_osgr": 531974.0, "location_northing_osgr": 179364.0, "longitude": -0.100167, "latitude": 51.49782, "police_force": 1, "collision_severity": 3, "number_of_vehicles": 2, "number_of_casualties": 1, "date": "20/09/2022", "day_of_week": 3, "time": "17:20:00", "local_authority_district": -1, "local_authority_ons_district": "E09000028", "local_authority_highway": "E09000028", "local_authority_highway_current": "E09000028", "first_road_class": 3, "first_road_number": 300, "road_type": 2, "speed_limit": 20, "junction_detail_historic": 3, "junction_detail": 13, "junction_control": 4, "second_road_class": 3, "second_road_number": 300, "pedestrian_crossing_human_control_historic": 0, "pedestrian_crossing_physical_facilities_historic": 0, "pedestrian_crossing": 0, "light_conditions": 1, "weather_conditions": 1, "road_surface_conditions": 1, "special_conditions_at_site": 0, "carriageway_hazards_historic": 0, "carriageway_hazards": 0, "urban_or_rural_area": 1, "did_police_officer_attend_scene_of_accident": 3, "trunk_road_flag": 2, "lsoa_of_accident_location": "E01003932", "enhanced_severity_collision": -1, "collision_injury_based": 0, "collision_adjusted_severity_serious": 0.0, "collision_adjusted_severity_slight": 1.0, "source": "STATS19", "source_year": "2022", "source_record_id": "CRASH_86764", "matched_u": 65, "matched_v": 75, "match_distance": 4.7087602904066443 }, "geometry": { "type": "Point", "coordinates": [ -0.100167, 51.49782 ] } },
{ "type": "Feature", "properties": { "collision_index": "2022481225714", "collision_year": 2022, "collision_ref_no": "481225714", "location_easting_osgr": 532001.0, "location_northing_osgr": 181322.0, "longitude": -0.099046, "latitude": 51.515409, "police_force": 48, "collision_severity": 2, "number_of_vehicles": 2, "number_of_casualties": 1, "date": "10/05/2022", "day_of_week": 3, "time": "08:26:00", "local_authority_district": -1, "local_authority_ons_district": "E09000001", "local_authority_highway": "E09000001", "local_authority_highway_current": "E09000001", "first_road_class": 3, "first_road_number": 40, "road_type": 3, "speed_limit": 20, "junction_detail_historic": 0, "junction_detail": 0, "junction_control": -1, "second_road_class": 0, "second_road_number": -1, "pedestrian_crossing_human_control_historic": 0, "pedestrian_crossing_physical_facilities_historic": 4, "pedestrian_crossing": 14, "light_conditions": 1, "weather_conditions": 1, "road_surface_conditions": 1, "special_conditions_at_site": 0, "carriageway_hazards_historic": 0, "carriageway_hazards": 0, "urban_or_rural_area": 1, "did_police_officer_attend_scene_of_accident": 1, "trunk_road_flag": 2, "lsoa_of_accident_location": "E01032739", "enhanced_severity_collision": 7, "collision_injury_based": 1, "collision_adjusted_severity_serious": 1.0, "collision_adjusted_severity_slight": 0.0, "source": "STATS19", "source_year": "2022", "source_record_id": "CRASH_87116", "matched_u": 69, "matched_v": 79, "match_distance": 22.062238610349592 }, "geometry": { "type": "Point", "coordinates": [ -0.099046, 51.515409 ] } },
{ "type": "Feature", "properties": { "collision_index": "2022010402907", "collision_year": 2022, "collision_ref_no": "010402907", "location_easting_osgr": 530593.0, "location_northing_osgr": 181576.0, "longitude": -0.119232, "latitude": 51.518019, "police_force": 1, "collision_severity": 3, "number_of_vehicles": 2, "number_of_casualties": 1, "date": "05/10/2022", "day_of_week": 4, "time": "09:20:00", "local_authority_district": -1, "local_authority_ons_district": "E09000007", "local_authority_highway": "E09000007", "local_authority_highway_current": "E09000007", "first_road_class": 3, "first_road_number": 40, "road_type": 6, "speed_limit": 20, "junction_detail_historic": 3, "junction_detail": 13, "junction_control": 2, "second_road_class": 3, "second_road_number": 40, "pedestrian_crossing_human_control_historic": 2, "pedestrian_crossing_physical_facilities_historic": 5, "pedestrian_crossing": 12, "light_conditions": 1, "weather_conditions": 1, "road_surface_conditions": 1, "special_conditions_at_site": 0, "carriageway_hazards_historic": 0, "carriageway_hazards": 0, "urban_or_rural_area": 1, "did_police_officer_attend_scene_of_accident": 1, "trunk_road_flag": 2, "lsoa_of_accident_location": "E01000914", "enhanced_severity_collision": -1, "collision_injury_based": 0, "collision_adjusted_severity_serious": 0.0, "collision_adjusted_severity_slight": 1.0, "source": "STATS19", "source_year": "2022", "source_record_id": "CRASH_87136", "matched_u": 49, "matched_v": 50, "match_distance": 44.329895000342731 }, "geometry": { "type": "Point", "coordinates": [ -0.119232, 51.518019 ] } },
{ "type": "Feature", "properties": { "collision_index": "2022010396497", "collision_year": 2022, "collision_ref_no": "010396497", "location_easting_osgr": 530710.0, "location_northing_osgr": 178436.0, "longitude": -0.118709, "latitude": 51.489774, "police_force": 1, "collision_severity": 3, "number_of_vehicles": 3, "number_of_casualties": 1, "date": "29/08/2022", "day_of_week": 2, "time": "16:52:00", "local_authority_district": -1, "local_authority_ons_district": "E09000022", "local_authority_highway": "E09000022", "local_authority_highway_current": "E09000022", "first_road_class": 6, "first_road_number": 0, "road_type": 6, "speed_limit": 30, "junction_detail_historic": 3, "junction_detail": 13, "junction_control": 4, "second_road_class": 6, "second_road_number": 0, "pedestrian_crossing_human_control_historic": 0, "pedestrian_crossing_physical_facilities_historic": 0, "pedestrian_crossing": 0, "light_conditions": 1, "weather_conditions": 1, "road_surface_conditions": 1, "special_conditions_at_site": 0, "carriageway_hazards_historic": 0, "carriageway_hazards": 0, "urban_or_rural_area": 1, "did_police_officer_attend_scene_of_accident": 1, "trunk_road_flag": 2, "lsoa_of_accident_location": "E01003105", "enhanced_severity_collision": -1, "collision_injury_based": 0, "collision_adjusted_severity_serious": 0.0, "collision_adjusted_severity_slight": 1.0, "source": "STATS19", "source_year": "2022", "source_record_id": "CRASH_87193", "matched_u": 43, "matched_v": 44, "match_distance": 13.890198684541245 }, "geometry": { "type": "Point", "coordinates": [ -0.118709, 51.489774 ] } },
{ "type": "Feature", "properties": { "collision_index": "2022481194055", "collision_year": 2022, "collision_ref_no": "481194055", "location_easting_osgr": 532028.0, "location_northing_osgr": 181319.0, "longitude": -0.098658, "latitude": 51.515376, "police_force": 48, "collision_severity": 3, "number_of_vehicles": 2, "number_of_casualties": 1, "date": "22/03/2022", "day_of_week": 3, "time": "16:00:00", "local_authority_district": -1, "local_authority_ons_district": "E09000001", "local_authority_highway": "E09000001", "local_authority_highway_current": "E09000001", "first_road_class": 3, "first_road_number": 40, "road_type": 6, "speed_limit": 20, "junction_detail_historic": 3, "junction_detail": 13, "junction_control": 2, "second_road_class": 3, "second_road_number": 40, "pedestrian_crossing_human_control_historic": 0, "pedestrian_crossing_physical_facilities_historic": 5, "pedestrian_crossing": 15, "light_conditions": 1, "weather_conditions": 1, "road_surface_conditions": 1, "special_conditions_at_site": 0, "carriageway_hazards_historic": 0, "carriageway_hazards": 0, "urban_or_rural_area": 1, "did_police_officer_attend_scene_of_accident": 1, "trunk_road_flag": 2, "lsoa_of_accident_location": "E01032739", "enhanced_severity_collision": 3, "collision_injury_based": 1, "collision_adjusted_severity_serious": 0.0, "collision_adjusted_severity_slight": 1.0, "source": "STATS19", "source_year": "2022", "source_record_id": "CRASH_87546", "matched_u": 69, "matched_v": 79, "match_distance": 27.965367997996509 }, "geometry": { "type": "Point", "coordinates": [ -0.098658, 51.515376 ] } },
{ "type": "Feature", "properties": { "collision_index": "2022010362485", "collision_year": 2022, "collision_ref_no": "010362485", "location_easting_osgr": 529974.0, "location_northing_osgr": 180817.0, "longitude": -0.128427, "latitude": 51.511341, "police_force": 1, "collision_severity": 3, "number_of_vehicles": 1, "number_of_casualties": 1, "date": "27/02/2022", "day_of_week": 1, "time": "01:22:00", "local_authority_district": -1, "local_authority_ons_district": "E09000033", "local_authority_highway": "E09000033", "local_authority_highway_current": "E09000033", "first_road_class": 3, "first_road_number": 400, "road_type": 6, "speed_limit": 20, "junction_detail_historic": 6, "junction_detail": 16, "junction_control": 2, "second_road_class": 4, "second_road_number": 402, "pedestrian_crossing_human_control_historic": 0, "pedestrian_crossing_physical_facilities_historic": 4, "pedestrian_crossing": 14, "light_conditions": 4, "weather_conditions": 1, "road_surface_conditions": 1, "special_conditions_at_site": 0, "carriageway_hazards_historic": 0, "carriageway_hazards": 0, "urban_or_rural_area": 1, "did_police_officer_attend_scene_of_accident": 1, "trunk_road_flag": 2, "lsoa_of_accident_location": "E01004734", "enhanced_severity_collision": -1, "collision_injury_based": 0, "collision_adjusted_severity_serious": 0.0, "collision_adjusted_severity_slight": 1.0, "source": "STATS19", "source_year": "2022", "source_record_id": "CRASH_88057", "matched_u": 28, "matched_v": 38, "match_distance": 43.524138357490294 }, "geometry": { "type": "Point", "coordinates": [ -0.128427, 51.511341 ] } },
{ "type": "Feature", "properties": { "collision_index": "2022010375053", "collision_year": 2022, "collision_ref_no": "010375053", "location_easting_osgr": 529548.0, "location_northing_osgr": 180616.0, "longitude": -0.134637, "latitude": 51.509632, "police_force": 1, "collision_severity": 3, "number_of_vehicles": 2, "number_of_casualties": 1, "date": "06/05/2022", "day_of_week": 6, "time": "21:39:00", "local_authority_district": -1, "local_authority_ons_district": "E09000033", "local_authority_highway": "E09000033", "local_authority_highway_current": "E09000033", "first_road_class": 3, "first_road_number": 4201, "road_type": 2, "speed_limit": 20, "junction_detail_historic": 5, "junction_detail": 0, "junction_control": 2, "second_road_class": 3, "second_road_number": 4, "pedestrian_crossing_human_control_historic": 0, "pedestrian_crossing_physical_facilities_historic": 5, "pedestrian_crossing": 15, "light_conditions": 4, "weather_conditions": 1, "road_surface_conditions": 1, "special_conditions_at_site": 0, "carriageway_hazards_historic": 0, "carriageway_hazards": 0, "urban_or_rural_area": 1, "did_police_officer_attend_scene_of_accident": 1, "trunk_road_flag": 2, "lsoa_of_accident_location": "E01004736", "enhanced_severity_collision": -1, "collision_injury_based": 0, "collision_adjusted_severity_serious": 0.0, "collision_adjusted_severity_slight": 1.0, "source": "STATS19", "source_year": "2022", "source_record_id": "CRASH_88059", "matched_u": 27, "matched_v": 28, "match_distance": 30.291270328078099 }, "geometry": { "type": "Point", "coordinates": [ -0.134637, 51.509632 ] } },
{ "type": "Feature", "properties": { "collision_index": "2022010407201", "collision_year": 2022, "collision_ref_no": "010407201", "location_easting_osgr": 529202.0, "location_northing_osgr": 181264.0, "longitude": -0.139382, "latitude": 51.515535, "police_force": 1, "collision_severity": 3, "number_of_vehicles": 2, "number_of_casualties": 1, "date": "29/10/2022", "day_of_week": 7, "time": "03:26:00", "local_authority_district": -1, "local_authority_ons_district": "E09000033", "local_authority_highway": "E09000033", "local_authority_highway_current": "E09000033", "first_road_class": 3, "first_road_number": 40, "road_type": 6, "speed_limit": 20, "junction_detail_historic": 3, "junction_detail": 13, "junction_control": 4, "second_road_class": 5, "second_road_number": 0, "pedestrian_crossing_human_control_historic": 0, "pedestrian_crossing_physical_facilities_historic": 0, "pedestrian_crossing": 0, "light_conditions": 4, "weather_conditions": 2, "road_surface_conditions": 2, "special_conditions_at_site": 0, "carriageway_hazards_historic": 0, "carriageway_hazards": 0, "urban_or_rural_area": 1, "did_police_officer_attend_scene_of_accident": 1, "trunk_road_flag": 2, "lsoa_of_accident_location": "E01033595", "enhanced_severity_collision": -1, "collision_injury_based": 0, "collision_adjusted_severity_serious": 0.0, "collision_adjusted_severity_slight": 1.0, "source": "STATS19", "source_year": "2022", "source_record_id": "CRASH_88063", "matched_u": 19, "matched_v": 29, "match_distance": 0.47702203411608934 }, "geometry": { "type": "Point", "coordinates": [ -0.139382, 51.515535 ] } },
{ "type": "Feature", "properties": { "collision_index": "2022481290761", "collision_year": 2022, "collision_ref_no": "481290761", "location_easting_osgr": 533330.0, "location_northing_osgr": 180697.0, "longitude": -0.080141, "latitude": 51.509481, "police_force": 48, "collision_severity": 3, "number_of_vehicles": 2, "number_of_casualties": 1, "date": "22/11/2022", "day_of_week": 3, "time": "01:15:00", "local_authority_district": -1, "local_authority_ons_district": "E09000001", "local_authority_highway": "E09000001", "local_authority_highway_current": "E09000001", "first_road_class": 3, "first_road_number": 3211, "road_type": 3, "speed_limit": 20, "junction_detail_historic": 3, "junction_detail": 13, "junction_control": 2, "second_road_class": 6, "second_road_number": 0, "pedestrian_crossing_human_control_historic": 0, "pedestrian_crossing_physical_facilities_historic": 5, "pedestrian_crossing": 15, "light_conditions": 4, "weather_conditions": 1, "road_surface_conditions": 1, "special_conditions_at_site": 0, "carriageway_hazards_historic": 0, "carriageway_hazards": 0, "urban_or_rural_area": 1, "did_police_officer_attend_scene_of_accident": 1, "trunk_road_flag": 2, "lsoa_of_accident_location": "E01032739", "enhanced_severity_collision": 3, "collision_injury_based": 1, "collision_adjusted_severity_serious": 0.0, "collision_adjusted_severity_slight": 1.0, "source": "STATS19", "source_year": "2022", "source_record_id": "CRASH_88398", "matched_u": 97, "matched_v": 98, "match_distance": 15.028131257091447 }, "geometry": { "type": "Point", "coordinates": [ -0.080141, 51.509481 ] } },
{ "type": "Feature", "properties": { "collision_index": "2022481262273", "collision_year": 2022, "collision_ref_no": "481262273", "location_easting_osgr": 532857.0, "location_northing_osgr": 180853.0, "longitude": -0.086894, "latitude": 51.510994, "police_force": 48, "collision_severity": 2, "number_of_vehicles": 2, "number_of_casualties": 1, "date": "21/07/2022", "day_of_week": 5, "time": "17:45:00", "local_authority_district": -1, "local_authority_ons_district": "E09000001", "local_authority_highway": "E09000001", "local_authority_highway_current": "E09000001", "first_road_class": 6, "first_road_number": 0, "road_type": 3, "speed_limit": 20, "junction_detail_historic": 6, "junction_detail": 16, "junction_control": 2, "second_road_class": 6, "second_road_number": 0, "pedestrian_crossing_human_control_historic": 0, "pedestrian_crossing_physical_facilities_historic": 5, "pedestrian_crossing": 15, "light_conditions": 1, "weather_conditions": 1, "road_surface_conditions": 1, "special_conditions_at_site": 0, "carriageway_hazards_historic": 3, "carriageway_hazards": 18, "urban_or_rural_area": 1, "did_police_officer_attend_scene_of_accident": 1, "trunk_road_flag": 2, "lsoa_of_accident_location": "E01032739", "enhanced_severity_collision": 7, "collision_injury_based": 1, "collision_adjusted_severity_serious": 1.0, "collision_adjusted_severity_slight": 0.0, "source": "STATS19", "source_year": "2022", "source_record_id": "CRASH_89277", "matched_u": 88, "matched_v": 98, "match_distance": 18.542404766194522 }, "geometry": { "type": "Point", "coordinates": [ -0.086894, 51.510994 ] } },
{ "type": "Feature", "properties": { "collision_index": "2022010390897", "collision_year": 2022, "collision_ref_no": "010390897", "location_easting_osgr": 532779.0, "location_northing_osgr": 181778.0, "longitude": -0.087669, "latitude": 51.519325, "police_force": 1, "collision_severity": 2, "number_of_vehicles": 2, "number_of_casualties": 1, "date": "24/07/2022", "day_of_week": 1, "time": "16:50:00", "local_authority_district": -1, "local_authority_ons_district": "E09000019", "local_authority_highway": "E09000019", "local_authority_highway_current": "E09000019", "first_road_class": 3, "first_road_number": 501, "road_type": 6, "speed_limit": 30, "junction_detail_historic": 6, "junction_detail": 16, "junction_control": 2, "second_road_class": 5, "second_road_number": 0, "pedestrian_crossing_human_control_historic": 0, "pedestrian_crossing_physical_facilities_historic": 0, "pedestrian_crossing": 0, "light_conditions": 1, "weather_conditions": 1, "road_surface_conditions": 1, "special_conditions_at_site": 0, "carriageway_hazards_historic": 0, "carriageway_hazards": 0, "urban_or_rural_area": 1, "did_police_officer_attend_scene_of_accident": 1, "trunk_road_flag": 2, "lsoa_of_accident_location": "E01002704", "enhanced_severity_collision": -1, "collision_injury_based": 0, "collision_adjusted_severity_serious": 1.0, "collision_adjusted_severity_slight": 0.0, "source": "STATS19", "source_year": "2022", "source_record_id": "CRASH_89327", "matched_u": 89, "matched_v": 90, "match_distance": 11.416432222464209 }, "geometry": { "type": "Point", "coordinates": [ -0.087669, 51.519325 ] } },
{ "type": "Feature", "properties": { "collision_index": "2022010405569", "collision_year": 2022, "collision_ref_no": "010405569", "location_easting_osgr": 528959.0, "location_northing_osgr": 181751.0, "longitude": -0.142704, "latitude": 51.519967, "police_force": 1, "collision_severity": 3, "number_of_vehicles": 1, "number_of_casualties": 1, "date": "20/10/2022", "day_of_week": 5, "time": "12:10:00", "local_authority_district": -1, "local_authority_ons_district": "E09000033", "local_authority_highway": "E09000033", "local_authority_highway_current": "E09000033", "first_road_class": 4, "first_road_number": 506, "road_type": 9, "speed_limit": 20, "junction_detail_historic": 6, "junction_detail": 16, "junction_control": 4, "second_road_class": 5, "second_road_number": 0, "pedestrian_crossing_human_control_historic": 9, "pedestrian_crossing_physical_facilities_historic": 9, "pedestrian_crossing": 99, "light_conditions": 1, "weather_conditions": 2, "road_surface_conditions": 9, "special_conditions_at_site": 9, "carriageway_hazards_historic": 9, "carriageway_hazards": 99, "urban_or_rural_area": 1, "did_police_officer_attend_scene_of_accident": 3, "trunk_road_flag": 2, "lsoa_of_accident_location": "E01004765", "enhanced_severity_collision": -1, "collision_injury_based": 0, "collision_adjusted_severity_serious": 0.0, "collision_adjusted_severity_slight": 1.0, "source": "STATS19", "source_year": "2022", "source_record_id": "CRASH_89372", "matched_u": 10, "matched_v": 20, "match_distance": 0.0 }, "geometry": { "type": "Point", "coordinates": [ -0.142704, 51.519967 ] } },
{ "type": "Feature", "properties": { "collision_index": "2022010412211", "collision_year": 2022, "collision_ref_no": "010412211", "location_easting_osgr": 528590.0, "location_northing_osgr": 177641.0, "longitude": -0.149516, "latitude": 51.483115, "police_force": 1, "collision_severity": 3, "number_of_vehicles": 1, "number_of_casualties": 1, "date": "23/11/2022", "day_of_week": 4, "time": "10:52:00", "local_authority_district": -1, "local_authority_ons_district": "E09000032", "local_authority_highway": "E09000032", "local_authority_highway_current": "E09000032", "first_road_class": 3, "first_road_number": 3216, "road_type": 3, "speed_limit": 20, "junction_detail_historic": 0, "junction_detail": 0, "junction_control": -1, "second_road_class": 0, "second_road_number": -1, "pedestrian_crossing_human_control_historic": 2, "pedestrian_crossing_physical_facilities_historic": 5, "pedestrian_crossing": 12, "light_conditions": 1, "weather_conditions": 8, "road_surface_conditions": 2, "special_conditions_at_site": 0, "carriageway_hazards_historic": 0, "carriageway_hazards": 0, "urban_or_rural_area": 1, "did_police_officer_attend_scene_of_accident": 1, "trunk_road_flag": 2, "lsoa_of_accident_location": "E01033098", "enhanced_severity_collision": -1, "collision_injury_based": 0, "collision_adjusted_severity_serious": 0.0, "collision_adjusted_severity_slight": 1.0, "source": "STATS19", "source_year": "2022", "source_record_id": "CRASH_89782", "matched_u": 1, "matched_v": 2, "match_distance": 42.301406501443132 }, "geometry": { "type": "Point", "coordinates": [ -0.149516, 51.483115 ] } },
{ "type": "Feature", "properties": { "collision_index": "2022010355488", "collision_year": 2022, "collision_ref_no": "010355488", "location_easting_osgr": 531204.0, "location_northing_osgr": 179171.0, "longitude": -0.111325, "latitude": 51.496265, "police_force": 1, "collision_severity": 2, "number_of_vehicles": 2, "number_of_casualties": 1, "date": "02/01/2022", "day_of_week": 1, "time": "16:43:00", "local_authority_district": -1, "local_authority_ons_district": "E09000022", "local_authority_highway": "E09000022", "local_authority_highway_current": "E09000028", "first_road_class": 3, "first_road_number": 23, "road_type": 6, "speed_limit": 20, "junction_detail_historic": 6, "junction_detail": 16, "junction_control": 2, "second_road_class": 3, "second_road_number": 3203, "pedestrian_crossing_human_control_historic": 0, "pedestrian_crossing_physical_facilities_historic": 5, "pedestrian_crossing": 15, "light_conditions": 4, "weather_conditions": 1, "road_surface_conditions": 1, "special_conditions_at_site": 5, "carriageway_hazards_historic": 0, "carriageway_hazards": 21, "urban_or_rural_area": 1, "did_police_officer_attend_scene_of_accident": 3, "trunk_road_flag": 2, "lsoa_of_accident_location": "E01003933", "enhanced_severity_collision": -1, "collision_injury_based": 0, "collision_adjusted_severity_serious": 1.0, "collision_adjusted_severity_slight": 0.0, "source": "STATS19", "source_year": "2022", "source_record_id": "CRASH_90568", "matched_u": 54, "matched_v": 55, "match_distance": 28.584371469250982 }, "geometry": { "type": "Point", "coordinates": [ -0.111325, 51.496265 ] } },
{ "type": "Feature", "properties": { "collision_index": "2022010380020", "collision_year": 2022, "collision_ref_no": "010380020", "location_easting_osgr": 530134.0, "location_northing_osgr": 178458.0, "longitude": -0.126993, "latitude": 51.490104, "police_force": 1, "collision_severity": 3, "number_of_vehicles": 2, "number_of_casualties": 1, "date": "02/06/2022", "day_of_week": 5, "time": "15:47:00", "local_authority_district": -1, "local_authority_ons_district": "E09000033", "local_authority_highway": "E09000033", "local_authority_highway_current": "E09000033", "first_road_class": 3, "first_road_number": 3212, "road_type": 3, "speed_limit": 20, "junction_detail_historic": 3, "junction_detail": 13, "junction_control": 4, "second_road_class": 5, "second_road_number": 0, "pedestrian_crossing_human_control_historic": 0, "pedestrian_crossing_physical_facilities_historic": 0, "pedestrian_crossing": 0, "light_conditions": 1, "weather_conditions": 1, "road_surface_conditions": 1, "special_conditions_at_site": 0, "carriageway_hazards_historic": 0, "carriageway_hazards": 0, "urban_or_rural_area": 1, "did_police_officer_attend_scene_of_accident": 1, "trunk_road_flag": 2, "lsoa_of_accident_location": "E01004745", "enhanced_severity_collision": -1, "collision_injury_based": 0, "collision_adjusted_severity_serious": 0.0, "collision_adjusted_severity_slight": 1.0, "source": "STATS19", "source_year": "2022", "source_record_id": "CRASH_91002", "matched_u": 33, "matched_v": 34, "match_distance": 43.822772875615556 }, "geometry": { "type": "Point", "coordinates": [ -0.126993, 51.490104 ] } },
{ "type": "Feature", "properties": { "collision_index": "2022010373462", "collision_year": 2022, "collision_ref_no": "010373462", "location_easting_osgr": 530164.0, "location_northing_osgr": 177778.0, "longitude": -0.126811, "latitude": 51.483986, "police_force": 1, "collision_severity": 3, "number_of_vehicles": 2, "number_of_casualties": 1, "date": "29/04/2022", "day_of_week": 6, "time": "12:17:00", "local_authority_district": -1, "local_authority_ons_district": "E09000022", "local_authority_highway": "E09000022", "local_authority_highway_current": "E09000032", "first_road_class": 3, "first_road_number": 3036, "road_type": 2, "speed_limit": 20, "junction_detail_historic": 0, "junction_detail": 0, "junction_control": -1, "second_road_class": 0, "second_road_number": -1, "pedestrian_crossing_human_control_historic": 0, "pedestrian_crossing_physical_facilities_historic": 5, "pedestrian_crossing": 15, "light_conditions": 1, "weather_conditions": 1, "road_surface_conditions": 1, "special_conditions_at_site": 0, "carriageway_hazards_historic": 0, "carriageway_hazards": 0, "urban_or_rural_area": 1, "did_police_officer_attend_scene_of_accident": 1, "trunk_road_flag": 2, "lsoa_of_accident_location": "E01004562", "enhanced_severity_collision": -1, "collision_injury_based": 0, "collision_adjusted_severity_serious": 0.0, "collision_adjusted_severity_slight": 1.0, "source": "STATS19", "source_year": "2022", "source_record_id": "CRASH_91380", "matched_u": 31, "matched_v": 32, "match_distance": 23.562625551243404 }, "geometry": { "type": "Point", "coordinates": [ -0.126811, 51.483986 ] } },
{ "type": "Feature", "properties": { "collision_index": "2022010375143", "collision_year": 2022, "collision_ref_no": "010375143", "location_easting_osgr": 532322.0, "location_northing_osgr": 178166.0, "longitude": -0.095605, "latitude": 51.486973, "police_force": 1, "collision_severity": 3, "number_of_vehicles": 2, "number_of_casualties": 1, "date": "07/05/2022", "day_of_week": 7, "time": "21:38:00", "local_authority_district": -1, "local_authority_ons_district": "E09000028", "local_authority_highway": "E09000028", "local_authority_highway_current": "E09000028", "first_road_class": 3, "first_road_number": 215, "road_type": 9, "speed_limit": 20, "junction_detail_historic": 0, "junction_detail": 0, "junction_control": -1, "second_road_class": 0, "second_road_number": -1, "pedestrian_crossing_human_control_historic": 9, "pedestrian_crossing_physical_facilities_historic": 9, "pedestrian_crossing": 99, "light_conditions": 1, "weather_conditions": 9, "road_surface_conditions": 9, "special_conditions_at_site": 9, "carriageway_hazards_historic": 0, "carriageway_hazards": 0, "urban_or_rural_area": 1, "did_police_officer_attend_scene_of_accident": 3, "trunk_road_flag": 2, "lsoa_of_accident_location": "E01003994", "enhanced_severity_collision": -1, "collision_injury_based": 0, "collision_adjusted_severity_serious": 0.0, "collision_adjusted_severity_slight": 1.0, "source": "STATS19", "source_year": "2022", "source_record_id": "CRASH_91398", "matched_u": 72, "matched_v": 73, "match_distance": 7.5573565416343618 }, "geometry": { "type": "Point", "coordinates": [ -0.095605, 51.486973 ] } },
{ "type": "Feature", "properties": { "collision_index": "2022010376177", "collision_year": 2022, "collision_ref_no": "010376177", "location_easting_osgr": 529646.0, "location_northing_osgr": 181264.0, "longitude": -0.132987, "latitude": 51.515433, "police_force": 1, "collision_severity": 2, "number_of_vehicles": 1, "number_of_casualties": 1, "date": "22/04/2022", "day_of_week": 6, "time": "08:58:00", "local_authority_district": -1, "local_authority_ons_district": "E09000033", "local_authority_highway": "E09000033", "local_authority_highway_current": "E09000033", "first_road_class": 6, "first_road_number": 0, "road_type": 2, "speed_limit": 20, "junction_detail_historic": 0, "junction_detail": 0, "junction_control": -1, "second_road_class": 0, "second_road_number": -1, "pedestrian_crossing_human_control_historic": 0, "pedestrian_crossing_physical_facilities_historic": 0, "pedestrian_crossing": 0, "light_conditions": 1, "weather_conditions": 1, "road_surface_conditions": 1, "special_conditions_at_site": 4, "carriageway_hazards_historic": 9, "carriageway_hazards": 13, "urban_or_rural_area": 1, "did_police_officer_attend_scene_of_accident": 3, "trunk_road_flag": 2, "lsoa_of_accident_location": "E01004763", "enhanced_severity_collision": -1, "collision_injury_based": 0, "collision_adjusted_severity_serious": 1.0, "collision_adjusted_severity_slight": 0.0, "source": "STATS19", "source_year": "2022", "source_record_id": "CRASH_91408", "matched_u": 29, "matched_v": 39, "match_distance": 17.769050912931558 }, "geometry": { "type": "Point", "coordinates": [ -0.132987, 51.515433 ] } },
{ "type": "Feature", "properties": { "collision_index": "2022481291919", "collision_year": 2022, "collision_ref_no": "481291919", "location_easting_osgr": 532016.0, "location_northing_osgr": 181806.0, "longitude": -0.098649, "latitude": 51.519755, "police_force": 48, "collision_severity": 3, "number_of_vehicles": 2, "number_of_casualties": 1, "date": "08/11/2022", "day_of_week": 3, "time": "14:52:00", "local_authority_district": -1, "local_authority_ons_district": "E09000001", "local_authority_highway": "E09000001", "local_authority_highway_current": "E09000001", "first_road_class": 6, "first_road_number": 0, "road_type": 6, "speed_limit": 20, "junction_detail_historic": 0, "junction_detail": 0, "junction_control": -1, "second_road_class": 0, "second_road_number": -1, "pedestrian_crossing_human_control_historic": 0, "pedestrian_crossing_physical_facilities_historic": 0, "pedestrian_crossing": 0, "light_conditions": 1, "weather_conditions": 1, "road_surface_conditions": 1, "special_conditions_at_site": 0, "carriageway_hazards_historic": 0, "carriageway_hazards": 0, "urban_or_rural_area": 1, "did_police_officer_attend_scene_of_accident": 3, "trunk_road_flag": 2, "lsoa_of_accident_location": "E01032740", "enhanced_severity_collision": 3, "collision_injury_based": 1, "collision_adjusted_severity_serious": 0.0, "collision_adjusted_severity_slight": 1.0, "source": "STATS19", "source_year": "2022", "source_record_id": "CRASH_91738", "matched_u": 70, "matched_v": 80, "match_distance": 37.926855039782815 }, "geometry": { "type": "Point", "coordinates": [ -0.098649, 51.519755 ] } },
{ "type": "Feature", "properties": { "collision_index": "2022010410025", "collision_year": 2022, "collision_ref_no": "010410025", "location_easting_osgr": 531226.0, "location_northing_osgr": 178406.0, "longitude": -0.111292, "latitude": 51.489385, "police_force": 1, "collision_severity": 2, "number_of_vehicles": 2, "number_of_casualties": 2, "date": "12/11/2022", "day_of_week": 7, "time": "07:00:00", "local_authority_district": -1, "local_authority_ons_district": "E09000022", "local_authority_highway": "E09000022", "local_authority_highway_current": "E09000022", "first_road_class": 3, "first_road_number": 23, "road_type": 6, "speed_limit": 20, "junction_detail_historic": 3, "junction_detail": 13, "junction_control": 4, "second_road_class": 6, "second_road_number": 0, "pedestrian_crossing_human_control_historic": 0, "pedestrian_crossing_physical_facilities_historic": 0, "pedestrian_crossing": 0, "light_conditions": 1, "weather_conditions": 1, "road_surface_conditions": 1, "special_conditions_at_site": 0, "carriageway_hazards_historic": 0, "carriageway_hazards": 0, "urban_or_rural_area": 1, "did_police_officer_attend_scene_of_accident": 1, "trunk_road_flag": 2, "lsoa_of_accident_location": "E01003106", "enhanced_severity_collision": -1, "collision_injury_based": 0, "collision_adjusted_severity_serious": 1.0, "collision_adjusted_severity_slight": 0.0, "source": "STATS19", "source_year": "2022", "source_record_id": "CRASH_92180", "matched_u": 53, "matched_v": 54, "match_distance": 24.910828273074003 }, "geometry": { "type": "Point", "coordinates": [ -0.111292, 51.489385 ] } },
{ "type": "Feature", "properties": { "collision_index": "2022010373535", "collision_year": 2022, "collision_ref_no": "010373535", "location_easting_osgr": 529041.0, "location_northing_osgr": 181169.0, "longitude": -0.141736, "latitude": 51.514718, "police_force": 1, "collision_severity": 3, "number_of_vehicles": 1, "number_of_casualties": 1, "date": "29/04/2022", "day_of_week": 6, "time": "14:29:00", "local_authority_district": -1, "local_authority_ons_district": "E09000033", "local_authority_highway": "E09000033", "local_authority_highway_current": "E09000033", "first_road_class": 3, "first_road_number": 4201, "road_type": 3, "speed_limit": 20, "junction_detail_historic": 9, "junction_detail": 19, "junction_control": 4, "second_road_class": 6, "second_road_number": 0, "pedestrian_crossing_human_control_historic": 0, "pedestrian_crossing_physical_facilities_historic": 5, "pedestrian_crossing": 15, "light_conditions": 1, "weather_conditions": 1, "road_surface_conditions": 1, "special_conditions_at_site": 0, "carriageway_hazards_historic": 0, "carriageway_hazards": 0, "urban_or_rural_area": 1, "did_police_officer_attend_scene_of_accident": 1, "trunk_road_flag": 2, "lsoa_of_accident_location": "E01033595", "enhanced_severity_collision": -1, "collision_injury_based": 0, "collision_adjusted_severity_serious": 0.0, "collision_adjusted_severity_slight": 1.0, "source": "STATS19", "source_year": "2022", "source_record_id": "CRASH_92207", "matched_u": 18, "matched_v": 19, "match_distance": 43.909354701792836 }, "geometry": { "type": "Point", "coordinates": [ -0.141736, 51.514718 ] } },
{ "type": "Feature", "properties": { "collision_index": "2022481226063", "collision_year": 2022, "collision_ref_no": "481226063", "location_easting_osgr": 532327.0, "location_northing_osgr": 180839.0, "longitude": -0.094532, "latitude": 51.510993, "police_force": 48, "collision_severity": 3, "number_of_vehicles": 2, "number_of_casualties": 1, "date": "04/04/2022", "day_of_week": 2, "time": "08:57:00", "local_authority_district": -1, "local_authority_ons_district": "E09000001", "local_authority_highway": "E09000001", "local_authority_highway_current": "E09000001", "first_road_class": 3, "first_road_number": 3211, "road_type": 3, "speed_limit": 20, "junction_detail_historic": 0, "junction_detail": 0, "junction_control": -1, "second_road_class": 0, "second_road_number": -1, "pedestrian_crossing_human_control_historic": 0, "pedestrian_crossing_physical_facilities_historic": 0, "pedestrian_crossing": 0, "light_conditions": 4, "weather_conditions": 2, "road_surface_conditions": 2, "special_conditions_at_site": 0, "carriageway_hazards_historic": 0, "carriageway_hazards": 0, "urban_or_rural_area": 1, "did_police_officer_attend_scene_of_accident": 3, "trunk_road_flag": 2, "lsoa_of_accident_location": "E01032739", "enhanced_severity_collision": 3, "collision_injury_based": 1, "collision_adjusted_severity_serious": 0.0, "collision_adjusted_severity_slight": 1.0, "source": "STATS19", "source_year": "2022", "source_record_id": "CRASH_92545", "matched_u": 78, "matched_v": 88, "match_distance": 18.72127019893378 }, "geometry": { "type": "Point", "coordinates": [ -0.094532, 51.510993 ] } },
{ "type": "Feature", "properties": { "collision_index": "2022481232152", "collision_year": 2022, "collision_ref_no": "481232152", "location_easting_osgr": 531683.0, "location_northing_osgr": 181622.0, "longitude": -0.103514, "latitude": 51.518179, "police_force": 48, "collision_severity": 3, "number_of_vehicles": 2, "number_of_casualties": 1, "date": "23/05/2022", "day_of_week": 2, "time": "08:37:00", "local_authority_district": -1, "local_authority_ons_district": "E09000001", "local_authority_highway": "E09000001", "local_authority_highway_current": "E09000001", "first_road_class": 6, "first_road_number": 0, "road_type": 6, "speed_limit": 20, "junction_detail_historic": 3, "junction_detail": 13, "junction_control": 4, "second_road_class": 6, "second_road_number": 0, "pedestrian_crossing_human_control_historic": 0, "pedestrian_crossing_physical_facilities_historic": 0, "pedestrian_crossing": 0, "light_conditions": 1, "weather_conditions": 1, "road_surface_conditions": 1, "special_conditions_at_site": 0, "carriageway_hazards_historic": 0, "carriageway_hazards": 0, "urban_or_rural_area": 1, "did_police_officer_attend_scene_of_accident": 1, "trunk_road_flag": 2, "lsoa_of_accident_location": "E01032740", "enhanced_severity_collision": 3, "collision_injury_based": 1, "collision_adjusted_severity_serious": 0.0, "collision_adjusted_severity_slight": 1.0, "source": "STATS19", "source_year": "2022", "source_record_id": "CRASH_92546", "matched_u": 69, "matched_v": 70, "match_distance": 23.525519054312099 }, "geometry": { "type": "Point", "coordinates": [ -0.103514, 51.518179 ] } },
{ "type": "Feature", "properties": { "collision_index": "2022010383254", "collision_year": 2022, "collision_ref_no": "010383254", "location_easting_osgr": 531240.0, "location_northing_osgr": 178598.0, "longitude": -0.111019, "latitude": 51.491107, "police_force": 1, "collision_severity": 2, "number_of_vehicles": 1, "number_of_casualties": 1, "date": "18/06/2022", "day_of_week": 7, "time": "22:35:00", "local_authority_district": -1, "local_authority_ons_district": "E09000022", "local_authority_highway": "E09000022", "local_authority_highway_current": "E09000022", "first_road_class": 3, "first_road_number": 23, "road_type": 6, "speed_limit": 20, "junction_detail_historic": 3, "junction_detail": 13, "junction_control": 4, "second_road_class": 6, "second_road_number": 0, "pedestrian_crossing_human_control_historic": 0, "pedestrian_crossing_physical_facilities_historic": 0, "pedestrian_crossing": 0, "light_conditions": 4, "weather_conditions": 2, "road_surface_conditions": 2, "special_conditions_at_site": 0, "carriageway_hazards_historic": 0, "carriageway_hazards": 0, "urban_or_rural_area": 1, "did_police_officer_attend_scene_of_accident": 1, "trunk_road_flag": 2, "lsoa_of_accident_location": "E01003106", "enhanced_severity_collision": -1, "collision_injury_based": 0, "collision_adjusted_severity_serious": 1.0, "collision_adjusted_severity_slight": 0.0, "source": "STATS19", "source_year": "2022", "source_record_id": "CRASH_93024", "matched_u": 53, "matched_v": 54, "match_distance": 5.4793927134905962 }, "geometry": { "type": "Point", "coordinates": [ -0.111019, 51.491107 ] } },
{ "type": "Feature", "properties": { "collision_index": "2022010358833", "collision_year": 2022, "collision_ref_no": "010358833", "location_easting_osgr": 531280.0, "location_northing_osgr": 178349.0, "longitude": -0.110536, "latitude": 51.48886, "police_force": 1, "collision_severity": 3, "number_of_vehicles": 2, "number_of_casualties": 4, "date": "06/02/2022", "day_of_week": 1, "time": "00:35:00", "local_authority_district": -1, "local_authority_ons_district": "E09000022", "local_authority_highway": "E09000022", "local_authority_highway_current": "E09000022", "first_road_class": 3, "first_road_number": 3204, "road_type": 6, "speed_limit": 30, "junction_detail_historic": 9, "junction_detail": 19, "junction_control": 2, "second_road_class": 3, "second_road_number": 23, "pedestrian_crossing_human_control_historic": 9, "pedestrian_crossing_physical_facilities_historic": 4, "pedestrian_crossing": 14, "light_conditions": 4, "weather_conditions": 1, "road_surface_conditions": 1, "special_conditions_at_site": 0, "carriageway_hazards_historic": 0, "carriageway_hazards": 0, "urban_or_rural_area": 1, "did_police_officer_attend_scene_of_accident": 3, "trunk_road_flag": 2, "lsoa_of_accident_location": "E01003107", "enhanced_severity_collision": -1, "collision_injury_based": 0, "collision_adjusted_severity_serious": 0.0, "collision_adjusted_severity_slight": 1.0, "source": "STATS19", "source_year": "2022", "source_record_id": "CRASH_93470", "matched_u": 53, "matched_v": 63, "match_distance": 11.501430795527993 }, "geometry": { "type": "Point", "coordinates": [ -0.110536, 51.48886 ] } },
{ "type": "Feature", "properties": { "collision_index": "2022010412449", "collision_year": 2022, "collision_ref_no": "010412449", "location_easting_osgr": 531280.0, "location_northing_osgr": 177510.0, "longitude": -0.110848, "latitude": 51.48132, "police_force": 1, "collision_severity": 2, "number_of_vehicles": 1, "number_of_casualties": 1, "date": "29/09/2022", "day_of_week": 5, "time": "14:35:00", "local_authority_district": -1, "local_authority_ons_district": "E09000022", "local_authority_highway": "E09000022", "local_authority_highway_current": "E09000022", "first_road_class": 3, "first_road_number": 23, "road_type": 9, "speed_limit": 20, "junction_detail_historic": 99, "junction_detail": -1, "junction_control": 9, "second_road_class": 3, "second_road_number": 202, "pedestrian_crossing_human_control_historic": 9, "pedestrian_crossing_physical_facilities_historic": 9, "pedestrian_crossing": 99, "light_conditions": 1, "weather_conditions": 9, "road_surface_conditions": 9, "special_conditions_at_site": 9, "carriageway_hazards_historic": 9, "carriageway_hazards": 99, "urban_or_rural_area": 1, "did_police_officer_attend_scene_of_accident": 3, "trunk_road_flag": 2, "lsoa_of_accident_location": "E01003100", "enhanced_severity_collision": -1, "collision_injury_based": 0, "collision_adjusted_severity_serious": 1.0, "collision_adjusted_severity_slight": 0.0, "source": "STATS19", "source_year": "2022", "source_record_id": "CRASH_93473", "matched_u": 51, "matched_v": 52, "match_distance": 24.515025639140731 }, "geometry": { "type": "Point", "coordinates": [ -0.110848, 51.48132 ] } },
{ "type": "Feature", "properties": { "collision_index": "2022010378962", "collision_year": 2022, "collision_ref_no": "010378962", "location_easting_osgr": 531536.0, "location_northing_osgr": 179872.0, "longitude": -0.106284, "latitude": 51.502487, "police_force": 1, "collision_severity": 3, "number_of_vehicles": 2, "number_of_casualties": 2, "date": "27/05/2022", "day_of_week": 6, "time": "20:15:00", "local_authority_district": -1, "local_authority_ons_district": "E09000028", "local_authority_highway": "E09000028", "local_authority_highway_current": "E09000028", "first_road_class": 6, "first_road_number": 0, "road_type": 6, "speed_limit": 20, "junction_detail_historic": 3, "junction_detail": 13, "junction_control": 4, "second_road_class": 6, "second_road_number": 0, "pedestrian_crossing_human_control_historic": 0, "pedestrian_crossing_physical_facilities_historic": 9, "pedestrian_crossing": 0, "light_conditions": 1, "weather_conditions": 1, "road_surface_conditions": 1, "special_conditions_at_site": 0, "carriageway_hazards_historic": 0, "carriageway_hazards": 0, "urban_or_rural_area": 1, "did_police_officer_attend_scene_of_accident": 3, "trunk_road_flag": 2, "lsoa_of_accident_location": "E01032583", "enhanced_severity_collision": -1, "collision_injury_based": 0, "collision_adjusted_severity_serious": 0.0, "collision_adjusted_severity_slight": 1.0, "source": "STATS19", "source_year": "2022", "source_record_id": "CRASH_93484", "matched_u": 56, "matched_v": 66, "match_distance": 46.257757832296193 }, "geometry": { "type": "Point", "coordinates": [ -0.106284, 51.502487 ] } },
{ "type": "Feature", "properties": { "collision_index": "2022010362775", "collision_year": 2022, "collision_ref_no": "010362775", "location_easting_osgr": 529555.0, "location_northing_osgr": 179276.0, "longitude": -0.135027, "latitude": 51.497588, "police_force": 1, "collision_severity": 3, "number_of_vehicles": 2, "number_of_casualties": 1, "date": "28/02/2022", "day_of_week": 2, "time": "06:05:00", "local_authority_district": -1, "local_authority_ons_district": "E09000033", "local_authority_highway": "E09000033", "local_authority_highway_current": "E09000033", "first_road_class": 3, "first_road_number": 302, "road_type": 6, "speed_limit": 20, "junction_detail_historic": 99, "junction_detail": -1, "junction_control": 2, "second_road_class": 3, "second_road_number": 302, "pedestrian_crossing_human_control_historic": 9, "pedestrian_crossing_physical_facilities_historic": 5, "pedestrian_crossing": 15, "light_conditions": 4, "weather_conditions": 1, "road_surface_conditions": 1, "special_conditions_at_site": 0, "carriageway_hazards_historic": 0, "carriageway_hazards": 0, "urban_or_rural_area": 1, "did_police_officer_attend_scene_of_accident": 3, "trunk_road_flag": 2, "lsoa_of_accident_location": "E01004731", "enhanced_severity_collision": -1, "collision_injury_based": 0, "collision_adjusted_severity_serious": 0.0, "collision_adjusted_severity_slight": 1.0, "source": "STATS19", "source_year": "2022", "source_record_id": "CRASH_93504", "matched_u": 15, "matched_v": 25, "match_distance": 36.775920312851667 }, "geometry": { "type": "Point", "coordinates": [ -0.135027, 51.497588 ] } },
{ "type": "Feature", "properties": { "collision_index": "2022010375230", "collision_year": 2022, "collision_ref_no": "010375230", "location_easting_osgr": 531676.0, "location_northing_osgr": 180310.0, "longitude": -0.104105, "latitude": 51.506391, "police_force": 1, "collision_severity": 3, "number_of_vehicles": 2, "number_of_casualties": 1, "date": "08/05/2022", "day_of_week": 1, "time": "20:00:00", "local_authority_district": -1, "local_authority_ons_district": "E09000028", "local_authority_highway": "E09000028", "local_authority_highway_current": "E09000028", "first_road_class": 6, "first_road_number": 0, "road_type": 6, "speed_limit": 20, "junction_detail_historic": 3, "junction_detail": 13, "junction_control": 4, "second_road_class": 3, "second_road_number": 201, "pedestrian_crossing_human_control_historic": 0, "pedestrian_crossing_physical_facilities_historic": 0, "pedestrian_crossing": 0, "light_conditions": 1, "weather_conditions": 1, "road_surface_conditions": 1, "special_conditions_at_site": 0, "carriageway_hazards_historic": 0, "carriageway_hazards": 0, "urban_or_rural_area": 1, "did_police_officer_attend_scene_of_accident": 1, "trunk_road_flag": 2, "lsoa_of_accident_location": "E01003934", "enhanced_severity_collision": -1, "collision_injury_based": 0, "collision_adjusted_severity_serious": 0.0, "collision_adjusted_severity_slight": 1.0, "source": "STATS19", "source_year": "2022", "source_record_id": "CRASH_93929", "matched_u": 57, "matched_v": 67, "match_distance": 48.646629167720668 }, "geometry": { "type": "Point", "coordinates": [ -0.104105, 51.506391 ] } },
{ "type": "Feature", "properties": { "collision_index": "2022010369785", "collision_year": 2022, "collision_ref_no": "010369785", "location_easting_osgr": 529175.0, "location_northing_osgr": 181258.0, "longitude": -0.139773, "latitude": 51.515487, "police_force": 1, "collision_severity": 3, "number_of_vehicles": 1, "number_of_casualties": 1, "date": "04/03/2022", "day_of_week": 6, "time": "04:50:00", "local_authority_district": -1, "local_authority_ons_district": "E09000033", "local_authority_highway": "E09000033", "local_authority_highway_current": "E09000033", "first_road_class": 3, "first_road_number": 40, "road_type": 9, "speed_limit": 20, "junction_detail_historic": 3, "junction_detail": 13, "junction_control": 4, "second_road_class": 5, "second_road_number": 0, "pedestrian_crossing_human_control_historic": 9, "pedestrian_crossing_physical_facilities_historic": 9, "pedestrian_crossing": 99, "light_conditions": 7, "weather_conditions": 9, "road_surface_conditions": 9, "special_conditions_at_site": 9, "carriageway_hazards_historic": 9, "carriageway_hazards": 99, "urban_or_rural_area": 1, "did_police_officer_attend_scene_of_accident": 3, "trunk_road_flag": 2, "lsoa_of_accident_location": "E01033595", "enhanced_severity_collision": -1, "collision_injury_based": 0, "collision_adjusted_severity_serious": 0.0, "collision_adjusted_severity_slight": 1.0, "source": "STATS19", "source_year": "2022", "source_record_id": "CRASH_94385", "matched_u": 19, "matched_v": 29, "match_distance": 8.1093703238293529 }, "geometry": { "type": "Point", "coordinates": [ -0.139773, 51.515487 ] } },
{ "type": "Feature", "properties": { "collision_index": "2022481262413", "collision_year": 2022, "collision_ref_no": "481262413", "location_easting_osgr": 531466.0, "location_northing_osgr": 180834.0, "longitude": -0.106933, "latitude": 51.511149, "police_force": 48, "collision_severity": 3, "number_of_vehicles": 2, "number_of_casualties": 1, "date": "28/07/2022", "day_of_week": 5, "time": "18:10:00", "local_authority_district": -1, "local_authority_ons_district": "E09000001", "local_authority_highway": "E09000001", "local_authority_highway_current": "E09000001", "first_road_class": 3, "first_road_number": 3211, "road_type": 6, "speed_limit": 20, "junction_detail_historic": 3, "junction_detail": 13, "junction_control": 4, "second_road_class": 6, "second_road_number": 0, "pedestrian_crossing_human_control_historic": 0, "pedestrian_crossing_physical_facilities_historic": 0, "pedestrian_crossing": 0, "light_conditions": 1, "weather_conditions": 1, "road_surface_conditions": 1, "special_conditions_at_site": 0, "carriageway_hazards_historic": 0, "carriageway_hazards": 0, "urban_or_rural_area": 1, "did_police_officer_attend_scene_of_accident": 1, "trunk_road_flag": 2, "lsoa_of_accident_location": "E01032740", "enhanced_severity_collision": 3, "collision_injury_based": 1, "collision_adjusted_severity_serious": 0.0, "collision_adjusted_severity_slight": 1.0, "source": "STATS19", "source_year": "2022", "source_record_id": "CRASH_94739", "matched_u": 58, "matched_v": 68, "match_distance": 9.1817851830273867 }, "geometry": { "type": "Point", "coordinates": [ -0.106933, 51.511149 ] } },
{ "type": "Feature", "properties": { "collision_index": "2022010357076", "collision_year": 2022, "collision_ref_no": "010357076", "location_easting_osgr": 530613.0, "location_northing_osgr": 180839.0, "longitude": -0.119216, "latitude": 51.511391, "police_force": 1, "collision_severity": 3, "number_of_vehicles": 2, "number_of_casualties": 1, "date": "27/01/2022", "day_of_week": 5, "time": "17:35:00", "local_authority_district": -1, "local_authority_ons_district": "E09000033", "local_authority_highway": "E09000033", "local_authority_highway_current": "E09000033", "first_road_class": 3, "first_road_number": 301, "road_type": 6, "speed_limit": 20, "junction_detail_historic": 7, "junction_detail": 17, "junction_control": 2, "second_road_class": 3, "second_road_number": 4, "pedestrian_crossing_human_control_historic": 0, "pedestrian_crossing_physical_facilities_historic": 0, "pedestrian_crossing": 0, "light_conditions": 4, "weather_conditions": 1, "road_surface_conditions": 1, "special_conditions_at_site": 0, "carriageway_hazards_historic": 0, "carriageway_hazards": 0, "urban_or_rural_area": 1, "did_police_officer_attend_scene_of_accident": 1, "trunk_road_flag": 2, "lsoa_of_accident_location": "E01004735", "enhanced_severity_collision": -1, "collision_injury_based": 0, "collision_adjusted_severity_serious": 0.0, "collision_adjusted_severity_slight": 1.0, "source": "STATS19", "source_year": "2022", "source_record_id": "CRASH_94824", "matched_u": 48, "matched_v": 49, "match_distance": 42.548783147649381 }, "geometry": { "type": "Point", "coordinates": [ -0.119216, 51.511391 ] } },
{ "type": "Feature", "properties": { "collision_index": "2022010387647", "collision_year": 2022, "collision_ref_no": "010387647", "location_easting_osgr": 530134.0, "location_northing_osgr": 180098.0, "longitude": -0.126388, "latitude": 51.504842, "police_force": 1, "collision_severity": 3, "number_of_vehicles": 1, "number_of_casualties": 1, "date": "10/07/2022", "day_of_week": 1, "time": "09:50:00", "local_authority_district": -1, "local_authority_ons_district": "E09000033", "local_authority_highway": "E09000033", "local_authority_highway_current": "E09000033", "first_road_class": 3, "first_road_number": 3212, "road_type": 6, "speed_limit": 20, "junction_detail_historic": 3, "junction_detail": 13, "junction_control": 4, "second_road_class": 5, "second_road_number": 0, "pedestrian_crossing_human_control_historic": 9, "pedestrian_crossing_physical_facilities_historic": 9, "pedestrian_crossing": 99, "light_conditions": 1, "weather_conditions": 1, "road_surface_conditions": 1, "special_conditions_at_site": 9, "carriageway_hazards_historic": 9, "carriageway_hazards": 99, "urban_or_rural_area": 1, "did_police_officer_attend_scene_of_accident": 3, "trunk_road_flag": 2, "lsoa_of_accident_location": "E01004736", "enhanced_severity_collision": -1, "collision_injury_based": 0, "collision_adjusted_severity_serious": 0.0, "collision_adjusted_severity_slight": 1.0, "source": "STATS19", "source_year": "2022", "source_record_id": "CRASH_94825", "matched_u": 36, "matched_v": 37, "match_distance": 23.525519054312099 }, "geometry": { "type": "Point", "coordinates": [ -0.126388, 51.504842 ] } },
{ "type": "Feature", "properties": { "collision_index": "2022481289712", "collision_year": 2022, "collision_ref_no": "481289712", "location_easting_osgr": 531722.0, "location_northing_osgr": 181452.0, "longitude": -0.103016, "latitude": 51.516643, "police_force": 48, "collision_severity": 3, "number_of_vehicles": 2, "number_of_casualties": 1, "date": "03/11/2022", "day_of_week": 5, "time": "20:00:00", "local_authority_district": -1, "local_authority_ons_district": "E09000001", "local_authority_highway": "E09000001", "local_authority_highway_current": "E09000001", "first_road_class": 3, "first_road_number": 40, "road_type": 6, "speed_limit": 20, "junction_detail_historic": 3, "junction_detail": 13, "junction_control": 4, "second_road_class": 6, "second_road_number": 0, "pedestrian_crossing_human_control_historic": 0, "pedestrian_crossing_physical_facilities_historic": 0, "pedestrian_crossing": 0, "light_conditions": 4, "weather_conditions": 1, "road_surface_conditions": 1, "special_conditions_at_site": 0, "carriageway_hazards_historic": 0, "carriageway_hazards": 0, "urban_or_rural_area": 1, "did_police_officer_attend_scene_of_accident": 1, "trunk_road_flag": 2, "lsoa_of_accident_location": "E01032740", "enhanced_severity_collision": 3, "collision_injury_based": 1, "collision_adjusted_severity_serious": 0.0, "collision_adjusted_severity_slight": 1.0, "source": "STATS19", "source_year": "2022", "source_record_id": "CRASH_95130", "matched_u": 69, "matched_v": 70, "match_distance": 31.911587360738849 }, "geometry": { "type": "Point", "coordinates": [ -0.103016, 51.516643 ] } },
{ "type": "Feature", "properties": { "collision_index": "2022010382343", "collision_year": 2022, "collision_ref_no": "010382343", "location_easting_osgr": 530415.0, "location_northing_osgr": 177817.0, "longitude": -0.123184, "latitude": 51.484279, "police_force": 1, "collision_severity": 3, "number_of_vehicles": 2, "number_of_casualties": 1, "date": "14/06/2022", "day_of_week": 3, "time": "18:30:00", "local_authority_district": -1, "local_authority_ons_district": "E09000022", "local_authority_highway": "E09000022", "local_authority_highway_current": "E09000022", "first_road_class": 3, "first_road_number": 203, "road_type": 6, "speed_limit": 30, "junction_detail_historic": 7, "junction_detail": 17, "junction_control": 2, "second_road_class": 3, "second_road_number": 203, "pedestrian_crossing_human_control_historic": 0, "pedestrian_crossing_physical_facilities_historic": 5, "pedestrian_crossing": 15, "light_conditions": 1, "weather_conditions": 1, "road_surface_conditions": 1, "special_conditions_at_site": 0, "carriageway_hazards_historic": 0, "carriageway_hazards": 0, "urban_or_rural_area": 1, "did_police_officer_attend_scene_of_accident": 1, "trunk_road_flag": 2, "lsoa_of_accident_location": "E01003102", "enhanced_severity_collision": -1, "collision_injury_based": 0, "collision_adjusted_severity_serious": 0.0, "collision_adjusted_severity_slight": 1.0, "source": "STATS19", "source_year": "2022", "source_record_id": "CRASH_95588", "matched_u": 32, "matched_v": 42, "match_distance": 37.658993132412434 }, "geometry": { "type": "Point", "coordinates": [ -0.123184, 51.484279 ] } },
{ "type": "Feature", "properties": { "collision_index": "2022010367688", "collision_year": 2022, "collision_ref_no": "010367688", "location_easting_osgr": 533266.0, "location_northing_osgr": 179404.0, "longitude": -0.08155, "latitude": 51.497877, "police_force": 1, "collision_severity": 3, "number_of_vehicles": 1, "number_of_casualties": 1, "date": "26/03/2022", "day_of_week": 7, "time": "21:00:00", "local_authority_district": -1, "local_authority_ons_district": "E09000028", "local_authority_highway": "E09000028", "local_authority_highway_current": "E09000028", "first_road_class": 3, "first_road_number": 2198, "road_type": 6, "speed_limit": 20, "junction_detail_historic": 3, "junction_detail": 13, "junction_control": 4, "second_road_class": 3, "second_road_number": 2205, "pedestrian_crossing_human_control_historic": 0, "pedestrian_crossing_physical_facilities_historic": 1, "pedestrian_crossing": 13, "light_conditions": 1, "weather_conditions": 1, "road_surface_conditions": 1, "special_conditions_at_site": 0, "carriageway_hazards_historic": 0, "carriageway_hazards": 0, "urban_or_rural_area": 1, "did_police_officer_attend_scene_of_accident": 1, "trunk_road_flag": 2, "lsoa_of_accident_location": "E01003941", "enhanced_severity_collision": -1, "collision_injury_based": 0, "collision_adjusted_severity_serious": 0.0, "collision_adjusted_severity_slight": 1.0, "source": "STATS19", "source_year": "2022", "source_record_id": "CRASH_95606", "matched_u": 85, "matched_v": 95, "match_distance": 14.901149476878347 }, "geometry": { "type": "Point", "coordinates": [ -0.08155, 51.497877 ] } },
{ "type": "Feature", "properties": { "collision_index": "2022010363013", "collision_year": 2022, "collision_ref_no": "010363013", "location_easting_osgr": 530424.0, "location_northing_osgr": 180334.0, "longitude": -0.122125, "latitude": 51.506896, "police_force": 1, "collision_severity": 2, "number_of_vehicles": 1, "number_of_casualties": 1, "date": "01/03/2022", "day_of_week": 3, "time": "16:30:00", "local_authority_district": -1, "local_authority_ons_district": "E09000033", "local_authority_highway": "E09000033", "local_authority_highway_current": "E09000033", "first_road_class": 3, "first_road_number": 3211, "road_type": 3, "speed_limit": 20, "junction_detail_historic": 0, "junction_detail": 0, "junction_control": -1, "second_road_class": 0, "second_road_number": -1, "pedestrian_crossing_human_control_historic": 0, "pedestrian_crossing_physical_facilities_historic": 5, "pedestrian_crossing": 15, "light_conditions": 4, "weather_conditions": 8, "road_surface_conditions": 2, "special_conditions_at_site": 0, "carriageway_hazards_historic": 0, "carriageway_hazards": 0, "urban_or_rural_area": 2, "did_police_officer_attend_scene_of_accident": 1, "trunk_road_flag": 2, "lsoa_of_accident_location": "E01004733", "enhanced_severity_collision": -1, "collision_injury_based": 0, "collision_adjusted_severity_serious": 1.0, "collision_adjusted_severity_slight": 0.0, "source": "STATS19", "source_year": "2022", "source_record_id": "CRASH_95617", "matched_u": 37, "matched_v": 47, "match_distance": 41.671791939064853 }, "geometry": { "type": "Point", "coordinates": [ -0.122125, 51.506896 ] } },
{ "type": "Feature", "properties": { "collision_index": "2022010407705", "collision_year": 2022, "collision_ref_no": "010407705", "location_easting_osgr": 531462.0, "location_northing_osgr": 177399.0, "longitude": -0.10827, "latitude": 51.480281, "police_force": 1, "collision_severity": 3, "number_of_vehicles": 2, "number_of_casualties": 1, "date": "31/10/2022", "day_of_week": 2, "time": "21:05:00", "local_authority_district": -1, "local_authority_ons_district": "E09000022", "local_authority_highway": "E09000022", "local_authority_highway_current": "E09000022", "first_road_class": 3, "first_road_number": 202, "road_type": 7, "speed_limit": 20, "junction_detail_historic": 6, "junction_detail": 16, "junction_control": 2, "second_road_class": 5, "second_road_number": 0, "pedestrian_crossing_human_control_historic": 0, "pedestrian_crossing_physical_facilities_historic": 5, "pedestrian_crossing": 15, "light_conditions": 4, "weather_conditions": 2, "road_surface_conditions": 2, "special_conditions_at_site": 9, "carriageway_hazards_historic": 0, "carriageway_hazards": 0, "urban_or_rural_area": 1, "did_police_officer_attend_scene_of_accident": 3, "trunk_road_flag": 2, "lsoa_of_accident_location": "E01003993", "enhanced_severity_collision": -1, "collision_injury_based": 0, "collision_adjusted_severity_serious": 0.0, "collision_adjusted_severity_slight": 1.0, "source": "STATS19", "source_year": "2022", "source_record_id": "CRASH_96417", "matched_u": 51, "matched_v": 61, "match_distance": 40.396260782144957 }, "geometry": { "type": "Point", "coordinates": [ -0.10827, 51.480281 ] } },
{ "type": "Feature", "properties": { "collision_index": "2022010372478", "collision_year": 2022, "collision_ref_no": "010372478", "location_easting_osgr": 531329.0, "location_northing_osgr": 177875.0, "longitude": -0.110007, "latitude": 51.484589, "police_force": 1, "collision_severity": 2, "number_of_vehicles": 2, "number_of_casualties": 2, "date": "24/04/2022", "day_of_week": 1, "time": "00:30:00", "local_authority_district": -1, "local_authority_ons_district": "E09000022", "local_authority_highway": "E09000022", "local_authority_highway_current": "E09000022", "first_road_class": 3, "first_road_number": 3, "road_type": 3, "speed_limit": 30, "junction_detail_historic": 3, "junction_detail": 13, "junction_control": 2, "second_road_class": 3, "second_road_number": 23, "pedestrian_crossing_human_control_historic": 0, "pedestrian_crossing_physical_facilities_historic": 0, "pedestrian_crossing": 0, "light_conditions": 4, "weather_conditions": 1, "road_surface_conditions": 1, "special_conditions_at_site": 0, "carriageway_hazards_historic": 0, "carriageway_hazards": 0, "urban_or_rural_area": 1, "did_police_officer_attend_scene_of_accident": 1, "trunk_road_flag": 2, "lsoa_of_accident_location": "E01003107", "enhanced_severity_collision": -1, "collision_injury_based": 0, "collision_adjusted_severity_serious": 1.0, "collision_adjusted_severity_slight": 0.0, "source": "STATS19", "source_year": "2022", "source_record_id": "CRASH_96834", "matched_u": 52, "matched_v": 62, "match_distance": 17.756990663707253 }, "geometry": { "type": "Point", "coordinates": [ -0.110007, 51.484589 ] } },
{ "type": "Feature", "properties": { "collision_index": "2022010391507", "collision_year": 2022, "collision_ref_no": "010391507", "location_easting_osgr": 528941.0, "location_northing_osgr": 180244.0, "longitude": -0.143514, "latitude": 51.506428, "police_force": 1, "collision_severity": 3, "number_of_vehicles": 2, "number_of_casualties": 1, "date": "01/08/2022", "day_of_week": 2, "time": "00:50:00", "local_authority_district": -1, "local_authority_ons_district": "E09000033", "local_authority_highway": "E09000033", "local_authority_highway_current": "E09000033", "first_road_class": 3, "first_road_number": 4, "road_type": 6, "speed_limit": 20, "junction_detail_historic": 3, "junction_detail": 13, "junction_control": 2, "second_road_class": 5, "second_road_number": 0, "pedestrian_crossing_human_control_historic": 0, "pedestrian_crossing_physical_facilities_historic": 8, "pedestrian_crossing": 17, "light_conditions": 4, "weather_conditions": 1, "road_surface_conditions": 1, "special_conditions_at_site": 0, "carriageway_hazards_historic": 0, "carriageway_hazards": 0, "urban_or_rural_area": 1, "did_police_officer_attend_scene_of_accident": 1, "trunk_road_flag": 2, "lsoa_of_accident_location": "E01004736", "enhanced_severity_collision": -1, "collision_injury_based": 0, "collision_adjusted_severity_serious": 0.0, "collision_adjusted_severity_slight": 1.0, "source": "STATS19", "source_year": "2022", "source_record_id": "CRASH_97341", "matched_u": 7, "matched_v": 17, "match_distance": 42.029273881576948 }, "geometry": { "type": "Point", "coordinates": [ -0.143514, 51.506428 ] } },
{ "type": "Feature", "properties": { "collision_index": "2022010388749", "collision_year": 2022, "collision_ref_no": "010388749", "location_easting_osgr": 530610.0, "location_northing_osgr": 181540.0, "longitude": -0.119, "latitude": 51.517691, "police_force": 1, "collision_severity": 3, "number_of_vehicles": 1, "number_of_casualties": 1, "date": "13/07/2022", "day_of_week": 4, "time": "09:35:00", "local_authority_district": -1, "local_authority_ons_district": "E09000007", "local_authority_highway": "E09000007", "local_authority_highway_current": "E09000007", "first_road_class": 3, "first_road_number": 40, "road_type": 6, "speed_limit": 20, "junction_detail_historic": 99, "junction_detail": -1, "junction_control": 9, "second_road_class": 3, "second_road_number": 40, "pedestrian_crossing_human_control_historic": 9, "pedestrian_crossing_physical_facilities_historic": 5, "pedestrian_crossing": 15, "light_conditions": 1, "weather_conditions": 1, "road_surface_conditions": 1, "special_conditions_at_site": 0, "carriageway_hazards_historic": 0, "carriageway_hazards": 0, "urban_or_rural_area": 1, "did_police_officer_attend_scene_of_accident": 3, "trunk_road_flag": 2, "lsoa_of_accident_location": "E01000914", "enhanced_severity_collision": -1, "collision_injury_based": 0, "collision_adjusted_severity_serious": 0.0, "collision_adjusted_severity_slight": 1.0, "source": "STATS19", "source_year": "2022", "source_record_id": "CRASH_97648", "matched_u": 49, "matched_v": 50, "match_distance": 18.503773136300879 }, "geometry": { "type": "Point", "coordinates": [ -0.119, 51.517691 ] } },
{ "type": "Feature", "properties": { "collision_index": "2022010352986", "collision_year": 2022, "collision_ref_no": "010352986", "location_easting_osgr": 530104.0, "location_northing_osgr": 180248.0, "longitude": -0.126765, "latitude": 51.506197, "police_force": 1, "collision_severity": 3, "number_of_vehicles": 2, "number_of_casualties": 1, "date": "04/01/2022", "day_of_week": 3, "time": "18:20:00", "local_authority_district": -1, "local_authority_ons_district": "E09000033", "local_authority_highway": "E09000033", "local_authority_highway_current": "E09000033", "first_road_class": 3, "first_road_number": 3212, "road_type": 3, "speed_limit": 20, "junction_detail_historic": 3, "junction_detail": 13, "junction_control": 2, "second_road_class": 6, "second_road_number": 0, "pedestrian_crossing_human_control_historic": 0, "pedestrian_crossing_physical_facilities_historic": 5, "pedestrian_crossing": 15, "light_conditions": 4, "weather_conditions": 1, "road_surface_conditions": 1, "special_conditions_at_site": 0, "carriageway_hazards_historic": 0, "carriageway_hazards": 0, "urban_or_rural_area": 1, "did_police_officer_attend_scene_of_accident": 1, "trunk_road_flag": 2, "lsoa_of_accident_location": "E01004736", "enhanced_severity_collision": -1, "collision_injury_based": 0, "collision_adjusted_severity_serious": 0.0, "collision_adjusted_severity_slight": 1.0, "source": "STATS19", "source_year": "2022", "source_record_id": "CRASH_97720", "matched_u": 36, "matched_v": 37, "match_distance": 18.441928974749317 }, "geometry": { "type": "Point", "coordinates": [ -0.126765, 51.506197 ] } },
{ "type": "Feature", "properties": { "collision_index": "2022010402555", "collision_year": 2022, "collision_ref_no": "010402555", "location_easting_osgr": 530401.0, "location_northing_osgr": 177824.0, "longitude": -0.123383, "latitude": 51.484345, "police_force": 1, "collision_severity": 3, "number_of_vehicles": 1, "number_of_casualties": 1, "date": "26/09/2022", "day_of_week": 2, "time": "15:30:00", "local_authority_district": -1, "local_authority_ons_district": "E09000022", "local_authority_highway": "E09000022", "local_authority_highway_current": "E09000022", "first_road_class": 3, "first_road_number": 203, "road_type": 9, "speed_limit": 20, "junction_detail_historic": 0, "junction_detail": 0, "junction_control": -1, "second_road_class": 0, "second_road_number": -1, "pedestrian_crossing_human_control_historic": 9, "pedestrian_crossing_physical_facilities_historic": 5, "pedestrian_crossing": 15, "light_conditions": 1, "weather_conditions": 1, "road_surface_conditions": 1, "special_conditions_at_site": 9, "carriageway_hazards_historic": 0, "carriageway_hazards": 0, "urban_or_rural_area": 1, "did_police_officer_attend_scene_of_accident": 3, "trunk_road_flag": 2, "lsoa_of_accident_location": "E01003102", "enhanced_severity_collision": -1, "collision_injury_based": 0, "collision_adjusted_severity_serious": 0.0, "collision_adjusted_severity_slight": 1.0, "source": "STATS19", "source_year": "2022", "source_record_id": "CRASH_98560", "matched_u": 32, "matched_v": 42, "match_distance": 25.860782988369461 }, "geometry": { "type": "Point", "coordinates": [ -0.123383, 51.484345 ] } },
{ "type": "Feature", "properties": { "collision_index": "2022010380342", "collision_year": 2022, "collision_ref_no": "010380342", "location_easting_osgr": 529111.0, "location_northing_osgr": 181249.0, "longitude": -0.140698, "latitude": 51.515421, "police_force": 1, "collision_severity": 3, "number_of_vehicles": 1, "number_of_casualties": 1, "date": "04/06/2022", "day_of_week": 7, "time": "20:50:00", "local_authority_district": -1, "local_authority_ons_district": "E09000033", "local_authority_highway": "E09000033", "local_authority_highway_current": "E09000033", "first_road_class": 3, "first_road_number": 40, "road_type": 3, "speed_limit": 20, "junction_detail_historic": 3, "junction_detail": 13, "junction_control": 2, "second_road_class": 3, "second_road_number": 4201, "pedestrian_crossing_human_control_historic": 0, "pedestrian_crossing_physical_facilities_historic": 5, "pedestrian_crossing": 15, "light_conditions": 1, "weather_conditions": 1, "road_surface_conditions": 1, "special_conditions_at_site": 0, "carriageway_hazards_historic": 0, "carriageway_hazards": 0, "urban_or_rural_area": 1, "did_police_officer_attend_scene_of_accident": 1, "trunk_road_flag": 2, "lsoa_of_accident_location": "E01033595", "enhanced_severity_collision": -1, "collision_injury_based": 0, "collision_adjusted_severity_serious": 0.0, "collision_adjusted_severity_slight": 1.0, "source": "STATS19", "source_year": "2022", "source_record_id": "CRASH_98998", "matched_u": 19, "matched_v": 29, "match_distance": 19.915645043365654 }, "geometry": { "type": "Point", "coordinates": [ -0.140698, 51.515421 ] } },
{ "type": "Feature", "properties": { "collision_index": "2022010408210", "collision_year": 2022, "collision_ref_no": "010408210", "location_easting_osgr": 529223.0, "location_northing_osgr": 180271.0, "longitude": -0.139443, "latitude": 51.506606, "police_force": 1, "collision_severity": 3, "number_of_vehicles": 2, "number_of_casualties": 2, "date": "03/11/2022", "day_of_week": 5, "time": "02:35:00", "local_authority_district": -1, "local_authority_ons_district": "E09000033", "local_authority_highway": "E09000033", "local_authority_highway_current": "E09000033", "first_road_class": 3, "first_road_number": 4, "road_type": 2, "speed_limit": 20, "junction_detail_historic": 3, "junction_detail": 13, "junction_control": 4, "second_road_class": 6, "second_road_number": 0, "pedestrian_crossing_human_control_historic": 9, "pedestrian_crossing_physical_facilities_historic": 5, "pedestrian_crossing": 15, "light_conditions": 1, "weather_conditions": 1, "road_surface_conditions": 2, "special_conditions_at_site": 1, "carriageway_hazards_historic": 0, "carriageway_hazards": 11, "urban_or_rural_area": 1, "did_police_officer_attend_scene_of_accident": 3, "trunk_road_flag": 2, "lsoa_of_accident_location": "E01004736", "enhanced_severity_collision": -1, "collision_injury_based": 0, "collision_adjusted_severity_serious": 0.0, "collision_adjusted_severity_slight": 1.0, "source": "STATS19", "source_year": "2022", "source_record_id": "CRASH_98999", "matched_u": 17, "matched_v": 27, "match_distance": 10.194354430772364 }, "geometry": { "type": "Point", "coordinates": [ -0.139443, 51.506606 ] } },
{ "type": "Feature", "properties": { "collision_index": "2022010404877", "collision_year": 2022, "collision_ref_no": "010404877", "location_easting_osgr": 531807.0, "location_northing_osgr": 179844.0, "longitude": -0.102392, "latitude": 51.502172, "police_force": 1, "collision_severity": 3, "number_of_vehicles": 2, "number_of_casualties": 2, "date": "16/10/2022", "day_of_week": 1, "time": "13:30:00", "local_authority_district": -1, "local_authority_ons_district": "E09000028", "local_authority_highway": "E09000028", "local_authority_highway_current": "E09000028", "first_road_class": 6, "first_road_number": 0, "road_type": 2, "speed_limit": 20, "junction_detail_historic": 3, "junction_detail": 13, "junction_control": 4, "second_road_class": 6, "second_road_number": 0, "pedestrian_crossing_human_control_historic": 0, "pedestrian_crossing_physical_facilities_historic": 0, "pedestrian_crossing": 0, "light_conditions": 1, "weather_conditions": 1, "road_surface_conditions": 1, "special_conditions_at_site": 0, "carriageway_hazards_historic": 0, "carriageway_hazards": 0, "urban_or_rural_area": 1, "did_police_officer_attend_scene_of_accident": 1, "trunk_road_flag": 2, "lsoa_of_accident_location": "E01032583", "enhanced_severity_collision": -1, "collision_injury_based": 0, "collision_adjusted_severity_serious": 0.0, "collision_adjusted_severity_slight": 1.0, "source": "STATS19", "source_year": "2022", "source_record_id": "CRASH_99380", "matched_u": 66, "matched_v": 76, "match_distance": 10.074141822755337 }, "geometry": { "type": "Point", "coordinates": [ -0.102392, 51.502172 ] } },
{ "type": "Feature", "properties": { "collision_index": "2022010374757", "collision_year": 2022, "collision_ref_no": "010374757", "location_easting_osgr": 530337.0, "location_northing_osgr": 180302.0, "longitude": -0.12339, "latitude": 51.506629, "police_force": 1, "collision_severity": 3, "number_of_vehicles": 2, "number_of_casualties": 1, "date": "05/05/2022", "day_of_week": 5, "time": "14:10:00", "local_authority_district": -1, "local_authority_ons_district": "E09000033", "local_authority_highway": "E09000033", "local_authority_highway_current": "E09000033", "first_road_class": 4, "first_road_number": 308, "road_type": 9, "speed_limit": 20, "junction_detail_historic": 99, "junction_detail": -1, "junction_control": 9, "second_road_class": 4, "second_road_number": 308, "pedestrian_crossing_human_control_historic": 9, "pedestrian_crossing_physical_facilities_historic": 9, "pedestrian_crossing": 99, "light_conditions": 1, "weather_conditions": 8, "road_surface_conditions": 1, "special_conditions_at_site": 9, "carriageway_hazards_historic": 9, "carriageway_hazards": 99, "urban_or_rural_area": 1, "did_police_officer_attend_scene_of_accident": 3, "trunk_road_flag": 2, "lsoa_of_accident_location": "E01004736", "enhanced_severity_collision": -1, "collision_injury_based": 0, "collision_adjusted_severity_serious": 0.0, "collision_adjusted_severity_slight": 1.0, "source": "STATS19", "source_year": "2022", "source_record_id": "CRASH_99394", "matched_u": 37, "matched_v": 47, "match_distance": 6.0808445308357468 }, "geometry": { "type": "Point", "coordinates": [ -0.12339, 51.506629 ] } },
{ "type": "Feature", "properties": { "collision_index": "2022010413040", "collision_year": 2022, "collision_ref_no": "010413040", "location_easting_osgr": 529244.0, "location_northing_osgr": 178805.0, "longitude": -0.139677, "latitude": 51.493427, "police_force": 1, "collision_severity": 3, "number_of_vehicles": 2, "number_of_casualties": 1, "date": "27/11/2022", "day_of_week": 1, "time": "12:22:00", "local_authority_district": -1, "local_authority_ons_district": "E09000033", "local_authority_highway": "E09000033", "local_authority_highway_current": "E09000033", "first_road_class": 3, "first_road_number": 202, "road_type": 3, "speed_limit": 20, "junction_detail_historic": 3, "junction_detail": 13, "junction_control": 4, "second_road_class": 6, "second_road_number": 0, "pedestrian_crossing_human_control_historic": 0, "pedestrian_crossing_physical_facilities_historic": 0, "pedestrian_crossing": 0, "light_conditions": 1, "weather_conditions": 2, "road_surface_conditions": 2, "special_conditions_at_site": 0, "carriageway_hazards_historic": 6, "carriageway_hazards": 19, "urban_or_rural_area": 1, "did_police_officer_attend_scene_of_accident": 1, "trunk_road_flag": 2, "lsoa_of_accident_location": "E01004749", "enhanced_severity_collision": -1, "collision_injury_based": 0, "collision_adjusted_severity_serious": 0.0, "collision_adjusted_severity_slight": 1.0, "source": "STATS19", "source_year": "2022", "source_record_id": "CRASH_100599", "matched_u": 14, "matched_v": 24, "match_distance": 12.158153012394905 }, "geometry": { "type": "Point", "coordinates": [ -0.139677, 51.493427 ] } },
{ "type": "Feature", "properties": { "collision_index": "2022010418163", "collision_year": 2022, "collision_ref_no": "010418163", "location_easting_osgr": 529021.0, "location_northing_osgr": 180313.0, "longitude": -0.142337, "latitude": 51.50703, "police_force": 1, "collision_severity": 3, "number_of_vehicles": 2, "number_of_casualties": 1, "date": "24/12/2022", "day_of_week": 7, "time": "07:35:00", "local_authority_district": -1, "local_authority_ons_district": "E09000033", "local_authority_highway": "E09000033", "local_authority_highway_current": "E09000033", "first_road_class": 3, "first_road_number": 4, "road_type": 3, "speed_limit": 20, "junction_detail_historic": 3, "junction_detail": 13, "junction_control": 2, "second_road_class": 5, "second_road_number": 0, "pedestrian_crossing_human_control_historic": 0, "pedestrian_crossing_physical_facilities_historic": 4, "pedestrian_crossing": 14, "light_conditions": 1, "weather_conditions": 1, "road_surface_conditions": 1, "special_conditions_at_site": 0, "carriageway_hazards_historic": 0, "carriageway_hazards": 0, "urban_or_rural_area": 1, "did_police_officer_attend_scene_of_accident": 1, "trunk_road_flag": 2, "lsoa_of_accident_location": "E01004736", "enhanced_severity_collision": -1, "collision_injury_based": 0, "collision_adjusted_severity_serious": 0.0, "collision_adjusted_severity_slight": 1.0, "source": "STATS19", "source_year": "2022", "source_record_id": "CRASH_101013", "matched_u": 17, "matched_v": 18, "match_distance": 22.993659264962844 }, "geometry": { "type": "Point", "coordinates": [ -0.142337, 51.50703 ] } },
{ "type": "Feature", "properties": { "collision_index": "2022480413621", "collision_year": 2022, "collision_ref_no": "480413621", "location_easting_osgr": 531424.0, "location_northing_osgr": 180819.0, "longitude": -0.107544, "latitude": 51.511023, "police_force": 48, "collision_severity": 2, "number_of_vehicles": 2, "number_of_casualties": 1, "date": "09/11/2022", "day_of_week": 4, "time": "19:30:00", "local_authority_district": -1, "local_authority_ons_district": "E09000001", "local_authority_highway": "E09000001", "local_authority_highway_current": "E09000001", "first_road_class": 3, "first_road_number": 3211, "road_type": 9, "speed_limit": 30, "junction_detail_historic": 0, "junction_detail": 0, "junction_control": -1, "second_road_class": 0, "second_road_number": -1, "pedestrian_crossing_human_control_historic": 0, "pedestrian_crossing_physical_facilities_historic": 0, "pedestrian_crossing": 0, "light_conditions": 7, "weather_conditions": 1, "road_surface_conditions": 1, "special_conditions_at_site": 0, "carriageway_hazards_historic": 0, "carriageway_hazards": 0, "urban_or_rural_area": 1, "did_police_officer_attend_scene_of_accident": 3, "trunk_road_flag": 2, "lsoa_of_accident_location": "E01032740", "enhanced_severity_collision": -1, "collision_injury_based": 0, "collision_adjusted_severity_serious": 1.0, "collision_adjusted_severity_slight": 0.0, "source": "STATS19", "source_year": "2022", "source_record_id": "CRASH_101373", "matched_u": 58, "matched_v": 68, "match_distance": 13.355305431410669 }, "geometry": { "type": "Point", "coordinates": [ -0.107544, 51.511023 ] } },
{ "type": "Feature", "properties": { "collision_index": "2022010360442", "collision_year": 2022, "collision_ref_no": "010360442", "location_easting_osgr": 529594.0, "location_northing_osgr": 180755.0, "longitude": -0.133923, "latitude": 51.510871, "police_force": 1, "collision_severity": 3, "number_of_vehicles": 1, "number_of_casualties": 1, "date": "14/02/2022", "day_of_week": 2, "time": "22:15:00", "local_authority_district": -1, "local_authority_ons_district": "E09000033", "local_authority_highway": "E09000033", "local_authority_highway_current": "E09000033", "first_road_class": 3, "first_road_number": 401, "road_type": 2, "speed_limit": 20, "junction_detail_historic": 3, "junction_detail": 13, "junction_control": 2, "second_road_class": 6, "second_road_number": 0, "pedestrian_crossing_human_control_historic": 2, "pedestrian_crossing_physical_facilities_historic": 5, "pedestrian_crossing": 12, "light_conditions": 4, "weather_conditions": 8, "road_surface_conditions": 2, "special_conditions_at_site": 0, "carriageway_hazards_historic": 2, "carriageway_hazards": 17, "urban_or_rural_area": 1, "did_police_officer_attend_scene_of_accident": 1, "trunk_road_flag": 2, "lsoa_of_accident_location": "E01004763", "enhanced_severity_collision": -1, "collision_injury_based": 0, "collision_adjusted_severity_serious": 0.0, "collision_adjusted_severity_slight": 1.0, "source": "STATS19", "source_year": "2022", "source_record_id": "CRASH_101462", "matched_u": 28, "matched_v": 38, "match_distance": 40.542823853902519 }, "geometry": { "type": "Point", "coordinates": [ -0.133923, 51.510871 ] } },
{ "type": "Feature", "properties": { "collision_index": "2022010395082", "collision_year": 2022, "collision_ref_no": "010395082", "location_easting_osgr": 530317.0, "location_northing_osgr": 179826.0, "longitude": -0.123853, "latitude": 51.502356, "police_force": 1, "collision_severity": 3, "number_of_vehicles": 1, "number_of_casualties": 1, "date": "18/08/2022", "day_of_week": 5, "time": "16:30:00", "local_authority_district": -1, "local_authority_ons_district": "E09000033", "local_authority_highway": "E09000033", "local_authority_highway_current": "E09000033", "first_road_class": 3, "first_road_number": 3211, "road_type": 3, "speed_limit": 20, "junction_detail_historic": 0, "junction_detail": 0, "junction_control": -1, "second_road_class": 0, "second_road_number": -1, "pedestrian_crossing_human_control_historic": 0, "pedestrian_crossing_physical_facilities_historic": 0, "pedestrian_crossing": 0, "light_conditions": 1, "weather_conditions": 1, "road_surface_conditions": 1, "special_conditions_at_site": 0, "carriageway_hazards_historic": 0, "carriageway_hazards": 0, "urban_or_rural_area": 1, "did_police_officer_attend_scene_of_accident": 1, "trunk_road_flag": 2, "lsoa_of_accident_location": "E01004733", "enhanced_severity_collision": -1, "collision_injury_based": 0, "collision_adjusted_severity_serious": 0.0, "collision_adjusted_severity_slight": 1.0, "source": "STATS19", "source_year": "2022", "source_record_id": "CRASH_101465", "matched_u": 36, "matched_v": 46, "match_distance": 22.830793537199494 }, "geometry": { "type": "Point", "coordinates": [ -0.123853, 51.502356 ] } },
{ "type": "Feature", "properties": { "collision_index": "2022010404202", "collision_year": 2022, "collision_ref_no": "010404202", "location_easting_osgr": 529002.0, "location_northing_osgr": 180297.0, "longitude": -0.142616, "latitude": 51.50689, "police_force": 1, "collision_severity": 3, "number_of_vehicles": 1, "number_of_casualties": 2, "date": "12/10/2022", "day_of_week": 4, "time": "13:40:00", "local_authority_district": -1, "local_authority_ons_district": "E09000033", "local_authority_highway": "E09000033", "local_authority_highway_current": "E09000033", "first_road_class": 3, "first_road_number": 4, "road_type": 6, "speed_limit": 20, "junction_detail_historic": 3, "junction_detail": 13, "junction_control": 4, "second_road_class": 5, "second_road_number": 0, "pedestrian_crossing_human_control_historic": 0, "pedestrian_crossing_physical_facilities_historic": 5, "pedestrian_crossing": 15, "light_conditions": 1, "weather_conditions": 1, "road_surface_conditions": 1, "special_conditions_at_site": 0, "carriageway_hazards_historic": 0, "carriageway_hazards": 0, "urban_or_rural_area": 1, "did_police_officer_attend_scene_of_accident": 1, "trunk_road_flag": 2, "lsoa_of_accident_location": "E01004736", "enhanced_severity_collision": -1, "collision_injury_based": 0, "collision_adjusted_severity_serious": 0.0, "collision_adjusted_severity_slight": 1.0, "source": "STATS19", "source_year": "2022", "source_record_id": "CRASH_101883", "matched_u": 7, "matched_v": 17, "match_distance": 40.598695913329713 }, "geometry": { "type": "Point", "coordinates": [ -0.142616, 51.50689 ] } },
{ "type": "Feature", "properties": { "collision_index": "2022010355292", "collision_year": 2022, "collision_ref_no": "010355292", "location_easting_osgr": 532357.0, "location_northing_osgr": 178177.0, "longitude": -0.095097, "latitude": 51.487064, "police_force": 1, "collision_severity": 3, "number_of_vehicles": 1, "number_of_casualties": 1, "date": "16/01/2022", "day_of_week": 1, "time": "15:00:00", "local_authority_district": -1, "local_authority_ons_district": "E09000028", "local_authority_highway": "E09000028", "local_authority_highway_current": "E09000028", "first_road_class": 3, "first_road_number": 215, "road_type": 6, "speed_limit": 20, "junction_detail_historic": 3, "junction_detail": 13, "junction_control": 4, "second_road_class": 6, "second_road_number": 0, "pedestrian_crossing_human_control_historic": 0, "pedestrian_crossing_physical_facilities_historic": 5, "pedestrian_crossing": 15, "light_conditions": 1, "weather_conditions": 1, "road_surface_conditions": 1, "special_conditions_at_site": 0, "carriageway_hazards_historic": 0, "carriageway_hazards": 0, "urban_or_rural_area": 1, "did_police_officer_attend_scene_of_accident": 1, "trunk_road_flag": 2, "lsoa_of_accident_location": "E01003973", "enhanced_severity_collision": -1, "collision_injury_based": 0, "collision_adjusted_severity_serious": 0.0, "collision_adjusted_severity_slight": 1.0, "source": "STATS19", "source_year": "2022", "source_record_id": "CRASH_102456", "matched_u": 72, "matched_v": 73, "match_distance": 48.992944781348342 }, "geometry": { "type": "Point", "coordinates": [ -0.095097, 51.487064 ] } },
{ "type": "Feature", "properties": { "collision_index": "2022481268332", "collision_year": 2022, "collision_ref_no": "481268332", "location_easting_osgr": 531605.0, "location_northing_osgr": 181340.0, "longitude": -0.104743, "latitude": 51.515663, "police_force": 48, "collision_severity": 3, "number_of_vehicles": 2, "number_of_casualties": 1, "date": "25/08/2022", "day_of_week": 5, "time": "15:35:00", "local_authority_district": -1, "local_authority_ons_district": "E09000001", "local_authority_highway": "E09000001", "local_authority_highway_current": "E09000001", "first_road_class": 3, "first_road_number": 201, "road_type": 6, "speed_limit": 20, "junction_detail_historic": 0, "junction_detail": 0, "junction_control": -1, "second_road_class": 0, "second_road_number": -1, "pedestrian_crossing_human_control_historic": 0, "pedestrian_crossing_physical_facilities_historic": 4, "pedestrian_crossing": 14, "light_conditions": 1, "weather_conditions": 1, "road_surface_conditions": 1, "special_conditions_at_site": 0, "carriageway_hazards_historic": 0, "carriageway_hazards": 0, "urban_or_rural_area": 1, "did_police_officer_attend_scene_of_accident": 1, "trunk_road_flag": 2, "lsoa_of_accident_location": "E01032740", "enhanced_severity_collision": 3, "collision_injury_based": 1, "collision_adjusted_severity_serious": 0.0, "collision_adjusted_severity_slight": 1.0, "source": "STATS19", "source_year": "2022", "source_record_id": "CRASH_102692", "matched_u": 59, "matched_v": 69, "match_distance": 23.374112564139065 }, "geometry": { "type": "Point", "coordinates": [ -0.104743, 51.515663 ] } },
{ "type": "Feature", "properties": { "collision_index": "2022010395855", "collision_year": 2022, "collision_ref_no": "010395855", "location_easting_osgr": 529975.0, "location_northing_osgr": 180818.0, "longitude": -0.128413, "latitude": 51.511349, "police_force": 1, "collision_severity": 2, "number_of_vehicles": 1, "number_of_casualties": 1, "date": "25/08/2022", "day_of_week": 5, "time": "18:55:00", "local_authority_district": -1, "local_authority_ons_district": "E09000033", "local_authority_highway": "E09000033", "local_authority_highway_current": "E09000033", "first_road_class": 3, "first_road_number": 400, "road_type": 6, "speed_limit": 20, "junction_detail_historic": 6, "junction_detail": 16, "junction_control": 2, "second_road_class": 4, "second_road_number": 402, "pedestrian_crossing_human_control_historic": 2, "pedestrian_crossing_physical_facilities_historic": 4, "pedestrian_crossing": 12, "light_conditions": 1, "weather_conditions": 1, "road_surface_conditions": 1, "special_conditions_at_site": 0, "carriageway_hazards_historic": 0, "carriageway_hazards": 0, "urban_or_rural_area": 1, "did_police_officer_attend_scene_of_accident": 1, "trunk_road_flag": 2, "lsoa_of_accident_location": "E01004734", "enhanced_severity_collision": -1, "collision_injury_based": 0, "collision_adjusted_severity_serious": 1.0, "collision_adjusted_severity_slight": 0.0, "source": "STATS19", "source_year": "2022", "source_record_id": "CRASH_102782", "matched_u": 28, "matched_v": 38, "match_distance": 44.95507287979126 }, "geometry": { "type": "Point", "coordinates": [ -0.128413, 51.511349 ] } },
{ "type": "Feature", "properties": { "collision_index": "2022010410240", "collision_year": 2022, "collision_ref_no": "010410240", "location_easting_osgr": 529974.0, "location_northing_osgr": 180777.0, "longitude": -0.128442, "latitude": 51.510981, "police_force": 1, "collision_severity": 2, "number_of_vehicles": 1, "number_of_casualties": 1, "date": "12/11/2022", "day_of_week": 7, "time": "21:10:00", "local_authority_district": -1, "local_authority_ons_district": "E09000033", "local_authority_highway": "E09000033", "local_authority_highway_current": "E09000033", "first_road_class": 3, "first_road_number": 400, "road_type": 6, "speed_limit": 30, "junction_detail_historic": 0, "junction_detail": 0, "junction_control": -1, "second_road_class": 0, "second_road_number": -1, "pedestrian_crossing_human_control_historic": 9, "pedestrian_crossing_physical_facilities_historic": 9, "pedestrian_crossing": 99, "light_conditions": 4, "weather_conditions": 1, "road_surface_conditions": 1, "special_conditions_at_site": 0, "carriageway_hazards_historic": 0, "carriageway_hazards": 0, "urban_or_rural_area": 1, "did_police_officer_attend_scene_of_accident": 3, "trunk_road_flag": 2, "lsoa_of_accident_location": "E01004734", "enhanced_severity_collision": -1, "collision_injury_based": 0, "collision_adjusted_severity_serious": 1.0, "collision_adjusted_severity_slight": 0.0, "source": "STATS19", "source_year": "2022", "source_record_id": "CRASH_102784", "matched_u": 28, "matched_v": 38, "match_distance": 20.867655117064711 }, "geometry": { "type": "Point", "coordinates": [ -0.128442, 51.510981 ] } },
{ "type": "Feature", "properties": { "collision_index": "2022010387882", "collision_year": 2022, "collision_ref_no": "010387882", "location_easting_osgr": 529379.0, "location_northing_osgr": 181297.0, "longitude": -0.136821, "latitude": 51.515791, "police_force": 1, "collision_severity": 3, "number_of_vehicles": 2, "number_of_casualties": 1, "date": "12/07/2022", "day_of_week": 3, "time": "07:44:00", "local_authority_district": -1, "local_authority_ons_district": "E09000033", "local_authority_highway": "E09000033", "local_authority_highway_current": "E09000033", "first_road_class": 3, "first_road_number": 40, "road_type": 6, "speed_limit": 20, "junction_detail_historic": 6, "junction_detail": 16, "junction_control": 2, "second_road_class": 5, "second_road_number": 0, "pedestrian_crossing_human_control_historic": 0, "pedestrian_crossing_physical_facilities_historic": 5, "pedestrian_crossing": 15, "light_conditions": 1, "weather_conditions": 1, "road_surface_conditions": 1, "special_conditions_at_site": 0, "carriageway_hazards_historic": 0, "carriageway_hazards": 0, "urban_or_rural_area": 1, "did_police_officer_attend_scene_of_accident": 1, "trunk_road_flag": 2, "lsoa_of_accident_location": "E01004763", "enhanced_severity_collision": -1, "collision_injury_based": 0, "collision_adjusted_severity_serious": 0.0, "collision_adjusted_severity_slight": 1.0, "source": "STATS19", "source_year": "2022", "source_record_id": "CRASH_103214", "matched_u": 19, "matched_v": 29, "match_distance": 46.271267435513437 }, "geometry": { "type": "Point", "coordinates": [ -0.136821, 51.515791 ] } },
{ "type": "Feature", "properties": { "collision_index": "2022010374067", "collision_year": 2022, "collision_ref_no": "010374067", "location_easting_osgr": 531201.0, "location_northing_osgr": 179206.0, "longitude": -0.111355, "latitude": 51.49658, "police_force": 1, "collision_severity": 1, "number_of_vehicles": 2, "number_of_casualties": 1, "date": "02/05/2022", "day_of_week": 2, "time": "22:06:00", "local_authority_district": -1, "local_authority_ons_district": "E09000022", "local_authority_highway": "E09000022", "local_authority_highway_current": "E09000022", "first_road_class": 3, "first_road_number": 3203, "road_type": 6, "speed_limit": 30, "junction_detail_historic": 6, "junction_detail": 16, "junction_control": 2, "second_road_class": 3, "second_road_number": 23, "pedestrian_crossing_human_control_historic": 0, "pedestrian_crossing_physical_facilities_historic": 5, "pedestrian_crossing": 15, "light_conditions": 4, "weather_conditions": 1, "road_surface_conditions": 1, "special_conditions_at_site": 0, "carriageway_hazards_historic": 0, "carriageway_hazards": 0, "urban_or_rural_area": 1, "did_police_officer_attend_scene_of_accident": 1, "trunk_road_flag": 2, "lsoa_of_accident_location": "E01003014", "enhanced_severity_collision": -1, "collision_injury_based": 0, "collision_adjusted_severity_serious": 0.0, "collision_adjusted_severity_slight": 0.0, "source": "STATS19", "source_year": "2022", "source_record_id": "CRASH_103601", "matched_u": 54, "matched_v": 55, "match_distance": 31.923956193048074 }, "geometry": { "type": "Point", "coordinates": [ -0.111355, 51.49658 ] } },
{ "type": "Feature", "properties": { "collision_index": "2022010396151", "collision_year": 2022, "collision_ref_no": "010396151", "location_easting_osgr": 531769.0, "location_northing_osgr": 179122.0, "longitude": -0.103209, "latitude": 51.495693, "police_force": 1, "collision_severity": 2, "number_of_vehicles": 2, "number_of_casualties": 1, "date": "26/08/2022", "day_of_week": 6, "time": "19:13:00", "local_authority_district": -1, "local_authority_ons_district": "E09000028", "local_authority_highway": "E09000028", "local_authority_highway_current": "E09000028", "first_road_class": 3, "first_road_number": 302, "road_type": 2, "speed_limit": 20, "junction_detail_historic": 3, "junction_detail": 13, "junction_control": 4, "second_road_class": 6, "second_road_number": 0, "pedestrian_crossing_human_control_historic": 0, "pedestrian_crossing_physical_facilities_historic": 5, "pedestrian_crossing": 15, "light_conditions": 1, "weather_conditions": 1, "road_surface_conditions": 1, "special_conditions_at_site": 0, "carriageway_hazards_historic": 0, "carriageway_hazards": 0, "urban_or_rural_area": 1, "did_police_officer_attend_scene_of_accident": 3, "trunk_road_flag": 2, "lsoa_of_accident_location": "E01003932", "enhanced_severity_collision": -1, "collision_injury_based": 0, "collision_adjusted_severity_serious": 1.0, "collision_adjusted_severity_slight": 0.0, "source": "STATS19", "source_year": "2022", "source_record_id": "CRASH_103614", "matched_u": 64, "matched_v": 65, "match_distance": 10.426925637635577 }, "geometry": { "type": "Point", "coordinates": [ -0.103209, 51.495693 ] } },
{ "type": "Feature", "properties": { "collision_index": "2022010382951", "collision_year": 2022, "collision_ref_no": "010382951", "location_easting_osgr": 531747.0, "location_northing_osgr": 179331.0, "longitude": -0.103447, "latitude": 51.497576, "police_force": 1, "collision_severity": 2, "number_of_vehicles": 1, "number_of_casualties": 1, "date": "17/06/2022", "day_of_week": 6, "time": "15:32:00", "local_authority_district": -1, "local_authority_ons_district": "E09000028", "local_authority_highway": "E09000028", "local_authority_highway_current": "E09000028", "first_road_class": 3, "first_road_number": 201, "road_type": 6, "speed_limit": 30, "junction_detail_historic": 7, "junction_detail": 17, "junction_control": 2, "second_road_class": 5, "second_road_number": 0, "pedestrian_crossing_human_control_historic": 0, "pedestrian_crossing_physical_facilities_historic": 5, "pedestrian_crossing": 15, "light_conditions": 1, "weather_conditions": 1, "road_surface_conditions": 1, "special_conditions_at_site": 0, "carriageway_hazards_historic": 0, "carriageway_hazards": 0, "urban_or_rural_area": 1, "did_police_officer_attend_scene_of_accident": 1, "trunk_road_flag": 2, "lsoa_of_accident_location": "E01003932", "enhanced_severity_collision": -1, "collision_injury_based": 0, "collision_adjusted_severity_serious": 1.0, "collision_adjusted_severity_slight": 0.0, "source": "STATS19", "source_year": "2022", "source_record_id": "CRASH_104030", "matched_u": 64, "matched_v": 65, "match_distance": 16.067113171162418 }, "geometry": { "type": "Point", "coordinates": [ -0.103447, 51.497576 ] } },
{ "type": "Feature", "properties": { "collision_index": "2022010382383", "collision_year": 2022, "collision_ref_no": "010382383", "location_easting_osgr": 529975.0, "location_northing_osgr": 180815.0, "longitude": -0.128414, "latitude": 51.511322, "police_force": 1, "collision_severity": 3, "number_of_vehicles": 1, "number_of_casualties": 1, "date": "15/06/2022", "day_of_week": 4, "time": "09:05:00", "local_authority_district": -1, "local_authority_ons_district": "E09000033", "local_authority_highway": "E09000033", "local_authority_highway_current": "E09000033", "first_road_class": 3, "first_road_number": 400, "road_type": 6, "speed_limit": 20, "junction_detail_historic": 6, "junction_detail": 16, "junction_control": 2, "second_road_class": 3, "second_road_number": 4201, "pedestrian_crossing_human_control_historic": 0, "pedestrian_crossing_physical_facilities_historic": 5, "pedestrian_crossing": 15, "light_conditions": 1, "weather_conditions": 1, "road_surface_conditions": 1, "special_conditions_at_site": 0, "carriageway_hazards_historic": 0, "carriageway_hazards": 0, "urban_or_rural_area": 1, "did_police_officer_attend_scene_of_accident": 1, "trunk_road_flag": 2, "lsoa_of_accident_location": "E01004734", "enhanced_severity_collision": -1, "collision_injury_based": 0, "collision_adjusted_severity_serious": 0.0, "collision_adjusted_severity_slight": 1.0, "source": "STATS19", "source_year": "2022", "source_record_id": "CRASH_104046", "matched_u": 28, "matched_v": 38, "match_distance": 40.125669870525599 }, "geometry": { "type": "Point", "coordinates": [ -0.128414, 51.511322 ] } },
{ "type": "Feature", "properties": { "collision_index": "2022010388233", "collision_year": 2022, "collision_ref_no": "010388233", "location_easting_osgr": 529554.0, "location_northing_osgr": 181334.0, "longitude": -0.134286, "latitude": 51.516083, "police_force": 1, "collision_severity": 2, "number_of_vehicles": 2, "number_of_casualties": 1, "date": "13/07/2022", "day_of_week": 4, "time": "18:00:00", "local_authority_district": -1, "local_authority_ons_district": "E09000033", "local_authority_highway": "E09000033", "local_authority_highway_current": "E09000033", "first_road_class": 3, "first_road_number": 40, "road_type": 3, "speed_limit": 20, "junction_detail_historic": 3, "junction_detail": 13, "junction_control": 2, "second_road_class": 5, "second_road_number": 0, "pedestrian_crossing_human_control_historic": 0, "pedestrian_crossing_physical_facilities_historic": 4, "pedestrian_crossing": 14, "light_conditions": 1, "weather_conditions": 1, "road_surface_conditions": 1, "special_conditions_at_site": 0, "carriageway_hazards_historic": 0, "carriageway_hazards": 0, "urban_or_rural_area": 1, "did_police_officer_attend_scene_of_accident": 1, "trunk_road_flag": 2, "lsoa_of_accident_location": "E01004763", "enhanced_severity_collision": -1, "collision_injury_based": 0, "collision_adjusted_severity_serious": 1.0, "collision_adjusted_severity_slight": 0.0, "source": "STATS19", "source_year": "2022", "source_record_id": "CRASH_104048", "matched_u": 29, "matched_v": 30, "match_distance": 8.7818709403618396 }, "geometry": { "type": "Point", "coordinates": [ -0.134286, 51.516083 ] } },
{ "type": "Feature", "properties": { "collision_index": "2022010399159", "collision_year": 2022, "collision_ref_no": "010399159", "location_easting_osgr": 530060.0, "location_northing_osgr": 181445.0, "longitude": -0.126957, "latitude": 51.516964, "police_force": 1, "collision_severity": 3, "number_of_vehicles": 2, "number_of_casualties": 1, "date": "13/09/2022", "day_of_week": 3, "time": "11:45:00", "local_authority_district": -1, "local_authority_ons_district": "E09000007", "local_authority_highway": "E09000007", "local_authority_highway_current": "E09000007", "first_road_class": 3, "first_road_number": 40, "road_type": 6, "speed_limit": 20, "junction_detail_historic": 6, "junction_detail": 16, "junction_control": 2, "second_road_class": 3, "second_road_number": 400, "pedestrian_crossing_human_control_historic": 0, "pedestrian_crossing_physical_facilities_historic": 5, "pedestrian_crossing": 15, "light_conditions": 1, "weather_conditions": 1, "road_surface_conditions": 1, "special_conditions_at_site": 0, "carriageway_hazards_historic": 0, "carriageway_hazards": 0, "urban_or_rural_area": 1, "did_police_officer_attend_scene_of_accident": 3, "trunk_road_flag": 2, "lsoa_of_accident_location": "E01000919", "enhanced_severity_collision": -1, "collision_injury_based": 0, "collision_adjusted_severity_serious": 0.0, "collision_adjusted_severity_slight": 1.0, "source": "STATS19", "source_year": "2022", "source_record_id": "CRASH_104411", "matched_u": 39, "matched_v": 40, "match_distance": 39.815271207058686 }, "geometry": { "type": "Point", "coordinates": [ -0.126957, 51.516964 ] } },
{ "type": "Feature", "properties": { "collision_index": "2022010398850", "collision_year": 2022, "collision_ref_no": "010398850", "location_easting_osgr": 530274.0, "location_northing_osgr": 177825.0, "longitude": -0.125211, "latitude": 51.484384, "police_force": 1, "collision_severity": 3, "number_of_vehicles": 2, "number_of_casualties": 1, "date": "06/09/2022", "day_of_week": 3, "time": "08:00:00", "local_authority_district": -1, "local_authority_ons_district": "E09000022", "local_authority_highway": "E09000022", "local_authority_highway_current": "E09000022", "first_road_class": 3, "first_road_number": 203, "road_type": 9, "speed_limit": 30, "junction_detail_historic": 99, "junction_detail": -1, "junction_control": 9, "second_road_class": 3, "second_road_number": 203, "pedestrian_crossing_human_control_historic": 9, "pedestrian_crossing_physical_facilities_historic": 9, "pedestrian_crossing": 99, "light_conditions": 1, "weather_conditions": 9, "road_surface_conditions": 9, "special_conditions_at_site": 9, "carriageway_hazards_historic": 9, "carriageway_hazards": 99, "urban_or_rural_area": 1, "did_police_officer_attend_scene_of_accident": 3, "trunk_road_flag": 2, "lsoa_of_accident_location": "E01033208", "enhanced_severity_collision": -1, "collision_injury_based": 0, "collision_adjusted_severity_serious": 0.0, "collision_adjusted_severity_slight": 1.0, "source": "STATS19", "source_year": "2022", "source_record_id": "CRASH_104455", "matched_u": 32, "matched_v": 42, "match_distance": 18.889105329290029 }, "geometry": { "type": "Point", "coordinates": [ -0.125211, 51.484384 ] } },
{ "type": "Feature", "properties": { "collision_index": "2022010369774", "collision_year": 2022, "collision_ref_no": "010369774", "location_easting_osgr": 530624.0, "location_northing_osgr": 180904.0, "longitude": -0.119034, "latitude": 51.511973, "police_force": 1, "collision_severity": 2, "number_of_vehicles": 1, "number_of_casualties": 1, "date": "08/04/2022", "day_of_week": 6, "time": "03:00:00", "local_authority_district": -1, "local_authority_ons_district": "E09000033", "local_authority_highway": "E09000033", "local_authority_highway_current": "E09000033", "first_road_class": 3, "first_road_number": 301, "road_type": 6, "speed_limit": 30, "junction_detail_historic": 3, "junction_detail": 13, "junction_control": 4, "second_road_class": 6, "second_road_number": 0, "pedestrian_crossing_human_control_historic": 0, "pedestrian_crossing_physical_facilities_historic": 4, "pedestrian_crossing": 14, "light_conditions": 4, "weather_conditions": 1, "road_surface_conditions": 1, "special_conditions_at_site": 4, "carriageway_hazards_historic": 0, "carriageway_hazards": 13, "urban_or_rural_area": 1, "did_police_officer_attend_scene_of_accident": 1, "trunk_road_flag": 2, "lsoa_of_accident_location": "E01004735", "enhanced_severity_collision": -1, "collision_injury_based": 0, "collision_adjusted_severity_serious": 1.0, "collision_adjusted_severity_slight": 0.0, "source": "STATS19", "source_year": "2022", "source_record_id": "CRASH_104489", "matched_u": 48, "matched_v": 49, "match_distance": 22.288635823273584 }, "geometry": { "type": "Point", "coordinates": [ -0.119034, 51.511973 ] } },
{ "type": "Feature", "properties": { "collision_index": "2022010382248", "collision_year": 2022, "collision_ref_no": "010382248", "location_easting_osgr": 530283.0, "location_northing_osgr": 180320.0, "longitude": -0.124161, "latitude": 51.506803, "police_force": 1, "collision_severity": 3, "number_of_vehicles": 1, "number_of_casualties": 1, "date": "14/06/2022", "day_of_week": 3, "time": "09:40:00", "local_authority_district": -1, "local_authority_ons_district": "E09000033", "local_authority_highway": "E09000033", "local_authority_highway_current": "E09000033", "first_road_class": 4, "first_road_number": 308, "road_type": 3, "speed_limit": 20, "junction_detail_historic": 3, "junction_detail": 13, "junction_control": 4, "second_road_class": 4, "second_road_number": 308, "pedestrian_crossing_human_control_historic": 0, "pedestrian_crossing_physical_facilities_historic": 8, "pedestrian_crossing": 17, "light_conditions": 1, "weather_conditions": 1, "road_surface_conditions": 1, "special_conditions_at_site": 0, "carriageway_hazards_historic": 0, "carriageway_hazards": 0, "urban_or_rural_area": 1, "did_police_officer_attend_scene_of_accident": 1, "trunk_road_flag": 2, "lsoa_of_accident_location": "E01004736", "enhanced_severity_collision": -1, "collision_injury_based": 0, "collision_adjusted_severity_serious": 0.0, "collision_adjusted_severity_slight": 1.0, "source": "STATS19", "source_year": "2022", "source_record_id": "CRASH_104492", "matched_u": 37, "matched_v": 47, "match_distance": 25.038819389417764 }, "geometry": { "type": "Point", "coordinates": [ -0.124161, 51.506803 ] } },
{ "type": "Feature", "properties": { "collision_index": "2022010388612", "collision_year": 2022, "collision_ref_no": "010388612", "location_easting_osgr": 528965.0, "location_northing_osgr": 180260.0, "longitude": -0.143163, "latitude": 51.506566, "police_force": 1, "collision_severity": 3, "number_of_vehicles": 1, "number_of_casualties": 1, "date": "15/07/2022", "day_of_week": 6, "time": "16:20:00", "local_authority_district": -1, "local_authority_ons_district": "E09000033", "local_authority_highway": "E09000033", "local_authority_highway_current": "E09000033", "first_road_class": 3, "first_road_number": 4, "road_type": 3, "speed_limit": 20, "junction_detail_historic": 0, "junction_detail": 0, "junction_control": -1, "second_road_class": 0, "second_road_number": -1, "pedestrian_crossing_human_control_historic": 0, "pedestrian_crossing_physical_facilities_historic": 5, "pedestrian_crossing": 15, "light_conditions": 1, "weather_conditions": 1, "road_surface_conditions": 1, "special_conditions_at_site": 0, "carriageway_hazards_historic": 0, "carriageway_hazards": 0, "urban_or_rural_area": 1, "did_police_officer_attend_scene_of_accident": 1, "trunk_road_flag": 2, "lsoa_of_accident_location": "E01004736", "enhanced_severity_collision": -1, "collision_injury_based": 0, "collision_adjusted_severity_serious": 0.0, "collision_adjusted_severity_slight": 1.0, "source": "STATS19", "source_year": "2022", "source_record_id": "CRASH_104494", "matched_u": 7, "matched_v": 17, "match_distance": 17.348279747180641 }, "geometry": { "type": "Point", "coordinates": [ -0.143163, 51.506566 ] } },
{ "type": "Feature", "properties": { "collision_index": "2022010417818", "collision_year": 2022, "collision_ref_no": "010417818", "location_easting_osgr": 530201.0, "location_northing_osgr": 179289.0, "longitude": -0.125722, "latitude": 51.497557, "police_force": 1, "collision_severity": 2, "number_of_vehicles": 1, "number_of_casualties": 1, "date": "15/12/2022", "day_of_week": 5, "time": "04:30:00", "local_authority_district": -1, "local_authority_ons_district": "E09000033", "local_authority_highway": "E09000033", "local_authority_highway_current": "E09000033", "first_road_class": 3, "first_road_number": 3212, "road_type": 6, "speed_limit": 20, "junction_detail_historic": 3, "junction_detail": 13, "junction_control": 4, "second_road_class": 6, "second_road_number": 0, "pedestrian_crossing_human_control_historic": 2, "pedestrian_crossing_physical_facilities_historic": 1, "pedestrian_crossing": 12, "light_conditions": 4, "weather_conditions": 9, "road_surface_conditions": 2, "special_conditions_at_site": 9, "carriageway_hazards_historic": 9, "carriageway_hazards": 99, "urban_or_rural_area": 1, "did_police_officer_attend_scene_of_accident": 3, "trunk_road_flag": 2, "lsoa_of_accident_location": "E01004733", "enhanced_severity_collision": -1, "collision_injury_based": 0, "collision_adjusted_severity_serious": 1.0, "collision_adjusted_severity_slight": 0.0, "source": "STATS19", "source_year": "2022", "source_record_id": "CRASH_104496", "matched_u": 35, "matched_v": 45, "match_distance": 42.319115954451263 }, "geometry": { "type": "Point", "coordinates": [ -0.125722, 51.497557 ] } },
{ "type": "Feature", "properties": { "collision_index": "2022010391753", "collision_year": 2022, "collision_ref_no": "010391753", "location_easting_osgr": 530060.0, "location_northing_osgr": 181439.0, "longitude": -0.12696, "latitude": 51.516911, "police_force": 1, "collision_severity": 2, "number_of_vehicles": 2, "number_of_casualties": 1, "date": "28/07/2022", "day_of_week": 5, "time": "13:30:00", "local_authority_district": -1, "local_authority_ons_district": "E09000007", "local_authority_highway": "E09000007", "local_authority_highway_current": "E09000007", "first_road_class": 3, "first_road_number": 400, "road_type": 6, "speed_limit": 30, "junction_detail_historic": 6, "junction_detail": 16, "junction_control": 2, "second_road_class": 4, "second_road_number": 522, "pedestrian_crossing_human_control_historic": 0, "pedestrian_crossing_physical_facilities_historic": 0, "pedestrian_crossing": 0, "light_conditions": 1, "weather_conditions": 1, "road_surface_conditions": 1, "special_conditions_at_site": 0, "carriageway_hazards_historic": 0, "carriageway_hazards": 0, "urban_or_rural_area": 1, "did_police_officer_attend_scene_of_accident": 3, "trunk_road_flag": 2, "lsoa_of_accident_location": "E01000919", "enhanced_severity_collision": -1, "collision_injury_based": 0, "collision_adjusted_severity_serious": 1.0, "collision_adjusted_severity_slight": 0.0, "source": "STATS19", "source_year": "2022", "source_record_id": "CRASH_104859", "matched_u": 39, "matched_v": 40, "match_distance": 40.149229679436765 }, "geometry": { "type": "Point", "coordinates": [ -0.12696, 51.516911 ] } },
{ "type": "Feature", "properties": { "collision_index": "2022010417431", "collision_year": 2022, "collision_ref_no": "010417431", "location_easting_osgr": 530639.0, "location_northing_osgr": 179662.0, "longitude": -0.119278, "latitude": 51.500808, "police_force": 1, "collision_severity": 2, "number_of_vehicles": 2, "number_of_casualties": 1, "date": "17/12/2022", "day_of_week": 7, "time": "23:15:00", "local_authority_district": -1, "local_authority_ons_district": "E09000022", "local_authority_highway": "E09000022", "local_authority_highway_current": "E09000022", "first_road_class": 3, "first_road_number": 302, "road_type": 6, "speed_limit": 20, "junction_detail_historic": 0, "junction_detail": 0, "junction_control": -1, "second_road_class": 0, "second_road_number": -1, "pedestrian_crossing_human_control_historic": 9, "pedestrian_crossing_physical_facilities_historic": 9, "pedestrian_crossing": 99, "light_conditions": 4, "weather_conditions": 4, "road_surface_conditions": 2, "special_conditions_at_site": 0, "carriageway_hazards_historic": 0, "carriageway_hazards": 0, "urban_or_rural_area": 1, "did_police_officer_attend_scene_of_accident": 3, "trunk_road_flag": 2, "lsoa_of_accident_location": "E01003013", "enhanced_severity_collision": -1, "collision_injury_based": 0, "collision_adjusted_severity_serious": 1.0, "collision_adjusted_severity_slight": 0.0, "source": "STATS19", "source_year": "2022", "source_record_id": "CRASH_104892", "matched_u": 45, "matched_v": 46, "match_distance": 49.450591576833176 }, "geometry": { "type": "Point", "coordinates": [ -0.119278, 51.500808 ] } },
{ "type": "Feature", "properties": { "collision_index": "2022481289339", "collision_year": 2022, "collision_ref_no": "481289339", "location_easting_osgr": 531752.0, "location_northing_osgr": 180827.0, "longitude": -0.102817, "latitude": 51.511019, "police_force": 48, "collision_severity": 3, "number_of_vehicles": 3, "number_of_casualties": 2, "date": "21/10/2022", "day_of_week": 6, "time": "10:30:00", "local_authority_district": -1, "local_authority_ons_district": "E09000001", "local_authority_highway": "E09000001", "local_authority_highway_current": "E09000001", "first_road_class": 3, "first_road_number": 3211, "road_type": 3, "speed_limit": 20, "junction_detail_historic": 0, "junction_detail": 0, "junction_control": -1, "second_road_class": 0, "second_road_number": -1, "pedestrian_crossing_human_control_historic": 0, "pedestrian_crossing_physical_facilities_historic": 0, "pedestrian_crossing": 0, "light_conditions": 1, "weather_conditions": 1, "road_surface_conditions": 1, "special_conditions_at_site": 0, "carriageway_hazards_historic": 0, "carriageway_hazards": 0, "urban_or_rural_area": 2, "did_police_officer_attend_scene_of_accident": 1, "trunk_road_flag": 2, "lsoa_of_accident_location": "E01032739", "enhanced_severity_collision": 3, "collision_injury_based": 1, "collision_adjusted_severity_serious": 0.0, "collision_adjusted_severity_slight": 1.0, "source": "STATS19", "source_year": "2022", "source_record_id": "CRASH_105283", "matched_u": 68, "matched_v": 78, "match_distance": 14.0707676038146 }, "geometry": { "type": "Point", "coordinates": [ -0.102817, 51.511019 ] } },
{ "type": "Feature", "properties": { "collision_index": "2022010404453", "collision_year": 2022, "collision_ref_no": "010404453", "location_easting_osgr": 531948.0, "location_northing_osgr": 178890.0, "longitude": -0.100718, "latitude": 51.493566, "police_force": 1, "collision_severity": 3, "number_of_vehicles": 1, "number_of_casualties": 1, "date": "13/10/2022", "day_of_week": 5, "time": "18:43:00", "local_authority_district": -1, "local_authority_ons_district": "E09000028", "local_authority_highway": "E09000028", "local_authority_highway_current": "E09000028", "first_road_class": 3, "first_road_number": 3, "road_type": 3, "speed_limit": 20, "junction_detail_historic": 7, "junction_detail": 17, "junction_control": 2, "second_road_class": 3, "second_road_number": 215, "pedestrian_crossing_human_control_historic": 0, "pedestrian_crossing_physical_facilities_historic": 4, "pedestrian_crossing": 14, "light_conditions": 4, "weather_conditions": 1, "road_surface_conditions": 1, "special_conditions_at_site": 0, "carriageway_hazards_historic": 0, "carriageway_hazards": 0, "urban_or_rural_area": 1, "did_police_officer_attend_scene_of_accident": 1, "trunk_road_flag": 2, "lsoa_of_accident_location": "E01003933", "enhanced_severity_collision": -1, "collision_injury_based": 0, "collision_adjusted_severity_serious": 0.0, "collision_adjusted_severity_slight": 1.0, "source": "STATS19", "source_year": "2022", "source_record_id": "CRASH_105359", "matched_u": 64, "matched_v": 74, "match_distance": 37.010904568247497 }, "geometry": { "type": "Point", "coordinates": [ -0.100718, 51.493566 ] } },
{ "type": "Feature", "properties": { "collision_index": "2022010355287", "collision_year": 2022, "collision_ref_no": "010355287", "location_easting_osgr": 529598.0, "location_northing_osgr": 178298.0, "longitude": -0.134767, "latitude": 51.488789, "police_force": 1, "collision_severity": 3, "number_of_vehicles": 2, "number_of_casualties": 1, "date": "18/01/2022", "day_of_week": 3, "time": "00:10:00", "local_authority_district": -1, "local_authority_ons_district": "E09000033", "local_authority_highway": "E09000033", "local_authority_highway_current": "E09000033", "first_road_class": 4, "first_road_number": 310, "road_type": 6, "speed_limit": 20, "junction_detail_historic": 6, "junction_detail": 16, "junction_control": 2, "second_road_class": 5, "second_road_number": 0, "pedestrian_crossing_human_control_historic": 0, "pedestrian_crossing_physical_facilities_historic": 5, "pedestrian_crossing": 15, "light_conditions": 4, "weather_conditions": 1, "road_surface_conditions": 1, "special_conditions_at_site": 0, "carriageway_hazards_historic": 0, "carriageway_hazards": 0, "urban_or_rural_area": 1, "did_police_officer_attend_scene_of_accident": 1, "trunk_road_flag": 2, "lsoa_of_accident_location": "E01004738", "enhanced_severity_collision": -1, "collision_injury_based": 0, "collision_adjusted_severity_serious": 0.0, "collision_adjusted_severity_slight": 1.0, "source": "STATS19", "source_year": "2022", "source_record_id": "CRASH_105373", "matched_u": 13, "matched_v": 23, "match_distance": 24.194700865074989 }, "geometry": { "type": "Point", "coordinates": [ -0.134767, 51.488789 ] } },
{ "type": "Feature", "properties": { "collision_index": "2022481250705", "collision_year": 2022, "collision_ref_no": "481250705", "location_easting_osgr": 533163.0, "location_northing_osgr": 181381.0, "longitude": -0.082287, "latitude": 51.515667, "police_force": 48, "collision_severity": 2, "number_of_vehicles": 2, "number_of_casualties": 1, "date": "21/06/2022", "day_of_week": 3, "time": "12:10:00", "local_authority_district": -1, "local_authority_ons_district": "E09000001", "local_authority_highway": "E09000001", "local_authority_highway_current": "E09000001", "first_road_class": 3, "first_road_number": 10, "road_type": 3, "speed_limit": 20, "junction_detail_historic": 0, "junction_detail": 0, "junction_control": -1, "second_road_class": 0, "second_road_number": -1, "pedestrian_crossing_human_control_historic": 0, "pedestrian_crossing_physical_facilities_historic": 0, "pedestrian_crossing": 0, "light_conditions": 1, "weather_conditions": 1, "road_surface_conditions": 1, "special_conditions_at_site": 0, "carriageway_hazards_historic": 0, "carriageway_hazards": 0, "urban_or_rural_area": 1, "did_police_officer_attend_scene_of_accident": 1, "trunk_road_flag": 2, "lsoa_of_accident_location": "E01032739", "enhanced_severity_collision": 7, "collision_injury_based": 1, "collision_adjusted_severity_serious": 1.0, "collision_adjusted_severity_slight": 0.0, "source": "STATS19", "source_year": "2022", "source_record_id": "CRASH_105704", "matched_u": 89, "matched_v": 99, "match_distance": 24.089647679589685 }, "geometry": { "type": "Point", "coordinates": [ -0.082287, 51.515667 ] } },
{ "type": "Feature", "properties": { "collision_index": "2022010392839", "collision_year": 2022, "collision_ref_no": "010392839", "location_easting_osgr": 531965.0, "location_northing_osgr": 178885.0, "longitude": -0.100475, "latitude": 51.493518, "police_force": 1, "collision_severity": 3, "number_of_vehicles": 2, "number_of_casualties": 1, "date": "08/08/2022", "day_of_week": 2, "time": "17:09:00", "local_authority_district": -1, "local_authority_ons_district": "E09000028", "local_authority_highway": "E09000028", "local_authority_highway_current": "E09000028", "first_road_class": 3, "first_road_number": 3, "road_type": 6, "speed_limit": 20, "junction_detail_historic": 9, "junction_detail": 19, "junction_control": 2, "second_road_class": 3, "second_road_number": 215, "pedestrian_crossing_human_control_historic": 0, "pedestrian_crossing_physical_facilities_historic": 1, "pedestrian_crossing": 13, "light_conditions": 1, "weather_conditions": 1, "road_surface_conditions": 1, "special_conditions_at_site": 0, "carriageway_hazards_historic": 0, "carriageway_hazards": 0, "urban_or_rural_area": 1, "did_police_officer_attend_scene_of_accident": 1, "trunk_road_flag": 2, "lsoa_of_accident_location": "E01032720", "enhanced_severity_collision": -1, "collision_injury_based": 0, "collision_adjusted_severity_serious": 0.0, "collision_adjusted_severity_slight": 1.0, "source": "STATS19", "source_year": "2022", "source_record_id": "CRASH_105782", "matched_u": 64, "matched_v": 74, "match_distance": 28.428650859743357 }, "geometry": { "type": "Point", "coordinates": [ -0.100475, 51.493518 ] } },
{ "type": "Feature", "properties": { "collision_index": "2022010368191", "collision_year": 2022, "collision_ref_no": "010368191", "location_easting_osgr": 530127.0, "location_northing_osgr": 180117.0, "longitude": -0.126482, "latitude": 51.505015, "police_force": 1, "collision_severity": 3, "number_of_vehicles": 2, "number_of_casualties": 1, "date": "29/03/2022", "day_of_week": 3, "time": "18:50:00", "local_authority_district": -1, "local_authority_ons_district": "E09000033", "local_authority_highway": "E09000033", "local_authority_highway_current": "E09000033", "first_road_class": 3, "first_road_number": 3212, "road_type": 3, "speed_limit": 30, "junction_detail_historic": 9, "junction_detail": 19, "junction_control": 2, "second_road_class": 5, "second_road_number": 0, "pedestrian_crossing_human_control_historic": 0, "pedestrian_crossing_physical_facilities_historic": 4, "pedestrian_crossing": 14, "light_conditions": 4, "weather_conditions": 1, "road_surface_conditions": 1, "special_conditions_at_site": 0, "carriageway_hazards_historic": 0, "carriageway_hazards": 0, "urban_or_rural_area": 1, "did_police_officer_attend_scene_of_accident": 1, "trunk_road_flag": 2, "lsoa_of_accident_location": "E01004736", "enhanced_severity_collision": -1, "collision_injury_based": 0, "collision_adjusted_severity_serious": 0.0, "collision_adjusted_severity_slight": 1.0, "source": "STATS19", "source_year": "2022", "source_record_id": "CRASH_105802", "matched_u": 36, "matched_v": 37, "match_distance": 13.061486919743402 }, "geometry": { "type": "Point", "coordinates": [ -0.126482, 51.505015 ] } }
]
}
