segment_id,road_type,road_width,road_surface,road_condition,intersection_density,traffic_level,congestion,vehicle_density,lighting,pedestrian_density,weather_risk,risk_score
SEG_0000,arterial,5.0,asphalt,0.03218881597533019,0.6594036287152699,0.6882432566061389,0.4872535169727523,0.6339886376095777,0.9891972542320587,0.8318393762873161,0.5381112413487004,69
SEG_0001,residential,10.0,asphalt,0.2157692360792084,0.23808942924166143,0.6385519849014177,0.8845433659141415,0.2746811709189395,0.5181947933821468,0.3256167886004807,0.0951488680533582,62
SEG_0002,arterial,5.0,asphalt,0.43205748707037306,0.23912673226311398,0.7056735319061627,0.8739017978583826,0.04415034393160289,0.08369322926036205,0.14542911184009433,0.500057249559076,71
SEG_0003,collector,5.0,unpaved,0.39686343260892665,0.5311664776990765,0.7580421872801195,0.07647481578613424,0.19136749837521994,0.08388004207005995,0.2073960741160623,0.46947984196452897,62
SEG_0004,collector,7.5,asphalt,0.873623527332409,0.9533885517967507,0.1214236238917723,0.58956212225291,0.3401361114875592,0.9349754639211487,0.885221888922381,0.6896879060008492,49
SEG_0005,highway,-1.0,unpaved,0.6261556774194033,0.7082716456334359,0.7057699199997003,0.5065996680265269,0.39200726371310357,0.5097236662882968,0.06787808071826207,0.9269403627882127,63
SEG_0006,residential,-1.0,asphalt,0.33411227802766574,0.30330815569183633,0.7189971866994809,0.3654126404184306,0.5747153507088912,0.07685237666661082,0.4244719750115761,0.0730452504310698,58
SEG_0007,service,5.0,unpaved,0.5143052687822479,0.035918552238210166,0.7679192494956426,0.9688710130827639,0.36270672828963313,0.47184012706102063,0.017578688542724707,0.5930543601775412,67
SEG_0008,arterial,5.0,unpaved,0.5668392231256947,0.31435555768173773,0.33664449030585997,0.18656867128464194,0.19887619217582309,0.7984936977371471,0.13105014392228542,0.9523750879926772,50
SEG_0009,highway,5.0,gravel,0.27824156127625066,0.12158894193102798,0.4884993529016378,0.18030391755091346,0.08577159119205235,0.13963864967567963,0.312025680467525,0.4527510055621986,59
SEG_0010,highway,-1.0,concrete,0.5409767151410044,0.2949638478405232,0.028340294959268597,0.3881949243701275,0.8377132369982144,0.8297908313126002,0.020850213123095762,0.18125051648016266,40
SEG_0011,arterial,5.0,concrete,0.47312128480247695,0.6078624963601458,0.2821187881890185,0.8132203590427264,0.49256008775210447,0.6381214548891577,0.8877129809417876,0.2173119172919582,60
SEG_0012,arterial,10.0,gravel,0.8229650308125956,0.9384231959531302,0.8708494062740304,0.32566439299863803,0.16627281946813766,0.16344533574970355,0.030715430953532685,0.995887788434394,64
SEG_0013,service,7.5,concrete,0.7516224576144457,0.10088145772053725,0.056973465054291905,0.9803525354874687,0.27911697050619266,0.6984555798091042,0.10783941786488938,0.24983240827649977,47
SEG_0014,collector,7.5,asphalt,0.008160485066717404,0.028550478329652962,0.17160036628178454,0.30966639156016884,0.3502889629523189,0.2837098880183523,0.5694387869849502,0.3792105107399799,61
SEG_0015,collector,7.5,concrete,0.3909156251232795,0.8129525030312369,0.24654516271486815,0.6162279235722163,0.7390290329791614,0.12021524484712709,0.18806428160525956,0.4945558645405229,63
SEG_0016,arterial,-1.0,unpaved,0.347071741961684,0.7421651052152416,0.12549706040342534,0.09597335988653388,0.9963549021907888,0.8556767735479274,0.929138398756188,0.33692329016632405,49
SEG_0017,service,-1.0,gravel,0.4907035009963209,0.07192101363046965,0.37779082241778583,0.8702084261926789,0.46581050627844933,0.8099836032532785,0.013401502009892319,0.9877726820228645,61
SEG_0018,residential,10.0,unpaved,0.3284351091160179,0.029965463375470125,0.2892587509663972,0.47714031200536977,0.2247820801758642,0.4144877595239128,0.8017463320945566,0.37419002832736326,53
SEG_0019,collector,3.5,gravel,0.35932140290340675,0.3873164398656975,0.8468410066421314,0.503942497685421,0.6751866538779988,0.7954923480758737,0.1302950035990772,0.6481609455197866,64
SEG_0020,service,7.5,asphalt,0.42374260605686753,0.6719375518314875,0.7455280916534275,0.8188481832648281,0.1672347070870881,0.03998165184584268,0.6969494412155218,0.4626186910376717,76
SEG_0021,collector,-1.0,concrete,0.5084585727186001,0.9741011313322129,0.9922336232131825,0.9483752170256756,0.7457137598871837,0.39712312101266267,0.1005421052907407,0.31323207505124817,73
SEG_0022,service,3.5,asphalt,0.42177922624648356,0.8851193054284777,0.04270061172727646,0.6192653179650295,0.4662403621563419,0.2954296232572512,0.9617427130814725,0.06599350185746578,58
SEG_0023,residential,-1.0,unpaved,0.42512382402145565,0.09294618061257653,0.5663467255148739,0.43781553602204637,0.10889909059570324,0.19376948762991142,0.0902977087938387,0.0215823589548384,50
SEG_0024,residential,3.5,unpaved,0.740921362047858,0.5488858835341787,0.22160580534278973,0.35225261077882886,0.6770851468609539,0.47836986597600384,0.9322585004888033,0.26148653442473413,44
SEG_0025,arterial,10.0,asphalt,0.47159116829171077,0.5244684217883101,0.7606074750005829,0.5225943268445402,0.6990206833975031,0.38085168744948794,0.3537699805338328,0.7605092568493976,68
SEG_0026,residential,7.5,gravel,0.7183379441617415,0.7999122203956397,0.8440545158514347,0.7516518102387585,0.08193569562303527,0.05542887357511961,0.20843751250958742,0.8716761657615845,67
SEG_0027,service,5.0,asphalt,0.2972438200703711,0.10872806563382953,0.8157094583519322,0.3220324748894352,0.7073359312045263,0.4630704235830918,0.0005384113711467409,0.0657826018034181,57
SEG_0028,highway,3.5,concrete,0.938895569537871,0.06615987269221968,0.3278125370431675,0.6862319115643922,0.8635598797299643,0.14895684160680556,0.16321392923748967,0.8833042037781964,54
SEG_0029,arterial,5.0,unpaved,0.7147486877230671,0.7380501317430073,0.1570844241079532,0.6156937915450674,0.34269874722273097,0.3735108197778976,0.578422941304395,0.23400671078263757,52
SEG_0030,highway,5.0,concrete,0.0978992430302772,0.6404471752280622,0.4831702124392008,0.20809603541511756,0.05432391221385824,0.0701985061078384,0.24310921102676952,0.8911004729760081,71
SEG_0031,highway,5.0,unpaved,0.897491403292676,0.6696220273478244,0.9738023452470128,0.3936025921729539,0.060540846110923696,0.4666953167006067,0.029896056281891514,0.6362887461333665,57
SEG_0032,collector,-1.0,concrete,0.05408307354349362,0.8397201347623514,0.6254086235915588,0.5135952862905471,0.9392765896277807,0.6763092373302618,0.561860928400334,0.637650125556535,72
SEG_0033,service,7.5,asphalt,0.6956232914212589,0.804813188267256,0.5277058962245358,0.39806671533698035,0.8251422786281556,0.4275997034931196,0.6265117462141147,0.7717827768866207,60
SEG_0034,residential,5.0,asphalt,0.7645611740223013,0.35697191691754315,0.8073865154193117,0.3168414369869147,0.31761071525178186,0.20873559762740435,0.8113421624570732,0.06932772571820345,51
SEG_0035,highway,10.0,asphalt,0.5653130518131801,0.8515580294521117,0.6860322401149174,0.1338519429452909,0.624616260450911,0.9172822335293148,0.4030620455515084,0.3039676324549332,51
SEG_0036,collector,3.5,asphalt,0.04322253440721724,0.8852390493133092,0.5820645625848209,0.0034565792941329,0.7431306739393547,0.9484577927431023,0.9532377043937892,0.9937053846071383,67
SEG_0037,residential,10.0,gravel,0.4452440285081015,0.8948751151955331,0.9066225113040383,0.5829590411326353,0.6435522021083756,0.8821972546648439,0.43250046519445784,0.23418792605374772,58
SEG_0038,highway,-1.0,asphalt,0.1778502565893666,0.29614152129425164,0.2902393856558487,0.730554282771824,0.4486642417371134,0.8513905917003818,0.23255476964493504,0.06440805612718481,56
SEG_0039,collector,7.5,gravel,0.6891091688021672,0.41174433138541344,0.4962869355742223,0.2849516609065509,0.44199242633145175,0.15545922928454392,0.6838209487888972,0.9874942903780537,61
SEG_0040,arterial,10.0,concrete,0.5384382335950975,0.5440357202955762,0.40631157590903033,0.021393188183121636,0.4844100020940342,0.1628744585968096,0.6987020536104672,0.6590465056046583,56
SEG_0041,residential,-1.0,gravel,,0.051154111727625295,0.7762797618086511,0.0950998387863149,0.30495511327900837,0.581327253568002,0.06358824765104165,0.898762853722686,41
SEG_0042,arterial,-1.0,unpaved,0.6845480293421553,0.2558624638190382,0.9161810629136229,0.6788223434015006,0.6451741603914902,0.10049122136752642,0.16628400056982862,0.34511911439132514,64
SEG_0043,residential,5.0,concrete,0.1523128057935227,0.8686648074491933,0.9678265175917043,0.22707018477305296,0.5880744329448381,0.4605907064382915,0.002399846510535597,0.09783827599311845,60
SEG_0044,collector,10.0,gravel,,0.902003930462949,0.9083336980596013,0.35460204320010136,0.9969879185735504,0.20020319910625706,0.01372240232594013,0.5037999186950516,56
SEG_0045,arterial,5.0,asphalt,0.5752650757942025,0.9577056393766957,0.4884540940171388,0.13011008694289183,0.24014241977732864,0.6976230590836906,0.2121169523793327,0.0880835146610941,47
SEG_0046,highway,7.5,gravel,,0.3418699646669253,0.37471894409182227,0.5887131522576542,0.029648448471690347,0.7520849120971242,0.5550875273803071,0.2395630742324032,43
SEG_0047,residential,3.5,concrete,0.629446671540475,0.7047430433299551,0.41484158913515534,0.7734890042594086,0.39472723021526623,0.044451883905916256,0.31916559952845924,0.8971617337060357,63
SEG_0048,highway,7.5,asphalt,0.2611412662620679,0.06063418878760751,0.3387478967824119,0.47775000874956275,0.6754551769367082,0.2415183970114937,0.8056696680513243,0.5964767721847336,64
SEG_0049,arterial,5.0,asphalt,0.34127045331109374,0.8754678118773074,0.03465249650653468,0.02984426398548856,0.5833103065353613,0.9873939158856664,0.7865563480345693,0.8300172631150067,50
SEG_0050,collector,7.5,concrete,0.5488028566414689,0.033837006604393816,0.7182520941683029,0.0005038023041611384,0.7019043545476722,0.14067924202091353,0.14155450254109003,0.9333617449093456,58
SEG_0051,residential,10.0,concrete,0.9566855115597795,0.8346370724509805,0.704950643535985,0.2791718315105841,0.44418207483490646,0.886305041023968,0.495858358685059,0.49438218527405964,43
SEG_0052,collector,10.0,asphalt,0.9306066814066353,0.5426792574418042,0.5966763858800046,0.060406537158062434,0.5821746752217373,0.06441347115921958,0.6783026094344278,0.7965114724740314,54
SEG_0053,residential,7.5,gravel,0.37314398383947023,0.14436189693545132,0.7060307205610039,0.9992294023391818,0.8645575646632461,0.4895772828075773,0.023839633518466963,0.33386751723422625,62
SEG_0054,service,5.0,asphalt,0.3583015359732131,0.020801279895795277,0.024588757946560236,0.1494837135568351,0.7435074599111793,0.45807921343480196,0.1738268149248987,0.4038836225498894,45
SEG_0055,arterial,10.0,asphalt,0.7078246675873937,0.9523512252705859,0.2562782396256754,0.6937441743105474,0.7949672235528435,0.512021081884802,0.06469999438446439,0.43207402811425166,54
SEG_0056,residential,-1.0,unpaved,0.22702457333352144,0.5329104468836374,0.5576544925038804,0.18680502373899388,0.31565425525605606,0.6790873281191148,0.6655207902581886,0.9799073206305612,60
SEG_0057,service,10.0,gravel,0.9431197584339808,0.6702477266679288,0.33557424157380544,0.9553183804800108,0.42022018621566115,0.19657182721011768,0.902065756086018,0.6781038250568309,63
SEG_0058,service,7.5,unpaved,0.8472271442968603,0.10953394516125192,0.21616509259990446,0.41046646725268265,0.08095668268138245,0.7003513669115334,0.7461970801348506,0.8790616647924602,48
SEG_0059,collector,5.0,asphalt,0.7051070344251401,0.9579042429426361,0.1677701161060824,0.12637135300506308,0.4920676462605612,0.11876298535309582,0.2597142022936645,0.8428184684500984,53
SEG_0060,arterial,7.5,gravel,0.7111561350963831,0.9364566671643375,0.03820164453926933,0.31990886800948715,0.8481497117146958,0.08978531932656997,0.37362556436745364,0.8614928059303522,55
SEG_0061,residential,10.0,gravel,0.018087445141087954,0.5792557313707799,0.7575731775994577,0.6277457260767944,0.6178013404725187,0.1929499176607793,0.20224439668078564,0.8951300006033758,76
SEG_0062,highway,3.5,gravel,0.4024775014314381,0.27041163595029605,0.41572672990451165,0.7892904079665847,0.9180421880874594,0.5972118215183944,0.4881988111401533,0.49827196416650865,62
SEG_0063,highway,-1.0,concrete,0.984558823304317,0.5435567411923,0.913281915290392,0.2869976246377265,0.6917876640682674,0.29732663918033375,0.3246482378816018,0.7728736345435788,57
SEG_0064,collector,3.5,gravel,0.5606899647765048,0.8552443200182167,0.45155024727873927,0.04461753141434066,0.8078189257294874,0.8715270609747556,0.7235894763369825,0.27833723457990356,48
SEG_0065,highway,3.5,gravel,0.5530491466485572,0.06147533737997013,0.1663599168733224,0.41448052664560675,0.17073546162900988,0.9165104569791163,0.3754223393169802,0.6812877487926526,47
SEG_0066,service,3.5,asphalt,0.38347130265242513,0.464335575111692,0.3691405384691997,0.35838736397062254,0.3620875545366926,0.9110158672474555,0.274369407872715,0.7435961037617731,55
SEG_0067,service,3.5,asphalt,0.8891240444462483,0.127552258879004,0.21381701034481693,0.8798057438201953,0.4500656921874392,0.7697162700127983,0.09814642781940841,0.7347804656068083,49
SEG_0068,collector,10.0,unpaved,0.8148668559479936,0.9910151966624481,0.9855362579576636,0.8083167963018836,0.41491635551883466,0.7234757805106675,0.3519002767447468,0.5727497477633668,65
SEG_0069,residential,5.0,concrete,0.3639075232768937,0.75331010959799,0.029953905101919753,0.7276285008020988,0.5681832546665777,0.23556615759431254,0.9418614832414937,0.08207951918112755,56
SEG_0070,service,-1.0,unpaved,0.8457396803141765,0.7805371971016589,0.09260679261688576,0.055156536509591514,0.1754081912175507,0.6223350140917022,0.7302166338807281,0.4248146824357013,40
SEG_0071,collector,5.0,concrete,0.668464668093371,0.29870472317369423,0.8368895563182849,0.6621073800792958,0.3470595600373819,0.30186458916676306,0.9225931336159765,0.2164061253505517,64
SEG_0072,collector,3.5,unpaved,0.34224436235778255,0.6566708619371553,0.6454775407618596,0.4937802609348365,0.6097197709642528,0.6075398532131141,0.8186473765345528,0.15469601575037928,63
SEG_0073,collector,10.0,concrete,,0.2704769935496465,0.5097280525242326,0.2206037175949449,0.4020051947407606,0.11535885889476427,0.4791420581207121,0.4515752084686746,48
SEG_0074,collector,3.5,concrete,0.554976114506127,0.5132743942038159,0.2826857143139313,0.03703660383065199,0.31947264598957714,0.17493031784401103,0.2225041640944041,0.7324465206333901,52
SEG_0075,service,-1.0,gravel,0.9477762156352034,0.7876704460980786,0.12903938827506078,0.36059080843840674,0.34322185203906663,0.7343909558696742,0.29612119719980434,0.28076579345600083,39
SEG_0076,service,7.5,asphalt,0.349482719891975,0.030697806273708772,0.20989980420262766,0.33709828394863306,0.556739527372863,0.3970567038747874,0.12944577230667553,0.7677502093803402,55
SEG_0077,collector,10.0,asphalt,0.9320542493399107,0.362054952455373,0.0918634382734772,0.8430167713645323,0.9794017001954106,0.4513013487046066,0.8733646724255729,0.6716765451291359,53
SEG_0078,highway,5.0,unpaved,,0.5210270325207119,0.40599018918383,0.6224242035331936,0.19570210309566827,0.7000543648950855,0.18239855380992376,0.3377541100175334,45
SEG_0079,highway,10.0,concrete,0.8013478223068567,0.8095103265368154,0.6900749553131144,0.3707315371431421,0.7792687591204055,0.9803190385125455,0.4666311333174957,0.5772408614061622,52
SEG_0080,collector,3.5,unpaved,0.031311270024887206,0.3080417878107303,0.9910721252102523,0.8382712877998616,0.9137529105363523,0.32163667910032323,0.573762480460872,0.9148402172968281,87
SEG_0081,arterial,7.5,unpaved,0.9829488739573226,0.5013666621265506,0.1704652889739522,0.7212617122681223,0.5507758678300102,0.4885827663249641,0.8705808124589334,0.603978236904467,51
SEG_0082,collector,7.5,asphalt,0.25780340884215514,0.6956372081246813,0.3927159804863649,0.5901729679033526,0.9106208688926639,0.7325909078358137,0.6660295994603486,0.656181580312584,65
SEG_0083,highway,3.5,concrete,0.3008454623689748,0.0015704216649661262,0.4133872559648851,0.2577802947513187,0.3640255531087002,0.3549835547347202,0.2873648902448439,0.23262093720476773,54
SEG_0084,service,5.0,asphalt,0.8063401854891064,0.16528481033323272,0.24623095083457847,0.09639839147282814,0.8843260075515461,0.45472747583615736,0.7876970149974355,0.9930813089488612,49
SEG_0085,service,7.5,asphalt,0.3834842533703072,0.46214362574644063,0.42524936934258517,0.972654076410486,0.8817904502742919,0.18509854868420406,0.7999563969810549,0.4684117054806656,72
SEG_0086,service,3.5,asphalt,0.8742852639682943,0.15549194415186807,0.04759483070890114,0.32195967963407723,0.8335460152319619,0.29658091298609635,0.9003909361783189,0.12432400553772427,41
SEG_0087,residential,7.5,asphalt,0.0854584922831052,0.7237931955032989,0.8156175117957055,0.7028700568463896,0.9278425600065385,0.45797426368904726,0.42312032839551617,0.015964612825937197,67
SEG_0088,collector,3.5,concrete,0.5524032027808339,0.7053112999095335,0.46926834667149364,0.31605608790515627,0.22050171583745004,0.27543927310155414,0.6394382918632394,0.5873877503012029,60
SEG_0089,collector,10.0,unpaved,0.478138134588286,0.8787678842343214,0.22143937768855904,0.8710211830265755,0.9880254191989778,0.8716961179127334,0.3889149999120124,0.8346127404023297,62
SEG_0090,collector,5.0,gravel,0.7032779845041893,0.949937070957238,0.6095741599889795,0.7762458214083056,0.3912358168038901,0.49071528994693536,0.17796435169236935,0.9943763165162265,67
SEG_0091,residential,10.0,concrete,,0.461556286311806,0.8114996078266961,0.42464234094745845,0.41278276911376033,0.09033361869605772,0.5061028878053778,0.001623214464584799,47
SEG_0092,service,10.0,gravel,0.7706564071780525,0.9586102773122367,0.0866973972687729,0.11963237489747391,0.7000156352503754,0.6190009998148245,0.9290995196783887,0.36906818986106815,44
SEG_0093,service,10.0,asphalt,0.530615552486755,0.5523653946082991,0.9785947743026675,0.6862452058658164,0.8503430334753972,0.9354800384195631,0.7187701763552835,0.017841885215458042,61
SEG_0094,arterial,7.5,asphalt,0.5944794317183251,0.09515940463270622,0.3015363907661953,0.9040617470896646,0.10028051097963209,0.7991688377985531,0.5521236013516688,0.6819498825130094,58
SEG_0095,collector,-1.0,asphalt,0.6538466275489107,0.49382029368440916,0.9733251371277666,0.4105957212097656,0.6885584486108158,0.9667692865179702,0.046753391450348514,0.7131338100109049,57
SEG_0096,collector,7.5,asphalt,0.9998028693154503,0.5778147718899356,0.371936527983201,0.4270820996824367,0.4911112506101897,0.5887580003734877,0.8752514654766506,0.812239882579076,51
SEG_0097,service,3.5,asphalt,0.5269569033976382,0.5319454367457416,0.9519257743595945,0.9667893760473262,0.6667574391726288,0.7641564334690106,0.6804442914051124,0.07168211338683139,67
SEG_0098,arterial,10.0,asphalt,0.3921323680809411,0.7388476734696646,0.35541597007230363,0.3970389397182773,0.40739963997274486,0.7118195201854158,0.5972527877948236,0.33767724392451626,56
SEG_0099,highway,10.0,gravel,0.3725637661949496,0.193218426679431,0.3330750037750462,0.12578923329597924,0.30896632261259216,0.007187067910644718,0.26365856431748746,0.5155271875236711,56
SEG_0100,service,7.5,gravel,0.40951033347390875,0.04251276699992612,0.9377604013167403,0.06376260160096203,0.48126836230476033,0.3738761178497614,0.5310839581298759,0.17604762717141553,57
SEG_0101,collector,5.0,asphalt,0.6074181385770818,0.27852933118444667,0.44579437807707467,0.39667989803959747,0.8111813769977212,0.727641436171665,0.24030884078423909,0.9037204037233582,54
SEG_0102,highway,5.0,unpaved,0.8330272323409122,0.11237416404847866,0.662385237113907,0.08797698779271557,0.4259484106201724,0.3265610143394685,0.6144704485592551,0.7713600306684407,52
SEG_0103,collector,7.5,concrete,0.05777549840348373,0.07392712245154387,0.8069125611261252,0.37963341221412483,0.5378889511818247,0.8503322030001419,0.31191189816363285,0.36401621726376976,63
SEG_0104,residential,7.5,concrete,0.5318752388864448,0.14200858017483253,0.14061900146912898,0.25509460558805286,0.865339674325618,0.04954750995998458,0.5595987418730228,0.9519623510319406,52
SEG_0105,service,5.0,concrete,0.4168130010976845,0.35367263507626445,0.4812529069621525,0.1594441148655079,0.6444970788963037,0.002082791694864028,0.394607769455271,0.04573839411622038,55
SEG_0106,highway,10.0,concrete,0.994198050708778,0.05482989957565809,0.24379203753058765,0.6850013772832897,0.6790056606459725,0.2049423631026437,0.9636855778635803,0.11113869712206015,48
SEG_0107,collector,7.5,gravel,0.8970063951578978,0.08735311383998146,0.9251213000792982,0.30913670757550726,0.2527295367189728,0.202541684005756,0.6187362592481047,0.29691339045622367,55
SEG_0108,arterial,5.0,gravel,0.07320258821284398,0.30150787564693704,0.03333176885478384,0.26951504218192923,0.9917607598411373,0.6333395436885857,0.11979131621519246,0.5349428825636251,54
SEG_0109,arterial,3.5,unpaved,0.37566825049681973,0.23288163523846472,0.03522982955452547,0.299791248154493,0.8637817830035177,0.18470886955013288,0.18224664125264833,0.2717981763801869,50
SEG_0110,highway,7.5,asphalt,0.9865229690366545,0.5199200632701877,0.8563820871928631,0.8601672442989937,0.5376808764895392,0.1625268337404535,0.29745025924196644,0.025772434743846717,58
SEG_0111,arterial,5.0,gravel,0.25352625840254306,0.692625225571127,0.9175374329175764,0.05760481541760287,0.2749232818129438,0.08845755226845653,0.1698146656618127,0.08277808718270963,63
SEG_0112,arterial,5.0,asphalt,0.891488571243456,0.3785047630074587,0.9652422389088834,0.31428613770082303,0.6769590553968913,0.48431950461054785,0.8123311538689886,0.7331675233055214,59
SEG_0113,service,7.5,unpaved,0.09171081225525457,0.14816240435118522,0.020117726794165458,0.7632476941787509,0.3280272014099367,0.24517167961143926,0.24747071423354372,0.12142656196000501,60
SEG_0114,highway,7.5,unpaved,0.23156333100847115,0.3967768502070973,0.6076556806953588,0.8830033206953969,0.3479240307169661,0.2690397522581168,0.3315262649832025,0.6318633272799838,74
SEG_0115,highway,10.0,unpaved,0.40837796148191596,0.5530239820159462,0.9110778614532437,0.001339406038440183,0.9885870651870964,0.3239000539345569,0.38667834330877515,0.7168424433491664,64
SEG_0116,service,7.5,asphalt,0.9605972560085189,0.6061549559784107,0.3388942975987287,0.2685123797856931,0.20205908631317782,0.9570068473174348,0.9892316972016589,0.9481100873771604,47
SEG_0117,collector,10.0,asphalt,0.3035226956884822,0.29201390537761673,0.7145667509460878,0.5907826428103239,0.7141057822521011,0.36984693674412106,0.7241220285871691,0.9470197208601062,74
SEG_0118,residential,7.5,concrete,0.21848151851711206,0.27494654961360754,0.6066193664136241,0.1672546199115884,0.7769264129860762,0.9349394914731748,0.8125164904520221,0.2608195445025163,50
SEG_0119,arterial,5.0,gravel,0.29833127969629913,0.3132924146816245,0.4416633969129956,0.46265847464652354,0.8344986985515325,0.8937888188523778,0.1581599103510234,0.32868641552332223,54
SEG_0120,collector,10.0,concrete,0.2582241479559023,0.6845203414146983,0.1279566992180623,0.7846235041898949,0.2816083020621213,0.32163231220349753,0.06363789804365882,0.8186024544941586,67
SEG_0121,arterial,10.0,gravel,0.920038845651231,0.3052661694182366,0.9428914051765186,0.23909103990136138,0.6514677872722204,0.1619344904917529,0.946708424877448,0.3916155445051481,57
SEG_0122,arterial,7.5,asphalt,0.275165995766801,0.7373637371200635,0.40889080243355536,0.5383085399630942,0.7638110658394643,0.30389268397681524,0.5489384001447055,0.29010286724008394,64
SEG_0123,residential,5.0,unpaved,0.6963343320795854,0.03572669264440209,0.2448747614337543,0.7272101074762833,0.8248489514260643,0.8013255690932307,0.41259476800634476,0.22119170645513775,42
SEG_0124,residential,10.0,concrete,0.1518197203186341,0.5769355693373422,0.10193758378461981,0.07392061468610867,0.9648562247421972,0.6235227005937752,0.05736167748692067,0.5197334271063381,46
SEG_0125,highway,3.5,asphalt,0.909829302662195,0.07162254720146144,0.04363403060674165,0.6254609169612719,0.3526675041651628,0.9343578329503595,0.2012321699090316,0.5475421837117592,39
SEG_0126,collector,10.0,gravel,0.8877710455807638,0.2161975243438059,0.6982864203909177,0.9427395859007601,0.5901400975442921,0.5678115035537867,0.8278527868882511,0.5485044146667739,61
SEG_0127,service,3.5,asphalt,0.10748842291688321,0.6863077563446881,0.5492060825668175,0.17853300111908987,0.9351871450145803,0.39064185983801014,0.8695694820129773,0.9245380246044403,71
SEG_0128,collector,5.0,gravel,0.030931803848154082,0.7056752257426812,0.2689088647375669,0.8146424703307255,0.8968822455881789,0.5529096433062421,0.9220976947154182,0.3733449865595353,71
SEG_0129,collector,-1.0,gravel,0.40856041264594745,0.8210467018120295,0.4818818055590641,0.9274555900053776,0.008307398331947602,0.6346464377168228,0.046525515059096745,0.5894549265481992,66
SEG_0130,service,10.0,gravel,0.6668384946645651,0.8242898409450863,0.7356850312129913,0.8556189310397042,0.781883535841021,0.49282819988474824,0.269999732482636,0.2873474091471644,63
SEG_0131,residential,5.0,asphalt,0.6289837005598735,0.7630951207398944,0.4879684882097697,0.2846564160393015,0.07931424935845799,0.1343707141010464,0.17937002108914746,0.27342789138620016,50
SEG_0132,collector,10.0,concrete,0.579079810420814,0.011335266747171224,0.0019502432668924152,0.6625126984421562,0.428259577371777,0.7798921955050071,0.11570701509675885,0.6455352835214277,47
SEG_0133,service,7.5,gravel,0.7087503281893959,0.9252458676438705,0.04770645267400253,0.07006840206739351,0.5023881210212039,0.5025055735953662,0.1453995875976034,0.4535012375748678,42
SEG_0134,residential,10.0,asphalt,,0.9903358550226846,0.32507469683357926,0.28776186522162206,0.37877709810623883,0.392523559532887,0.5951750325782713,0.6071840517187079,44
SEG_0135,service,10.0,asphalt,0.6957443127523881,0.11118227491481769,0.5659422966152472,0.39620449531732604,0.3552033833491747,0.31794836281159855,0.818644899970464,0.41818118346604394,56
SEG_0136,highway,10.0,asphalt,0.19131391106186924,0.8518412253593634,0.21901490345908292,0.5561056904529458,0.4007599473224114,0.34605783498819853,0.8454308517062588,0.6087673241348563,68
SEG_0137,collector,7.5,unpaved,0.14827605449418968,0.15442907109569515,0.8846729356819338,0.4081725788104187,0.36596121089593303,0.9973358852706965,0.4046739086221629,0.8437026237564269,67
SEG_0138,collector,10.0,gravel,0.43798505193224146,0.76354387340519,0.5999159394355371,0.8022980310200706,0.9779272432877625,0.1822476015300989,0.2493828866225225,0.08662181921538326,66
SEG_0139,highway,7.5,concrete,0.05979742955831102,0.8488147007035702,0.8088151750496757,0.9128355938461455,0.8112103620226315,0.27648462152179387,0.037565910196169616,0.8457230073055574,84
SEG_0140,arterial,5.0,unpaved,0.28589512256608507,0.737917075618061,0.4170392998409108,0.06897064640825401,0.370154032249994,0.34274424151124394,0.3265622908845929,0.03415270678838689,53
SEG_0141,highway,10.0,concrete,0.28648931975595693,0.6358771038786245,0.8460687278689999,0.8558829188837591,0.18822474691729185,0.8177594266898077,0.3339853018296355,0.6784385754179327,73
SEG_0142,arterial,3.5,concrete,0.30343864340711246,0.3792899595641044,0.4687513274317664,0.19848418020904623,0.6092106796552178,0.5509168468550074,0.9515581973281645,0.008344981474953106,55
SEG_0143,highway,10.0,concrete,0.60552715934744,0.14903925899980286,0.9906054524629363,0.9765708474316199,0.7489270887946249,0.5516157581130298,0.5362341268370422,0.9329985119197308,74
SEG_0144,service,-1.0,concrete,0.7705979371002081,0.6291808857699823,0.7804266921905759,0.17613673719277,0.6357530557330001,0.21468315120038384,0.19456670594600722,0.9548364261766638,60
SEG_0145,arterial,10.0,concrete,0.9171051077806169,0.3858214078684835,0.41444555990357645,0.9104777974769286,0.3939043271853804,0.38722250171111705,0.3771948405608502,0.24032771955841903,53
SEG_0146,residential,5.0,gravel,0.8994412477310478,0.41156846256532287,0.8875367865726768,0.23531951743902757,0.5681700639731442,0.4530922942025143,0.864860889521339,0.09744232209412051,46
SEG_0147,service,5.0,gravel,0.35662307838538954,0.742506492289527,0.028365049503879303,0.1409511703188514,0.6181079819417945,0.3300917826414832,0.9634112420517568,0.26167954362072277,53
SEG_0148,residential,-1.0,asphalt,0.04981233325259238,0.8123402194763415,0.8110099200220593,0.9473483865557919,0.47793455544760466,0.9627651724612167,0.4476859663086431,0.9411159536305587,76
SEG_0149,residential,10.0,asphalt,0.8959080706594719,0.6729963278685932,0.8388711191314263,0.34807412385362535,0.5233259364756109,0.5337725975531911,0.711022687672519,0.7221491368403593,53
SEG_0150,highway,3.5,gravel,0.43049326677377364,0.40847714340717967,0.9994591166964973,0.5601892227080274,0.8290758020313466,0.7301892616051497,0.8787757986662983,0.13187172955197102,65
SEG_0151,highway,-1.0,gravel,0.7566504989313919,0.11952641789956653,0.8951851369458045,0.39679763536948764,0.7776785198912699,0.6541774438206213,0.575796078729265,0.05809110557594366,51
SEG_0152,service,3.5,gravel,0.49226123844548053,0.5318855085466367,0.5708573323353308,0.670518753356709,0.7488164223423068,0.9005689328714024,0.631677594351919,0.6103459335667456,61
SEG_0153,residential,5.0,asphalt,,0.19295632407827945,0.6805128489534406,0.019239998129225833,0.19869328182861756,0.8443280282375566,0.26076304268343986,0.07515487924995556,30
SEG_0154,highway,3.5,asphalt,0.6995162412692031,0.6865926259035695,0.5067992463140735,0.536418642349494,0.18144156032431868,0.7308929898924432,0.7719276812505864,0.9805559257794234,61
SEG_0155,residential,7.5,asphalt,0.19224428063137955,0.5626382196337846,0.7181991942616394,0.6256645591264851,0.11234135032674397,0.6993237077523038,0.8011686762535478,0.8043059204552561,69
SEG_0156,residential,10.0,gravel,0.13951821212668436,0.21269088805551106,0.11122266554929994,0.1472662331913842,0.8510546506767835,0.1584797309980407,0.16651547597672778,0.10617694656218934,47
SEG_0157,highway,10.0,unpaved,0.3060720990325376,0.2796636637467419,0.9122054075728133,0.05106194929513419,0.6057365833493348,0.6193431214640545,0.5465565032737904,0.4385909973217871,60
SEG_0158,residential,3.5,unpaved,0.8914015160860836,0.4085500036876827,0.9906208747600767,0.16292442158111564,0.03245429347127515,0.013067027741833992,0.4510578121562627,0.08385820988272286,49
SEG_0159,arterial,-1.0,unpaved,0.5383777094925047,0.02181643935664801,0.7190414596505244,0.48332825956744174,0.1678316655447185,0.8932045819056181,0.9594612557857893,0.549513734688638,58
SEG_0160,collector,7.5,unpaved,0.4233796689117799,0.8040725190046254,0.8119786846154655,0.4899203689887621,0.377005872926945,0.16067811440232838,0.4880860590407903,0.8139413180547986,74
SEG_0161,arterial,7.5,concrete,0.10797654891925157,0.6562101299899776,0.5291039363468255,0.756986746914756,0.7651197555145075,0.8123486261650803,0.5810849951304516,0.5333415771957111,70
SEG_0162,collector,7.5,unpaved,0.10926695078464022,0.5667143516533764,0.2933265792260843,0.20049522603748382,0.029742701769109536,0.0013999388545260505,0.8472071620079066,0.022194374955465834,62
SEG_0163,highway,5.0,gravel,0.47948239067738907,0.6686893483771384,0.6925419642059516,0.633959413808667,0.616153730331049,0.14899155543793663,0.14012500335755662,0.30243269443715104,65
SEG_0164,highway,7.5,unpaved,0.2836149907379193,0.372716877304229,0.10516065725747814,0.6065817405699568,0.20589159062096363,0.5088279687590194,0.37418718956054964,0.6871374458090731,60
SEG_0165,arterial,3.5,asphalt,0.7829545964554384,0.40016061592104635,0.6759226635128212,0.8374376438614165,0.32775095078684136,0.6546762262714825,0.9084858605222607,0.46412923858345023,61
SEG_0166,collector,3.5,gravel,0.5575010182011174,0.591097871152757,0.7234317290895342,0.41734534632248776,0.694531019961374,0.5159133182019459,0.4109416646586167,0.03861392211144865,56
SEG_0167,collector,7.5,concrete,,0.0015613814713537622,0.6323622602256399,0.6181590166636532,0.2938040995737503,0.19033915458156747,0.7862150146042837,0.629388633489721,57
SEG_0168,arterial,5.0,unpaved,0.24838977202540713,0.009422295259276403,0.8861663965902421,0.22551632008184797,0.2719523369786463,0.754709932636181,0.8630772542663965,0.9965276958738281,68
SEG_0169,service,7.5,asphalt,0.8715147201229262,0.29168929189796855,0.9672285929945826,0.7828727292244212,0.6090763106814947,0.7756478373788636,0.9533809125655665,0.1554405871600395,58
SEG_0170,service,5.0,unpaved,0.028986374383228708,0.6683502095451769,0.6883701977096869,0.3653070236788346,0.5357309046153996,0.48980659281856187,0.061265916693816536,0.9811766094622316,73
SEG_0171,service,3.5,asphalt,,0.25130305274160547,0.6723103919520318,0.6808278159856648,0.9982175291069756,0.01749533473662712,0.5903396967433092,0.2950536773841691,57
SEG_0172,collector,7.5,gravel,0.8604766591445707,0.5176457402534088,0.9762330742806499,0.6667694227745083,0.4230053955619232,0.6732791750566476,0.08326063412270468,0.8496798170730346,62
SEG_0173,highway,10.0,unpaved,0.9713226249074013,0.1116679537341777,0.20400722940689575,0.8851303433847251,0.4099918515355687,0.7401248795071791,0.9487198230550319,0.7266054418283446,52
SEG_0174,residential,7.5,gravel,0.6829364600433093,0.5510466557648586,0.3722041298144554,0.7352455348125484,0.47865609079534666,0.6138288917609186,0.5663972940916466,0.413842013548703,51
SEG_0175,collector,3.5,unpaved,0.6112603711774226,0.6101818138412607,0.2938035614904674,0.596806443803561,0.7702160367449099,0.7062894611853585,0.2768328717900398,0.7237551288533037,55
SEG_0176,arterial,3.5,asphalt,0.8029027130853229,0.5019191820146585,0.07089965807478127,0.9051963209675331,0.34847946783357286,0.5481447001263742,0.556010460492246,0.23984399630041886,50
SEG_0177,arterial,3.5,unpaved,,0.9445916822065119,0.5683954706424684,0.596398045589205,0.5937915916501354,0.19184793460796634,0.9700550405986116,0.09527886896571691,56
SEG_0178,arterial,3.5,unpaved,0.20056793981109322,0.7318554635647636,0.16664855905088238,0.06317991896856545,0.4142093187181066,0.6829606707503872,0.9232131073969756,0.3205246288859067,54
SEG_0179,arterial,3.5,gravel,0.8600398682669838,0.9204825160611213,0.34017196124158533,0.4389731612935829,0.46120473964326425,0.8697855978665795,0.81847331795306,0.005340678373068619,44
SEG_0180,residential,3.5,concrete,0.8474523638124752,0.30617110658555946,0.10018281957491071,0.6746452942407739,0.7748148599084548,0.4734553883015704,0.6791665960076863,0.4796333242137416,44
SEG_0181,highway,3.5,unpaved,0.9259347623627218,0.44998973032797973,0.8895376387358461,0.5049017516904544,0.33057012793465845,0.3181284045533245,0.2517005441917113,0.9061090447228612,61
SEG_0182,residential,10.0,asphalt,0.26506382202191314,0.6086190741120788,0.24134142486456056,0.3783418083740382,0.9442349114703141,0.6862813438695863,0.14069864817480726,0.2764983547148322,48
SEG_0183,service,10.0,gravel,0.9212922014480082,0.6210263400087982,0.8702851663249,0.17153380167433985,0.38352388901426204,0.4985623505349964,0.08333566296270611,0.7370935815590663,53
SEG_0184,highway,3.5,concrete,0.6543852527624934,0.3533349921383734,0.7375982213022741,0.8691587881550698,0.2701096998454716,0.33492501236765615,0.8192062595077012,0.6406449205079218,69
SEG_0185,collector,3.5,unpaved,0.5844118619751166,0.1414304749330798,0.7017778379170702,0.9532439184323473,0.19278345873223557,0.868841446282078,0.9487311724963315,0.017276766084204476,60
SEG_0186,residential,10.0,gravel,0.16472673245652025,0.531674907397177,0.028069476770848034,0.361261156771278,0.6233295531400047,0.5856006111557057,0.7102320530874383,0.28154010828012166,50
SEG_0187,service,10.0,asphalt,0.7608826914526147,0.4431907945649556,0.05135557338918528,0.6097507175694634,0.7579653276300315,0.19981421579329783,0.8102098343936524,0.39972509769131936,52
SEG_0188,collector,5.0,unpaved,0.27401683272163624,0.9983087820162305,0.8460051602920932,0.5366864071331803,0.32310797779503375,0.634600704911041,0.7913528462661188,0.8935493020048977,76
SEG_0189,residential,5.0,concrete,0.2934796286789171,0.5329677842684261,0.4317165914009766,0.0682205253000997,0.6466869901581239,0.5186584188874471,0.7977402484719961,0.6447474124272289,54
SEG_0190,service,10.0,unpaved,0.16678675314920843,0.4152313061066749,0.15647212567337387,0.5924521940378366,0.09340643592909237,0.8654145906077337,0.010935489111263186,0.12473363333337395,52
SEG_0191,highway,7.5,gravel,0.5923854186784955,0.703892658417013,0.47899406617221807,0.707083059831657,0.8048810208033331,0.6864701989166024,0.9700503792601648,0.7387999783915236,64
SEG_0192,arterial,10.0,concrete,0.4988335222398381,0.49262381826358703,0.6624120057824407,0.7593098918065492,0.912358640823246,0.019473467655971355,0.6551244276444694,0.2496485474124801,69
SEG_0193,residential,7.5,gravel,0.5424877854280368,0.5216996012660233,0.27039581925642475,0.8800434034233673,0.10746921084416117,0.27247455609383453,0.846492445437368,0.618327143201776,61
SEG_0194,service,5.0,unpaved,0.5346117217363208,0.6447360039672424,0.4193107799684297,0.6548149464288797,0.1060700720829707,0.46908429327371304,0.26934570999553886,0.7009361950780535,62
SEG_0195,collector,10.0,unpaved,0.03355269456982979,0.447903944556004,0.8248134824232662,0.2197581123918605,0.6228138196631522,0.08350331516291276,0.9293082622231252,0.21423515218091005,73
SEG_0196,residential,7.5,concrete,0.3784310615401508,0.42094795719175826,0.3251947984046867,0.628216316393683,0.8677481964683779,0.8330228759377226,0.7642303967376336,0.8645130508502517,57
SEG_0197,residential,7.5,gravel,0.8880463552353529,0.6998141737864569,0.4944316895252798,0.7999045059749991,0.5429070264350764,0.8294470462069555,0.0581535273144389,0.25188041196444266,44
SEG_0198,arterial,7.5,asphalt,0.2220840997386666,0.9582808058913688,0.3316370586642534,0.29073814011473686,0.4153816838574149,0.8492583179907547,0.3286723092178534,0.13905141365980156,54
SEG_0199,highway,10.0,unpaved,,0.5965819090416186,0.38660499450312724,0.5343688097961656,0.09870008295135957,0.6169946947111206,0.9035376243917331,0.3490864500831514,48
SEG_0200,collector,7.5,gravel,0.6435708806393512,0.7845543074013551,0.6041343109647137,0.19438057156042277,0.012269839900469148,0.9791347470770102,0.06536247160436848,0.9981675231780665,53
SEG_0201,arterial,3.5,gravel,0.5254794615997486,0.08351922735750716,0.986821109516178,0.906062281077042,0.8396883791707701,0.3618741193736018,0.5583297975211782,0.6572832848809242,74
SEG_0202,arterial,5.0,asphalt,0.45437374629187655,0.28329409813728634,0.9644672993231871,0.764544019243056,0.25209602029149347,0.685827698246824,0.17440901844348378,0.7706784528356387,69
SEG_0203,collector,3.5,gravel,0.907834672249188,0.30052538609937274,0.42939815800209,0.22967081139142476,0.5479347436860923,0.526487615766026,0.03499787761917594,0.3236168609479574,41
SEG_0204,collector,7.5,unpaved,0.6198929165738283,0.4556027734852156,0.04588213799682994,0.8127860518648323,0.457567944211029,0.24715582676320047,0.1837354353294547,0.7526649126578526,58
SEG_0205,service,7.5,concrete,0.463101690742893,0.0013392713551579893,0.7684986322799156,0.2175770525006433,0.5343351853746808,0.8981224027071008,0.8401246297868977,0.6280163235229859,57
SEG_0206,residential,-1.0,gravel,0.08874180311868285,0.10406234719315399,0.43314353955549556,0.2825269469469054,0.6152162559582243,0.15114743949177134,0.7885648031887881,0.4205673425300679,61
SEG_0207,residential,7.5,concrete,0.0985672116609736,0.21203004280550664,0.6523069038259153,0.4560042334157469,0.43829654303035703,0.4872315182996606,0.3276902999515706,0.8338209973823609,65
SEG_0208,collector,10.0,gravel,0.35513427042292656,0.032685692168033076,0.34886649243233103,0.8883466542340569,0.8899166356232817,0.03385950496593215,0.8902831083277013,0.18982194175824463,67
SEG_0209,service,10.0,asphalt,0.47827248483816387,0.9870379145191583,0.2130096634902191,0.565737043724499,0.6658548089320604,0.4597365093706992,0.4958469489194949,0.1435811368087443,56
SEG_0210,arterial,5.0,unpaved,0.7468869900421424,0.9561730254675371,0.47873311476999714,0.17734635336411497,0.7260706213059077,0.1190753619146444,0.2967972264581835,0.994093757742971,59
SEG_0211,collector,7.5,unpaved,,0.5464386590791267,0.2531366673909027,0.1353380993063108,0.35171139802909035,0.48294712434090603,0.11003418728083281,0.1771383156175037,36
SEG_0212,residential,5.0,concrete,0.6422514231528136,0.8973924671938964,0.7504192163824128,0.2814463971027016,0.4937175645634977,0.35594298449602346,0.5028710065896023,0.8606139940272572,59
SEG_0213,highway,5.0,gravel,0.42095812789174714,0.47706375608035334,0.5996234903457185,0.29523343161795124,0.020888235238898156,0.8807102170055447,0.6277040505598489,0.2954909020112789,54
SEG_0214,residential,5.0,asphalt,0.5960725595873536,0.10433424150134873,0.7673894654717184,0.10130032814208811,0.19471711386835866,0.3089010751088527,0.868368747139989,0.48250087773638595,52
SEG_0215,highway,5.0,unpaved,0.15990846921215396,0.5322910684605439,0.5254175563595391,0.10044373733006584,0.6900193170131039,0.563411754694031,0.44581761912942597,0.29604598382951475,58
SEG_0216,collector,-1.0,asphalt,0.08303941583668417,0.9563805661363515,0.9159523441823262,0.1230697384631767,0.008550146475832299,0.6506407348059191,0.6443766767853364,0.95921377682373,75
SEG_0217,service,5.0,asphalt,0.3910014052363481,0.4228750482091832,0.23061116359374034,0.21006404393283917,0.6325918093733642,0.915952426091115,0.8014022982997178,0.30377162584515405,48
SEG_0218,residential,5.0,concrete,0.1284125861955694,0.24367538426556112,0.19277473382504806,0.2792797915462836,0.046182141554117706,0.1688534045618414,0.8931255286342403,0.6177846132909481,59
SEG_0219,service,10.0,gravel,0.3955038528167917,0.7405911030183449,0.40362021188338326,0.29715678499088416,0.40822660512784703,0.7846369065148576,0.7114222668870063,0.42347685375931343,56
SEG_0220,collector,7.5,gravel,0.5091905867122151,0.2458608705081441,0.8976645883202878,0.24072332322145196,0.14212103916471386,0.8377907727042803,0.8967996090451144,0.26027147497265424,56
SEG_0221,collector,10.0,concrete,0.3007364236758172,0.12219090234564278,0.2398195815507005,0.8502847379782873,0.8405810233324622,0.7093005332724523,0.6702433454515196,0.39912372053250256,61
SEG_0222,collector,-1.0,concrete,0.8247068047779377,0.07918388199193371,0.4633425869787501,0.5587163078866507,0.6416322881755466,0.2955196323637772,0.7714741046031595,0.8967898383156455,59
SEG_0223,collector,5.0,asphalt,0.8335807575588151,0.580966963030904,0.12328741187947911,0.7144968912645946,0.020005466252714044,0.5290931628814561,0.3264390279601308,0.012336976513625864,45
SEG_0224,collector,3.5,gravel,0.9984783204426338,0.10836797877405102,0.925070976316771,0.2172256974701473,0.9353036694887389,0.047919929754072,0.8318900419596539,0.5079904576301142,56
SEG_0225,collector,3.5,asphalt,0.15017189421572164,0.20092121452391365,0.7309788529845188,0.8713773187459576,0.9339953776496608,0.2966870653328192,0.6806285177535466,0.3893551894379774,76
SEG_0226,service,3.5,asphalt,0.430878972402724,0.04872115354886952,0.44803657872775227,0.9276822610284162,0.1870363223403575,0.49624958326375535,0.8079511109940664,0.7140173840738296,68
SEG_0227,collector,5.0,asphalt,0.5976668819546135,0.8480665876967818,0.7646561441475385,0.30104195980372794,0.30368286314298953,0.08795822556664434,0.7269745291508799,0.39036150861916874,64
SEG_0228,collector,5.0,concrete,0.2315832912004231,0.8223069787596973,0.11481391046906564,0.1485792841628515,0.7202267896808409,0.9176998750394207,0.884966868121003,0.5803072321810832,54
SEG_0229,residential,10.0,unpaved,0.06272451975534432,0.45040528143423464,0.11334982511754599,0.05159268165299369,0.07605755138779513,0.1943278454906585,0.28498267174981373,0.8261994663045859,56
SEG_0230,collector,3.5,asphalt,0.0857962878288765,0.2501782102872683,0.34048458596005515,0.6724881289542834,0.07926551659186187,0.0719797642977934,0.3888919983943977,0.3482743711166334,69
SEG_0231,residential,7.5,unpaved,0.8470766900404059,0.23854654101145223,0.14036656136084869,0.31795561362719493,0.5280910702054433,0.8862845885360683,0.8164923560259618,0.1524366409675062,32
SEG_0232,service,5.0,concrete,0.5325288083186754,0.4639012902489382,0.5344493403776122,0.9206713378857294,0.17366935519204307,0.05402892853753083,0.715461920690515,0.18176756531725224,68
SEG_0233,residential,7.5,unpaved,0.7721884941655605,0.7623850619108168,0.15277645775741766,0.4540989692078301,0.14543128446013687,0.5595434969982058,0.01793955551427051,0.310490147819083,40
SEG_0234,arterial,5.0,concrete,,0.5981956386237636,0.8573433450498246,0.574607344173728,0.4363977490287939,0.4061254952081359,0.7676693873041253,0.15322500819607676,55
SEG_0235,arterial,3.5,gravel,0.6268051499417313,0.7653817963527064,0.6599539131478217,0.31954964220249626,0.5562105491320638,0.4312255760913002,0.7405307481124302,0.06185519577486209,55
SEG_0236,residential,5.0,concrete,0.8988617446092195,0.7367343020719254,0.5280207907729714,0.008015130193476994,0.3044006465947212,0.6006691481802724,0.09681377322666596,0.6284215314969193,39
SEG_0237,arterial,3.5,concrete,0.056968269922093806,0.04379374459588947,0.10766246901536558,0.6301386271839993,0.23631573590108546,0.15987551921918908,0.8835109438148839,0.8511825464169112,71
SEG_0238,service,5.0,concrete,0.44757679032601216,0.44117938095367626,0.3285362145447035,0.1510035226815677,0.3208718847456009,0.9644807975732919,0.6061469611658287,0.926386738776103,53
SEG_0239,highway,10.0,gravel,0.17921999708103498,0.9945638388841094,0.6005946600925403,0.46048593574078533,0.058921545441761425,0.625057174123575,0.23565738313069495,0.25833893044255807,64
SEG_0240,collector,5.0,gravel,0.30528940371138513,0.6073327049219385,0.05233714736225814,0.1217242512518909,0.04883644143309662,0.7014101713065368,0.3000900938991955,0.49225335664118053,48
SEG_0241,collector,3.5,concrete,0.5886060788897001,0.25874484057050207,0.6056599639070581,0.8579677266702587,0.7809915419288638,0.11337385405301681,0.28324133340912006,0.8434948826574442,70
SEG_0242,arterial,3.5,asphalt,0.804828733793201,0.030111368979572783,0.4089396621920828,0.056534644376731724,0.12697549511008177,0.023332460960890256,0.9114855534505071,0.48304301344632605,50
SEG_0243,collector,7.5,gravel,0.2257279094891549,0.7301684040601734,0.45349084140603746,0.3639870782640664,0.9745362746238748,0.6934497588882351,0.2476584352741631,0.18506054522462334,57
SEG_0244,arterial,-1.0,gravel,0.7389054111080567,0.2661623239654456,0.32360043579911557,0.7063697772657374,0.20457773795778844,0.9887312442210705,0.4159385577050476,0.0992255618852298,45
SEG_0245,residential,7.5,concrete,0.2087038857601119,0.20065845665580517,0.5309042985478674,0.014802399933513288,0.2379815504490702,0.08672134880715465,0.22139084950836163,0.5507734011658139,55
SEG_0246,highway,10.0,gravel,0.12636006438795255,0.5185303376844893,0.13958264574786772,0.847358156843831,0.48825800600292946,0.49507905933252017,0.3393169453326683,0.6628826510277802,68
SEG_0247,collector,3.5,asphalt,0.8937433080513416,0.529217533614165,0.4120570407681492,0.3252645287407985,0.37808252903545847,0.5226525113332794,0.24489563457541885,0.264112750714394,44
SEG_0248,highway,3.5,gravel,0.15644794065400902,0.5588442036713596,0.9350240316294156,0.16815823456687518,0.1465997905191817,0.5014658178347627,0.5010059280056377,0.8019309511908546,71
SEG_0249,service,10.0,concrete,,0.23356481884335512,0.4316662296883661,0.8670298065122661,0.5634779262877272,0.026533675590441286,0.5096702256646123,0.36373315858838895,56
SEG_0250,residential,5.0,unpaved,0.7118866098017483,0.29605034959956056,0.318293033660872,0.28855903990371445,0.08534595400830336,0.5181408539925652,0.5791704088643898,0.3439414041887431,42
SEG_0251,service,5.0,asphalt,0.30943540441249373,0.5097887539016527,0.022441070440490485,0.7897330439325262,0.635221100505297,0.7553471298983453,0.26595531578131304,0.6625796191094755,58
SEG_0252,service,5.0,concrete,0.048213660441629336,0.14054521074341175,0.9510667602778045,0.5555525824036597,0.009191054279451216,0.07769675284376676,0.9107915749174099,0.9010586195806893,85
SEG_0253,service,5.0,concrete,0.1113889363739402,0.5079693229998623,0.9050219798815269,0.6879963299382518,0.22517728398270276,0.927931234850832,0.7411756392763975,0.7189573322917858,75
SEG_0254,service,7.5,unpaved,0.14990107910116657,0.4447226028986381,0.3788834719330477,0.6125049221839997,0.32134322679750793,0.5155378203416519,0.20466610649521422,0.5364228641064702,65
SEG_0255,highway,10.0,asphalt,0.425922377124359,0.2772648177860312,0.5971128407512811,0.6875644785331279,0.9887426420809085,0.5709615598114024,0.24422290083278642,0.4546061477960649,62
SEG_0256,residential,3.5,concrete,0.19621246256405,0.0833237796174352,0.9017911702081922,0.6549744645933095,0.6788059130620742,0.040252523329129763,0.11800547933633498,0.5260443288638393,70
SEG_0257,collector,10.0,concrete,0.3919733224449373,0.47081645075258105,0.7772587598236027,0.8318178569354763,0.9209732659412748,0.7551648848796321,0.5649273847519416,0.7853377155415787,71
SEG_0258,residential,3.5,gravel,0.6917867981541763,0.2398032705897083,0.3403127606034585,0.9417292653492009,0.9142925244570725,0.8776818866633279,0.25801280119013303,0.015156208605362265,44
SEG_0259,arterial,-1.0,unpaved,0.8410036835209636,0.3799734986618021,0.2111410059297295,0.7859548778364159,0.7308015103394363,0.7322062249603173,0.6311783780527559,0.04296411565247493,46
SEG_0260,highway,5.0,asphalt,0.9001055956744989,0.4910998761551342,0.8247636650046234,0.2610877158490932,0.27202120726330803,0.2625055971878941,0.28479502704188764,0.8169832859228431,57
SEG_0261,arterial,3.5,gravel,,0.6366741260800853,0.5987884420208366,0.546750329975501,0.4291613886269492,0.695667865814222,0.12582673076809858,0.4910647130243474,48
SEG_0262,service,3.5,gravel,0.432492564805927,0.1783377962184588,0.20956559490533389,0.1907668084049028,0.3547308094928404,0.30811268563728167,0.09225066092272383,0.8772092776769326,54
SEG_0263,residential,-1.0,concrete,,0.7400303741913846,0.6001459706646601,0.21134795009331575,0.025260925516637056,0.7696026447231924,0.10946140135951554,0.3768920099605233,37
SEG_0264,arterial,3.5,gravel,0.8580031812334618,0.5617820423523572,0.21742780106319015,0.07420012979378543,0.8999731145545155,0.9482956061948058,0.03328851707245095,0.9248800053950684,39
SEG_0265,arterial,10.0,unpaved,0.5253914136229686,0.6150716458109287,0.5880243410894778,0.627779371676283,0.04221650233620999,0.766457365047552,0.2803381903482829,0.5842549512360826,60
SEG_0266,collector,3.5,unpaved,0.2561188154410067,0.29504962198135065,0.5903673101276669,0.017578157335253253,0.41940085369033964,0.9642082066825368,0.389172582759002,0.5497772570791415,53
SEG_0267,service,5.0,gravel,0.5219370984843733,0.8274740763825523,0.702655769045659,0.3029453717443158,0.7493500384069961,0.6188762919180785,0.5722362783903061,0.1422107728541102,56
SEG_0268,service,10.0,concrete,0.4728570715763766,0.322921517523996,0.90458474520323,0.302218542863098,0.8251924425875915,0.18218137020174763,0.9092463591213423,0.13646838159624697,64
SEG_0269,highway,5.0,gravel,0.19714074341863463,0.6707674432050781,0.9055304420277944,0.5116001767801838,0.35787552073868323,0.37302493670957626,0.6409478694925765,0.6959674471629146,77
SEG_0270,service,5.0,asphalt,0.3795145550686565,0.7352067230380805,0.3029067444591935,0.7264593922467735,0.3133388995068206,0.15876296979106386,0.42690917745433454,0.24502787278369087,64
SEG_0271,service,5.0,concrete,0.7042779936259558,0.5487432099868147,0.7802966173315283,0.15012656333072294,0.7598521624928569,0.7597118269001192,0.5318451989617037,0.28100095659083724,50
SEG_0272,collector,10.0,asphalt,,0.10366691095373837,0.6815052216992545,0.08017936260375325,0.06870893771936692,0.19619782428072186,0.256330744542407,0.6281975043360571,47
SEG_0273,service,10.0,gravel,0.22075426266130183,0.6465978763422376,0.1642748697854708,0.6743354759518673,0.5127120713502176,0.5018513002419492,0.07654079117915669,0.2944851900468254,59
SEG_0274,service,3.5,unpaved,0.664628524423358,0.6842575466639833,0.2324492471362284,0.6516920448974892,0.3798961382479247,0.1621646543106977,0.216735429017067,0.7955083566004617,60
SEG_0275,collector,3.5,concrete,,0.3643098266401942,0.8201248392831743,0.3609883599454746,0.024071446990076795,0.6265365580899748,0.9061602559890509,0.7331601105419541,55
SEG_0276,service,3.5,unpaved,0.04222707257809022,0.2069071147175584,0.30447260324932646,0.40880914377461786,0.07600964337961524,0.263490750019278,0.8472539799996989,0.6139136609958875,68
SEG_0277,service,10.0,unpaved,0.8697747041892189,0.6857291946741414,0.2998204931833429,0.9780338915171417,0.3216354574011857,0.8849657694753833,0.1561988525722957,0.4475748912586176,51
SEG_0278,collector,5.0,gravel,0.008182249468176028,0.09927842313056778,0.49352871993278136,0.4717587916232887,0.9957635316257357,0.22127340566013165,0.10945090951519865,0.9895032767772951,73
SEG_0279,residential,7.5,asphalt,0.08516838027407236,0.28932585227875596,0.9770619314908646,0.00756758277274594,0.5884958343610289,0.5880122591588458,0.7598542198427982,0.22253692811302495,59
SEG_0280,highway,7.5,asphalt,0.09175419371614268,0.9023152253374385,0.6290364803299502,0.7087532769363024,0.14548743678878517,0.5497520798168393,0.9881689521807472,0.6639911319407622,78
SEG_0281,service,7.5,unpaved,0.9312640374118869,0.7105697183038266,0.9165703648271504,0.6629030559163971,0.5164923160977067,0.7829213745230785,0.4493959711667961,0.660134864480423,59
SEG_0282,highway,7.5,gravel,0.8253670574110333,0.3875493147986936,0.4480003617214574,0.7081869049299925,0.5574043885712524,0.14582897531736438,0.12368070868291603,0.33158104584257264,55
SEG_0283,service,5.0,gravel,0.3397365548135983,0.6008833902634417,0.6896676199610297,0.8258416446131068,0.42593337219255667,0.30767635465921406,0.2486583372157155,0.14104682959175374,68
SEG_0284,collector,5.0,gravel,0.7414362092563441,0.796688221626252,0.034881721783257325,0.34211608190187526,0.9531195066034819,0.6619056835704157,0.068571473058888,0.48079301102018546,43
SEG_0285,residential,5.0,concrete,0.7999520583091061,0.31480968409014876,0.6247578033547057,0.08346191755397081,0.45951125385622515,0.5338035501273591,0.34661890159958275,0.9834783174807249,47
SEG_0286,highway,10.0,concrete,0.12356856540959882,0.08747300560068749,0.4767128181316036,0.16151355574117776,0.5790661161398852,0.8334447682895916,0.029862923029096766,0.7499689214822355,56
SEG_0287,service,7.5,concrete,0.8726837428910623,0.4258469668604702,0.6405476508138737,0.3855035494549066,0.149218703267872,0.2725163521285964,0.21302919396574227,0.7912356621208925,56
SEG_0288,arterial,10.0,asphalt,0.5869050131892039,0.1829948546047665,0.7864660262562747,0.7086398384792567,0.4084891638417,0.2688781986941362,0.02972138319304718,0.6214872561507375,65
SEG_0289,highway,7.5,asphalt,0.7435192760741189,0.9905641898969347,0.7872096621258621,0.018349788296655678,0.5444449467356794,0.48503028566886575,0.3715935859096541,0.5388612533042094,54
SEG_0290,service,5.0,concrete,0.7702852923905044,0.9732276062092821,0.7051065555147297,0.07008154248084464,0.7350957158845308,0.8676713665003766,0.059549911897323504,0.4121839850394151,46
SEG_0291,arterial,7.5,asphalt,0.5256549572097919,0.3115443215359929,0.6415410344201343,0.9102408517629728,0.4827490610919982,0.014945630500006524,0.8597251682537173,0.0395148442769333,68
SEG_0292,collector,3.5,concrete,0.35782152764473585,0.12648660822859592,0.8153641399248373,0.8825162036909258,0.6447646280783572,0.6273464349239237,0.4453287098719275,0.296717501914176,67
SEG_0293,arterial,10.0,gravel,0.4013923024157662,0.8446580552246973,0.4661335381616548,0.22462732195289714,0.5824497745031902,0.006019975348152351,0.852055913474585,0.5745327091941995,66
SEG_0294,arterial,10.0,gravel,0.5017287403819369,0.5767226390625887,0.8513029789492648,0.2966020197257093,0.33042648354622584,0.14757824517710827,0.8161435844374189,0.7473321531162161,70
SEG_0295,collector,7.5,asphalt,0.13774915222587514,0.10401388679440093,0.24437056394073187,0.4937160745000967,0.14034368296419142,0.5841878977161078,0.3590234633873468,0.22296734441236765,57
SEG_0296,collector,3.5,concrete,0.696055306313974,0.4191385584391404,0.6878921175553405,0.35639946058410765,0.23349762917634598,0.15422025126038386,0.06428675377762738,0.5871585190877027,58
SEG_0297,arterial,10.0,gravel,0.6349062372784711,0.12920582770140798,0.8253895893060053,0.8768372852028956,0.05928614450134495,0.5508278518716537,0.9397005132123908,0.8617258477174122,71
SEG_0298,collector,5.0,unpaved,0.6599887529331054,0.967892545588567,0.26937667007731203,0.1904773042171115,0.5212392422808946,0.867913494589439,0.4003149397587452,0.7934676887868165,49
SEG_0299,highway,5.0,concrete,0.37144361824006733,0.033643020954016056,0.5255847599084192,0.8005866097516359,0.5860985619786802,0.9725257222440835,0.9671651629879436,0.4513316834132405,62
SEG_0300,service,7.5,unpaved,0.0620493305565728,0.5090722229207019,0.9099633254538498,0.7705739811363066,0.8336532885702695,0.2671906457222407,0.307183177471989,0.20396419693626677,77
SEG_0301,arterial,7.5,asphalt,0.6063622416671426,0.28329992472723065,0.7063558934041918,0.06534982923941568,0.970407776507402,0.04189576910753412,0.7473748755766126,0.48481923760294643,59
SEG_0302,residential,7.5,gravel,0.9016269374561372,0.8421902606002205,0.46623740942948577,0.2957753545468891,0.7774348244942174,0.5104583207429526,0.46504233267182116,0.15670203670773575,41
SEG_0303,residential,5.0,gravel,0.626502824491839,0.21953711111807794,0.7952921624932141,0.12053876802860308,0.9851168527538842,0.8401819677654925,0.5989149027923133,0.8656200149476085,50
SEG_0304,arterial,7.5,concrete,0.690967866774981,0.8795898629061412,0.2788471837781371,0.7212837885922344,0.18345592632070273,0.48954039372602765,0.928108208194506,0.3982803010688788,59
SEG_0305,arterial,3.5,gravel,0.16079171452044472,0.9233973282720589,0.773864095938594,0.32310521734046393,0.39270188607183065,0.49280865747905567,0.5786449549854596,0.3213641425749051,69
SEG_0306,service,-1.0,asphalt,0.9960730074351951,0.39500653361026705,0.971985578852385,0.38377108645333613,0.32450780349388797,0.6601491807460775,0.4750513129372944,0.2752791109828371,50
SEG_0307,arterial,7.5,gravel,,0.6104750763432392,0.7376849673949388,0.23942239612905458,0.7923175126451625,0.2714366264990272,0.7293984940122401,0.9448471910981129,58
SEG_0308,collector,7.5,asphalt,0.9473254085381039,0.34404384508682506,0.7800745346396426,0.9490767099936632,0.1517343379917776,0.5127670774368261,0.28574179134113487,0.6862605163821466,61
SEG_0309,residential,10.0,unpaved,0.7912288474913984,0.5569226505290201,0.13130900079126473,0.49045303080768654,0.0776233234515894,0.10119637832224204,0.8944374307510975,0.6594603812577433,51
SEG_0310,service,7.5,gravel,0.400834714383019,0.10499163520524146,0.11349779519838255,0.628034131571291,0.5836282009705609,0.0913684967889119,0.21478707868788915,0.143545706296623,55
SEG_0311,collector,7.5,concrete,0.15677784295026598,0.4192753399653274,0.3605923139798176,0.9919759214463364,0.02484907145481363,0.5062266436673732,0.8146078938275774,0.18189225524518615,70
SEG_0312,collector,10.0,concrete,0.1401892424721608,0.8731958440991385,0.25582640888914954,0.05539884219104618,0.9704277597122758,0.8452490197334837,0.9606120762810085,0.4909558874939206,57
SEG_0313,service,7.5,asphalt,0.2129387089064435,0.7806085727542424,0.06990675171484817,0.989560838670673,0.9252568726921911,0.45703336678028206,0.42730883571897016,0.3533895199580789,66
SEG_0314,highway,5.0,asphalt,0.3272373955569716,0.3476838191967456,0.4801227860739333,0.07533304771015781,0.7443055748034089,0.48703660859226716,0.3457358738338727,0.3998635410987429,54
SEG_0315,residential,10.0,concrete,0.12796661736700798,0.7239922287879597,0.640038949168893,0.12159907902313538,0.8588039224348306,0.28928183531936713,0.9599388667986306,0.17692926141854493,61
SEG_0316,service,3.5,unpaved,,0.8476110735433784,0.30144864155652107,0.18312848004028026,0.965167648323103,0.9683727065766536,0.22780579195314843,0.4857488936494674,37
SEG_0317,highway,7.5,gravel,0.05741279359998652,0.08048995447470841,0.4163062710795594,0.2470885437362088,0.9791802385166867,0.5378830025114699,0.44354643601293664,0.8055649864339232,64
SEG_0318,collector,7.5,asphalt,0.10231143213118488,0.004607962745811545,0.7829884075473708,0.6647219375661352,0.13887389330630207,0.5442304457918998,0.21935317192889814,0.3397817395293298,68
SEG_0319,collector,7.5,gravel,0.48267950312925123,0.3126063304421095,0.6780268302903223,0.28102694564725206,0.9403664516032633,0.6851374079968451,0.17567943469090685,0.12262098802441757,51
SEG_0320,service,3.5,concrete,0.8919036716643409,0.8677634741604677,0.8965565817651496,0.49165539075080167,0.7533470382208668,0.1976362840724305,0.1535967949174757,0.029935139800603805,56
SEG_0321,service,3.5,concrete,0.6514978901018772,0.48613585100339596,0.4253487541525791,0.4904850935718301,0.8650053620278192,0.32495962121064215,0.28695505196890014,0.5254120460544486,56
SEG_0322,highway,5.0,unpaved,0.2719994752777205,0.11435302096945898,0.2726507863628814,0.601173491325142,0.8614441762731794,0.3532037647537126,0.3101025831658276,0.37680160280341457,60
SEG_0323,highway,10.0,unpaved,0.9285514481921099,0.08874076738878978,0.22475824922635712,0.18683960171749048,0.6184840451079355,0.9302703675882327,0.13971271938559437,0.42032368468584924,33
SEG_0324,arterial,3.5,gravel,0.03158503086446052,0.8784224007607344,0.3243954052751947,0.09488306961196691,0.2784092188926336,0.17847949727959178,0.9391010951806926,0.7298608164538075,70
SEG_0325,collector,10.0,unpaved,0.8844532803546943,0.45071912111349377,0.46240712929545436,0.8285817018123344,0.853512146889965,0.17475855824889341,0.5235089513927852,0.07231895896773943,55
SEG_0326,collector,5.0,asphalt,0.8263089581935752,0.5708607230344712,0.0019811374619562727,0.6513231936188416,0.8431632147994312,0.9120257890524608,0.9714370066018192,0.8923092377906572,50
SEG_0327,residential,3.5,asphalt,0.04237410043059686,0.12527408332025913,0.03166091742872623,0.49926359584389257,0.20225086644970547,0.1196730561756405,0.9537139540030665,0.11089350391600761,57
SEG_0328,residential,10.0,concrete,0.23286449601882186,0.7660953603657087,0.04457429257530354,0.7907496915850672,0.7671586644434447,0.6550720310561046,0.5151652550020015,0.34272235422827035,56
SEG_0329,collector,7.5,gravel,0.5297213545996299,0.42607086820411566,0.14332337464245015,0.568826109888055,0.5490381288338981,0.02132227949099641,0.5283040304403623,0.0672130447065521,55
SEG_0330,collector,10.0,asphalt,0.4472851348020559,0.6967009906692107,0.838314542210151,0.39894582721216454,0.5605439949958895,0.8208426919155144,0.8358219984751958,0.4328255902844951,63
SEG_0331,highway,-1.0,concrete,0.5896534175485252,0.041258484841701026,0.29273535529070815,0.2535021828723103,0.5728495476747353,0.3068457916992947,0.827176339199711,0.12440521200628907,48
SEG_0332,residential,5.0,gravel,0.6434773569712564,0.026472376390581087,0.46246253366812873,0.7350247687592889,0.21828053194790775,0.5852713081478688,0.1544576289236016,0.43936811655744257,49
SEG_0333,residential,3.5,gravel,0.5069469007935256,0.393150916877124,0.8868567109783926,0.43544592689397954,0.6854537728682549,0.9566766262356624,0.16976982787942363,0.8768882236257802,56
SEG_0334,service,7.5,unpaved,0.28996008906867643,0.963526044662519,0.10167134025950209,0.8161786785533193,0.29624621284274555,0.7809044418707144,0.47998416664937993,0.2931052459647938,60
SEG_0335,arterial,5.0,concrete,0.025151028193026614,0.8639968746128656,0.06161613745375816,0.22763467557308803,0.07749285491066937,0.36143202104752825,0.12954627862858925,0.9022960528161915,64
SEG_0336,highway,10.0,gravel,0.9062895872407973,0.2978980673229046,0.3439045298848141,0.12492014812481689,0.25733507433260716,0.5808442008633297,0.5970340656375672,0.910919082354194,46
SEG_0337,arterial,5.0,asphalt,0.2974463242683272,0.985229754394107,0.904344347474847,0.47217719123591784,0.8808820280855171,0.6412704670819083,0.07104343123398749,0.22853837735010496,65
SEG_0338,arterial,10.0,unpaved,0.7013574602476244,0.21329025878815988,0.3798406164394854,0.5001884917406182,0.754897913721541,0.016812412273024768,0.45684083877237924,0.9037816262133478,61
SEG_0339,residential,5.0,concrete,0.583075563563439,0.30612417895081234,0.8127081563996573,0.7603408350116625,0.5571914521572422,0.49947277421624303,0.9514967944161651,0.39812620227835516,62
SEG_0340,arterial,7.5,unpaved,0.4399376590509875,0.499271904222487,0.9043166030491417,0.8350764969798595,0.35165391188615003,0.7028910752608012,0.8641255530758115,0.6063423989031406,73
SEG_0341,collector,5.0,gravel,0.9354635904807919,0.8242228167158132,0.06755641253991573,0.6676607278617167,0.5249588558564002,0.9253168945464527,0.43749188694131935,0.08241031554637657,40
SEG_0342,residential,5.0,gravel,0.7689635540524915,0.04152801818804619,0.3714065797753707,0.9843650215989227,0.7801188210491592,0.7275270190512099,0.5820159051280477,0.43813817474164185,50
SEG_0343,residential,5.0,concrete,0.30414615128995026,0.2764108765057869,0.17483618474128315,0.5127377989953411,0.12354749969876477,0.95283021399693,0.9048812727543736,0.9018934901000918,54
SEG_0344,highway,7.5,asphalt,0.6090566542000444,0.7711151664641522,0.5996648762341448,0.7020315202379859,0.9419381129229423,0.7677976757731414,0.5167143960202197,0.6869812419368104,62
SEG_0345,arterial,5.0,gravel,0.1789890448555751,0.32108870892977237,0.4295480705747251,0.35812210982957426,0.9629745995322663,0.4035481884962633,0.6679387166927252,0.49704327047289765,64
SEG_0346,collector,3.5,gravel,0.6407327859722391,0.7812672428736364,0.030418624885896195,0.20724733541799778,0.6805959904377025,0.8649541286919425,0.8985172466333856,0.55444663383224,46
SEG_0347,residential,10.0,concrete,0.8998356324973977,0.5993179219327032,0.02117229439667867,0.08143970345115659,0.3169045563597995,0.49005867389216173,0.5486547367437415,0.13993734239200117,30
SEG_0348,residential,5.0,gravel,0.3414147267283032,0.6039085169071278,0.99497049659191,0.10123229868302253,0.9477718884338117,0.3308424245991458,0.9228217162480182,0.5651259666391913,64
SEG_0349,highway,5.0,unpaved,0.15271511315855124,0.6513197649122866,0.3763774459707159,0.9628129902020054,0.4599711876385505,0.5526562548575387,0.25728863673581304,0.05215125914906671,66
SEG_0350,arterial,7.5,asphalt,0.5923136037890253,0.3229199435302912,0.6163237642398202,0.3811542142865981,0.24463891959100614,0.26398353856083134,0.30343632087991823,0.9357715428640548,62
SEG_0351,highway,3.5,concrete,0.23988940661707892,0.8989018902498557,0.9630568773742163,0.1487770308089743,0.2268095943141034,0.060142573907286834,0.43123622904665593,0.6275172179501053,74
SEG_0352,service,10.0,unpaved,0.08562456325336598,0.9196560065795777,0.5013074542748841,0.23014191448024623,0.1143097466565357,0.05599279920087907,0.6279409365145843,0.5739381716137681,72
SEG_0353,service,3.5,asphalt,0.11054297199583207,0.2676656684114934,0.48696163750956933,0.1325045240206577,0.23911097617511246,0.7323208819707199,0.28964973814893735,0.2863838696103146,55
SEG_0354,service,3.5,gravel,0.6172793624044883,0.21600842509709972,0.43514684775577517,0.016946252035475506,0.5111521865673138,0.9729840568265166,0.5699364930412283,0.2511587786232402,41
SEG_0355,arterial,3.5,gravel,0.48049284913626544,0.5821105426292399,0.8136168029376434,0.6812536986350558,0.3430232316580436,0.7218731468132293,0.743387460128975,0.9557335637823512,71
SEG_0356,arterial,5.0,unpaved,0.9039355033785117,0.7414494361709856,0.12511754664778052,0.7275628858310625,0.8767167175060042,0.7878862396089205,0.7904701486434155,0.1231222048976004,45
SEG_0357,highway,3.5,concrete,0.7188567045644726,0.7780924185098161,0.901345534722004,0.031270655007061166,0.9291526778782231,0.8146159651271047,0.10896934724128349,0.7368338604598447,53
SEG_0358,service,7.5,asphalt,0.7255750126145287,0.0973074049028505,0.4701970393062944,0.48911297880362536,0.5923908284459698,0.5532312852951887,0.8371187464568369,0.12190601124550882,50
SEG_0359,highway,7.5,concrete,0.6549911460135295,0.08785266452174811,0.7406549252803908,0.3003970076997511,0.08493500693568778,0.02229561289052351,0.8842716043921675,0.7139138806178451,64
SEG_0360,collector,10.0,concrete,0.3357337808494848,0.692489113629561,0.34042793286976725,0.07278718184882571,0.42481930887441244,0.9988133056969665,0.9550935942415176,0.5130426582197486,52
SEG_0361,highway,10.0,gravel,0.5592686571912739,0.5901017559856464,0.6805541515746155,0.1338780852381355,0.08337285445059583,0.06310594103830491,0.9278700486936631,0.038299907956596546,58
SEG_0362,arterial,5.0,unpaved,0.7740983807257917,0.8381296668216782,0.8674239908147439,0.9040110499030087,0.6666177545967965,0.9257620927085295,0.3325035374251102,0.0007153328365089306,57
SEG_0363,residential,3.5,unpaved,0.4734667442786108,0.5236802705508273,0.3047334733999041,0.5060385190727277,0.7753297128832018,0.126699794789361,0.1986773809843173,0.939378423445053,59
SEG_0364,highway,3.5,asphalt,0.07833673527866014,0.4811043888248401,0.22641178934614759,0.24212575504374179,0.5906525059124629,0.43102171068373496,0.33150189889387827,0.1077415978101548,56
SEG_0365,residential,10.0,asphalt,0.6703565782769482,0.005262497839062297,0.2883135139332207,0.45112344943533356,0.8932228317102663,0.152286900660076,0.15437379967282272,0.6235976446177556,48
SEG_0366,highway,-1.0,asphalt,0.6115646717064938,0.8183479920335085,0.6455375528574643,0.6546670135010567,0.884727726785208,0.5972892842896731,0.6907565260124386,0.7925892233986356,66
SEG_0367,residential,10.0,asphalt,0.7930793283332465,0.6567245963514025,0.3913927739961951,0.20691031003473248,0.8405302776598751,0.8486085403627052,0.18273749911424186,0.2716246134774364,36
SEG_0368,collector,3.5,concrete,,0.5643943964601769,0.07054328021952794,0.37777336178620036,0.8130751385006625,0.3926324904561159,0.5904944672629444,0.6115175804279135,44
SEG_0369,residential,10.0,gravel,,0.8211456635626242,0.7696501907382024,0.8511544675671366,0.8863607333669804,0.6368982818630828,0.7120412060466396,0.20252783720554912,52
SEG_0370,service,5.0,concrete,0.14128414268165335,0.3521938265301747,0.43115660021059454,0.31688083547816615,0.4780109935137953,0.1957525194160078,0.40927761969795773,0.6754065024295764,66
SEG_0371,collector,10.0,unpaved,0.33513051309824005,0.5139417091162773,0.5826918201552328,0.7954573925741841,0.21814111264694347,0.517608249738514,0.1227088848666954,0.19403847790880746,63
SEG_0372,highway,3.5,gravel,0.3666605843648584,0.19905738457601652,0.8408217763741189,0.9504219816292637,0.5378125268228318,0.8256462858656072,0.9383415281997095,0.3661473372731867,70
SEG_0373,arterial,7.5,unpaved,0.9093734368737632,0.663297786609997,0.38788830896500937,0.020569116449579594,0.047029567035681064,0.4666698903891625,0.9045671059812961,0.05456251394316314,41
SEG_0374,collector,5.0,unpaved,0.6199261639918596,0.5502874061286254,0.6445939225400329,0.09480791952857293,0.9147998542221694,0.9293259439861092,0.10039582453036122,0.34120381946363,46
SEG_0375,collector,3.5,gravel,0.9699444924157813,0.24365739153122867,0.781956534102995,0.264524188251409,0.8241363050757144,0.17423226661983737,0.2386358162000849,0.2685433427399452,49
SEG_0376,residential,7.5,unpaved,0.04388970313508944,0.5282350510095547,0.27645474992349905,0.04838499743450697,0.9227100118207027,0.7775310228769213,0.9557697760539621,0.5003709109047676,53
SEG_0377,arterial,3.5,concrete,0.3030331833118203,0.9150507172117611,0.940550073238914,0.45692223596589954,0.08026009013596946,0.40145872059053,0.6725074610864504,0.4615230145350331,73
SEG_0378,residential,3.5,asphalt,0.05815780012284921,0.6216099023133793,0.27297307036215335,0.23556571221117495,0.2190260667390419,0.9723445654770239,0.36648339028677057,0.343461577589547,50
SEG_0379,residential,7.5,asphalt,0.5120954622929137,0.7261704865101489,0.9150936559170453,0.9009496812624724,0.2330152518771884,0.04030258604032644,0.17871840794853466,0.038857167656442204,66
SEG_0380,highway,7.5,concrete,0.32289397808058096,0.7555855979178763,0.6557644410047534,0.9589691929118771,0.27910941153988633,0.16460247212633694,0.5717860877915135,0.6159001639131261,78
SEG_0381,highway,10.0,unpaved,0.9848989180402422,0.6937080492017706,0.4303620080649654,0.6454031784136969,0.9571806999967648,0.33230962868376834,0.33665706783708294,0.8781841763020791,57
SEG_0382,arterial,10.0,unpaved,0.31714608977989966,0.48755936109297404,0.3034212592668264,0.7224854467851664,0.5313685186921899,0.8263933764102211,0.9580829496128447,0.5004808546941838,63
SEG_0383,highway,3.5,asphalt,0.33288620751668074,0.9651171633571365,0.26693869446962404,0.4922337586582314,0.9506730436440874,0.04847300077943972,0.3588749328200196,0.883057663344075,69
SEG_0384,highway,5.0,asphalt,0.22008046193428477,0.6955640369967844,0.8536552553483738,0.29459011474622776,0.26666732265640947,0.05012032979268488,0.48366606262521095,0.7951997760102207,76
SEG_0385,collector,7.5,concrete,0.7493113372019257,0.3685953144326749,0.5695222534732329,0.5649428466946791,0.1888627495304559,0.5897717329877527,0.8857524185826576,0.8126865949050995,60
SEG_0386,service,5.0,asphalt,0.4720215281991854,0.5695023285125564,0.935521093709536,0.3991603047603012,0.8616240138916548,0.5033645336524392,0.6678988414166462,0.1845380841309513,63
SEG_0387,highway,10.0,gravel,0.5572102747580382,0.5678572124738357,0.7182097545643903,0.7256305797425032,0.47341059532847174,0.2351665554996658,0.8303760283866628,0.5543704123351596,70
SEG_0388,service,10.0,concrete,0.7003135239691759,0.39147832744421074,0.6687111751013772,0.12855952279025373,0.49465722818133295,0.7332766335475048,0.22448273395577067,0.8388496051531389,52
SEG_0389,arterial,10.0,concrete,0.5140066848499504,0.186973287952944,0.28552404200764014,0.8283676506349584,0.4682906012206902,0.4675513699681376,0.9229637543857229,0.7211437228723132,64
SEG_0390,highway,5.0,unpaved,0.9837944631433286,0.7802212599980581,0.5264632810840014,0.5993160057292823,0.8012443802217106,0.8275337590094078,0.1449406494541774,0.36926402134158587,47
SEG_0391,arterial,7.5,unpaved,0.3779451018875075,0.8574420002138344,0.5414182650938816,0.48663934023003885,0.7433536415907201,0.7246040511161931,0.15872439181887676,0.4939909991513137,60
SEG_0392,highway,10.0,concrete,0.9966484425972929,0.5677527829841604,0.7160324448831724,0.391061309431026,0.36418789430163323,0.5112022853040047,0.7898217136014118,0.6120935091361679,54
SEG_0393,highway,7.5,gravel,0.5973090772581677,0.7985072496751658,0.8807493855356449,0.6343349957556427,0.10723381542281263,0.9654320660259913,0.658259399849194,0.025458609890202988,58
SEG_0394,residential,7.5,gravel,0.8990713919079971,0.11848059539833089,0.5410597781762847,0.498358320207115,0.7081974955788383,0.6529844281416506,0.6016903653906752,0.44489773475200656,44
SEG_0395,highway,7.5,asphalt,0.8690726261383258,0.21794042192841567,0.8123110213586968,0.42189032230911894,0.30710188865955834,0.008019720363747096,0.8286156113254571,0.8945256243833257,65
SEG_0396,residential,7.5,gravel,0.012484344958524352,0.819470069491728,0.5564072724993695,0.5954129350776796,0.882581377667867,0.4301852804066756,0.8163115474317705,0.3803952568551887,69
SEG_0397,residential,5.0,gravel,0.8918768932088321,0.761873376089117,0.720660330913344,0.18983538316233362,0.44387754511614097,0.5066226740683758,0.6549748875945144,0.7384097435694535,50
SEG_0398,arterial,3.5,asphalt,0.4441594551603455,0.33277590571714244,0.4967419662118703,0.5450342382216117,0.7422641441530612,0.5655346486919822,0.3000634845993331,0.3546196070882487,57
SEG_0399,residential,7.5,unpaved,0.5218848801506054,0.3943031493801923,0.20757296655561108,0.8397702853173628,0.7676326825980697,0.6580463451672179,0.6038660677726942,0.8122422523658918,56
SEG_0400,arterial,-1.0,gravel,0.10001498015401578,0.7327169982845688,0.2511250055661013,0.5102100321917501,0.3519512646034325,0.000250813750657608,0.5179567404153048,0.9781390605112364,75
SEG_0401,service,-1.0,unpaved,0.6100671696456627,0.3393151050501466,0.22269496245869036,0.8502997990875448,0.736333581061373,0.4139859216631345,0.437555380299132,0.9462768759268615,63
SEG_0402,collector,5.0,gravel,0.10441366518030204,0.930040106261292,0.49175304957414556,0.20893518781587161,0.2374172071323305,0.3514829150199471,0.5021062638907547,0.0752463828508515,62
SEG_0403,residential,7.5,asphalt,0.8259060313084825,0.6770535897549583,0.655907474552351,0.9427485867086229,0.4100221354755065,0.8211789931729611,0.459911330069276,0.6051450075294897,55
SEG_0404,highway,3.5,asphalt,0.712854362339538,0.5758434889671266,0.4747644059129409,0.2839632049991221,0.07065452842556041,0.22530646939737597,0.37880377021244804,0.15895103658121856,51
SEG_0405,highway,7.5,gravel,0.27970544289580745,0.7401659662414254,0.4471847423509929,0.012027366314016796,0.902592314771341,0.9998302731899986,0.9768307459990233,0.13323631009471093,51
SEG_0406,collector,5.0,asphalt,,0.8780907705192504,0.8649070995730639,0.2010218880451693,0.05027692773308545,0.6582965472753223,0.44562787301957474,0.5053221401959567,51
SEG_0407,collector,5.0,asphalt,0.23797906414172065,0.7427632655998324,0.8052659631688979,0.9171179477114995,0.05708379617678605,0.9499441552386746,0.8985665528450991,0.05949563195323482,70
SEG_0408,collector,10.0,unpaved,0.8501418991185612,0.6919834785675614,0.6370113301329984,0.8146376959149062,0.0208496106821785,0.4449466728131677,0.6716329067588719,0.04235938374361525,57
SEG_0409,collector,7.5,concrete,0.4495790911529369,0.3937793561896451,0.7129108040688094,0.5354975218169107,0.9495327925235457,0.8822886831766512,0.6507526476350333,0.7449612649604339,63
SEG_0410,service,5.0,concrete,0.2762598361064642,0.006648582618933752,0.7821301436738388,0.86143376637201,0.2593856728115793,0.5368175222373235,0.4161325960012049,0.14456803279670494,67
SEG_0411,service,5.0,concrete,0.8936303640400935,0.33535980453729264,0.840382913684699,0.7821051235536538,0.4008516168611431,0.44137722644177535,0.4376574945416575,0.43999164454976336,60
SEG_0412,collector,10.0,asphalt,0.4398831046091719,0.40681421961354536,0.25003219043882396,0.17281185777061225,0.5328332740090342,0.9254741559487729,0.4351796888177666,0.35875887476668844,46
SEG_0413,collector,7.5,concrete,0.8338310212923767,0.2728981149832358,0.7249082229652618,0.35914375252695063,0.43502883844055706,0.37308801042200523,0.8607190072055916,0.8975578927430669,60
SEG_0414,service,5.0,gravel,0.5826779174716137,0.7182569600455516,0.9896906257352693,0.631775432850075,0.3630703268264944,0.9909980040368248,0.5719945636098958,0.9817337139643589,69
SEG_0415,highway,3.5,asphalt,,0.5166684797100068,0.868934265837576,0.7145170919145495,0.3498580933632882,0.7719597301889329,0.5813279409705636,0.9900689069972972,61
SEG_0416,arterial,-1.0,concrete,0.013599729451914677,0.30840992016226676,0.45966082299794897,0.3149820680668223,0.6917994018900117,0.9878087459641018,0.6670653066077784,0.18061640093025189,58
SEG_0417,arterial,7.5,asphalt,0.8094622725654141,0.588656293517372,0.4756559805331856,0.33704907490170166,0.44751420136178444,0.5853300048846115,0.8302881253231519,0.9951431435454495,57
SEG_0418,highway,5.0,concrete,,0.04587140400898149,0.28016266171047566,0.43123510279717103,0.03334618782559107,0.4701037875229991,0.33472411565653337,0.793593789360602,45
SEG_0419,residential,10.0,concrete,,0.9619709209757453,0.4189669957470079,0.1723566938836728,0.046335416843508614,0.7955698240908272,0.9221322820836617,0.5797060557444446,41
SEG_0420,highway,7.5,concrete,0.16056700032223314,0.20302006886564117,0.45796317923850716,0.007127330725750447,0.310093114234234,0.35983368183527764,0.4557641619396652,0.5264823735336016,58
SEG_0421,service,5.0,unpaved,0.45090219763049455,0.7704871520948319,0.5490772168400178,0.8530157177849813,0.12133889865838743,0.17554589518522423,0.8388193658820765,0.3165975433171978,71
SEG_0422,arterial,10.0,asphalt,0.05703798042536301,0.011599294408808025,0.11004765472130873,0.8710731676133155,0.8590984639016045,0.054493378466202724,0.6458077288619486,0.15898078816747507,67
SEG_0423,arterial,7.5,concrete,0.9398390308558457,0.06431006841635956,0.4844372401109246,0.6572122740348038,0.18271313461726224,0.5366045250771295,0.2083428014280675,0.1883457487413528,46
SEG_0424,service,10.0,asphalt,0.4388369944280409,0.5957312158682452,0.8526891304891829,0.657231794209243,0.32757437776221887,0.48103029229755734,0.26650716124516693,0.6654720912257355,70
SEG_0425,collector,10.0,unpaved,0.9143292788320366,0.8538466114369652,0.5047738773955939,0.605780967294108,0.5113416655981738,0.2939697165071631,0.84646176421855,0.7108901505945964,61
SEG_0426,service,7.5,asphalt,,0.28962750202054943,0.7073697994689934,0.9129189249644459,0.48855926774927694,0.4486908518990418,0.35063468076592297,0.09303241208126511,53
SEG_0427,service,5.0,gravel,0.9765539926468957,0.22678061715373354,0.4625609360630978,0.7288153536425943,0.5422945732303096,0.9418342392841724,0.4134786349577628,0.8317421593879804,50
SEG_0428,collector,-1.0,concrete,0.15209037819941518,0.35243979171741135,0.9850923534866469,0.1707729743355001,0.5095555200893769,0.26461237273069327,0.43148294957625155,0.3319608520374584,68
SEG_0429,highway,7.5,concrete,,0.4415953826664021,0.042104166674670096,0.8801607277524702,0.339435396910981,0.8824771289911107,0.33275453696428003,0.586510117856495,44
SEG_0430,residential,10.0,asphalt,0.2865136725162648,0.7467029085867415,0.4857356891313336,0.30732538549105304,0.4838974243719877,0.661498949689437,0.8692804199715849,0.6806776475635408,59
SEG_0431,service,7.5,unpaved,0.09126501684659172,0.776401391253905,0.11846549252709582,0.08835856569018141,0.9213988303642004,0.7537666467547519,0.6774749995886551,0.6791871289297522,57
SEG_0432,arterial,3.5,concrete,0.5143072339588692,0.4234533099873451,0.646782220773919,0.058449456654309895,0.6925883430918761,0.18003143427627688,0.4277736223736073,0.3916544612400549,56
SEG_0433,residential,7.5,asphalt,,0.3169498937683094,0.40576909449431453,0.8164608755458478,0.42734225333853293,0.7701395982693126,0.007575625902360272,0.699319879359864,44
SEG_0434,residential,5.0,unpaved,0.5474985058178545,0.19659978646050813,0.22617721380726674,0.34606438353720315,0.7673413684388302,0.7456452066875889,0.34249135943481657,0.766161267386404,45
SEG_0435,service,-1.0,gravel,,0.7502648259056852,0.8662884742936513,0.21651479695513143,0.3012130507741205,0.3748070642338994,0.9191342963802968,0.48375607998420245,55
SEG_0436,collector,5.0,concrete,0.5116177129129449,0.4072760011058244,0.18826155489382035,0.02502230176474307,0.19407597378939123,0.030873955075832904,0.5565285076873749,0.368401433971142,51
SEG_0437,arterial,3.5,unpaved,,0.1571459885624057,0.2392243123565082,0.20184781864452317,0.11962690731877557,0.9430689369977966,0.9915203091993682,0.9161703493067715,42
SEG_0438,highway,10.0,concrete,0.5608479332797995,0.06577706143686979,0.07269007790420856,0.12934482817381954,0.42349703121349935,0.5117253805517761,0.8171145527517797,0.5620590663871581,46
SEG_0439,residential,3.5,unpaved,0.2027891845928641,0.4397349627222531,0.7595800281535525,0.7249888800145649,0.39508725057125194,0.8280529682889247,0.5437246059579179,0.351676944977518,63
SEG_0440,arterial,3.5,gravel,,0.9582085520468151,0.6128292514510723,0.2571876597621383,0.30603561104960775,0.48311801957671974,0.5300352272159049,0.8395763535155887,54
SEG_0441,collector,5.0,concrete,0.317100983983731,0.1694867371220442,0.7364124115220589,0.35146880922201085,0.8728290033042231,0.9702818646582612,0.30792853366810113,0.04390678540750481,53
SEG_0442,highway,3.5,unpaved,0.8882532461629465,0.13062749627576886,0.301024793578478,0.3919317493372545,0.9987452341834568,0.6609738786217282,0.19128777729916624,0.7875323302887189,45
SEG_0443,collector,7.5,concrete,0.6109470326418086,0.30075465512457333,0.432895478317077,0.4582135064338061,0.7075671511063575,0.03327309682240698,0.33891981054407905,0.2526871537952027,56
SEG_0444,arterial,10.0,gravel,0.39655941197376166,0.7348767385791294,0.25201927600633134,0.910473843926145,0.435570447170735,0.7446465246422171,0.16029755700968062,0.7794250728087007,64
SEG_0445,arterial,10.0,unpaved,,0.6003116340508,0.4238321085083704,0.08510501504246992,0.7214547987748975,0.0611020901928957,0.9741351108171764,0.6413716268594857,51
SEG_0446,highway,7.5,unpaved,0.22606495814219085,0.29918629368534577,0.9877272692545684,0.7179681477657431,0.5834895873837995,0.7100384056436626,0.7254454806854445,0.527245866226871,74
SEG_0447,collector,3.5,concrete,0.7149718126955784,0.45245374937733907,0.7218702294530788,0.7825322360536641,0.679608603307134,0.11300910985882484,0.9217171638632942,0.4134247615087565,68
SEG_0448,service,5.0,unpaved,0.1638713800731778,0.9540261433896271,0.8552163496985957,0.7923658546938062,0.9991906764591871,0.13465569580417824,0.014263939987582241,0.14739262829279842,76
SEG_0449,residential,7.5,concrete,0.2905610275064737,0.21153931127581338,0.1315927860149554,0.8002448608014975,0.7226162164808412,0.10888801697620165,0.1990182075695719,0.2969961480714516,57
SEG_0450,highway,10.0,gravel,0.28263552922146506,0.8000186865195466,0.45066996695506034,0.4484599598471085,0.9910854603036342,0.8635755364924447,0.6013926858870322,0.8858077505053668,65
SEG_0451,highway,3.5,concrete,0.5445263813826641,0.5131273591873617,0.9505513222972958,0.8767412360191968,0.9040950102865272,0.9951611715726268,0.6017487837731735,0.3662880531378355,65
SEG_0452,highway,5.0,unpaved,0.35880013487543205,0.49176407288471924,0.18625436391456374,0.34023942847892163,0.41100471777816616,0.4356764205590973,0.5124873385929657,0.4898983902072125,56
SEG_0453,service,5.0,asphalt,0.9840759342540049,0.5464400199650455,0.0022376438628410877,0.8611636029325571,0.8016617083458637,0.4265925751807782,0.5513379748343147,0.9631852023065568,54
SEG_0454,collector,7.5,unpaved,0.7418931526667223,0.9354666245588512,0.9098314562953784,0.8059946319684559,0.724110242287165,0.821172256363604,0.12432480019508185,0.1668134065552178,59
SEG_0455,collector,7.5,concrete,0.19619222526656177,0.7101259878455147,0.5693758754328336,0.9395455603508929,0.061871981335532844,0.09335879720165752,0.42058765107722973,0.9056979683522568,82
SEG_0456,collector,-1.0,unpaved,0.5540929974544804,0.5996193284097123,0.6715614904249169,0.04241943769920431,0.5416433895668765,0.4723023737915175,0.4023421108133032,0.9964531863523238,59
SEG_0457,arterial,10.0,asphalt,0.1523553626468307,0.003263226284691556,0.7776125551328337,0.4487967483701505,0.6531766824933631,0.05301015502497386,0.08413351555054616,0.6387210616689797,71
SEG_0458,arterial,7.5,unpaved,0.9496896667660459,0.04572032456992525,0.3515375210808166,0.3457912807631577,0.6281604016953473,0.24386812757632792,0.2559918123665621,0.9331920700866406,49
SEG_0459,collector,10.0,concrete,0.8153388412372987,0.4808273046822795,0.3648350710245146,0.04395718983573926,0.5493472885143021,0.032754808154147774,0.8478087450514185,0.347379945117526,49
SEG_0460,collector,3.5,asphalt,0.7907802483622142,0.6346258726820063,0.6982808644169163,0.799631690862545,0.07100791769660586,0.5129515412133726,0.13679456832498238,0.19891842802796178,57
SEG_0461,residential,7.5,concrete,0.5126140921587764,0.846972950971088,0.6373065909709117,0.13022953465714693,0.0173233827530479,0.0046413535244692605,0.8625942546611579,0.38373927302769617,58
SEG_0462,residential,10.0,unpaved,0.14722949832393872,0.19855632982544968,0.7205395634067147,0.03191388733731726,0.13948725681885132,0.5883618134664815,0.8321111592823096,0.5332443918762884,57
SEG_0463,service,3.5,asphalt,0.789573375405177,0.6219022893572793,0.5549360775892024,0.8556827370343024,0.17633619278753376,0.7477518669845008,0.08016087588613352,0.9075581928240354,60
SEG_0464,highway,5.0,asphalt,0.06395910133980354,0.7120574525552054,0.42107769346676727,0.9509765651636882,0.8058693129826356,0.877701665912406,0.7891681639760364,0.3657465431234156,71
SEG_0465,service,5.0,unpaved,0.5582097471457697,0.27298621668992407,0.35974883682651604,0.6905660882078056,0.9827414412823977,0.618913616252067,0.45583459963175765,0.733857925087293,59
SEG_0466,highway,7.5,gravel,0.44608699432513743,0.09653392155775997,0.5340410959505982,0.48530897317686117,0.9483567660397582,0.428940107505837,0.03640060647970744,0.9848250570812955,62
SEG_0467,residential,10.0,asphalt,0.11490377780408467,0.7573432794173358,0.7513528846981161,0.505649120417632,0.9025372973500285,0.5229444359496307,0.33661884596742175,0.4302042460018911,66
SEG_0468,collector,7.5,concrete,0.7149137207024934,0.055686968074132204,0.533806279840528,0.1136162195461875,0.9298815171591508,0.29259033995069517,0.020653539996474568,0.01722582884368873,43
SEG_0469,arterial,7.5,concrete,0.9408295239535412,0.49317185575938116,0.16035688286304994,0.26514923930482914,0.9493904707573998,0.10378217261839517,0.8350173155735636,0.599501919994826,49
SEG_0470,collector,3.5,concrete,0.302840737379116,0.23275059485770533,0.047703217438909595,0.023732988929999865,0.4623431138584504,0.14647628655828115,0.22673540784251567,0.08619585136657948,46
SEG_0471,arterial,10.0,asphalt,0.5712929581982698,0.06745170244870036,0.9337452371271211,0.34063195386726985,0.2694929556220186,0.039923649021401775,0.6522106860660519,0.5026839559672033,65
SEG_0472,arterial,10.0,asphalt,0.6239434142999999,0.9398837653397512,0.6595421015602595,0.246784979222623,0.4450244646798117,0.010213468071094023,0.1569928705686442,0.867813726797263,65
SEG_0473,highway,10.0,unpaved,0.08972771673888336,0.9080061498298599,0.2719570825894746,0.03245874142086347,0.9012283237353382,0.8979190674868764,0.1859360959222952,0.3972123010531685,53
SEG_0474,arterial,5.0,unpaved,0.14252885118310366,0.5721354697677379,0.4852525373219545,0.037537353701121656,0.9808937145029507,0.42344209232633756,0.02500645343843766,0.1680431614607265,55
SEG_0475,arterial,3.5,concrete,0.2747355022489123,0.5609692072258797,0.3028345308707384,0.43484638905242745,0.9776022180081959,0.8769899581315531,0.47631923330487846,0.9433134841716556,61
SEG_0476,residential,3.5,gravel,0.1486361044268042,0.6920125594583489,0.6283021527013254,0.6303990864864562,0.6509061425053114,0.36594087874315173,0.9339639266860394,0.6580495718297249,71
SEG_0477,service,3.5,concrete,0.5896250321409876,0.4857910666504285,0.9586632359741167,0.9650255469004314,0.3079526456774304,0.1591309978517904,0.29592635091235464,0.08399690077302435,70
SEG_0478,arterial,7.5,concrete,0.6788409048655574,0.2721296189426733,0.6986320142355854,0.45838491180264385,0.07790886063919644,0.5697477451871863,0.20598923411060643,0.012276915832106439,50
SEG_0479,highway,7.5,gravel,0.31015386557601277,0.8704925605901123,0.4836432874948625,0.7128901840082386,0.1832670573365155,0.6122915984043281,0.7364914282105075,0.5215134789160818,68
SEG_0480,arterial,7.5,asphalt,0.6935884259857554,0.9933649813088047,0.1423993500022238,0.7137705095455814,0.8662463284836823,0.9601339312506625,0.9894295744144821,0.7353015916078067,56
SEG_0481,arterial,10.0,unpaved,0.7828758818223923,0.01978010383786699,0.12998967251496607,0.2983562988593228,0.41119538846933545,0.573797961482238,0.983490192770249,0.8798949905893623,48
SEG_0482,residential,10.0,unpaved,0.474771682702397,0.7186900158093951,0.9149703505708878,0.9736019695422172,0.4258341720312282,0.716605809276479,0.08922027493867257,0.19730372377090621,62
SEG_0483,arterial,10.0,asphalt,,0.20275622530640947,0.6975521826326463,0.3322474140448284,0.48038824425534266,0.5995940137131306,0.9380717794624166,0.5715471943269173,50
SEG_0484,service,5.0,unpaved,0.7204726532199344,0.20770511792184376,0.7671861134661795,0.638197839191981,0.296077969234546,0.2873191896344368,0.17545536312332166,0.3642103717251314,59
SEG_0485,highway,5.0,concrete,,0.479661583123174,0.9564108888830621,0.8336770251214847,0.41194935574356417,0.7515736059978341,0.044276568876841726,0.9027018405326702,60
SEG_0486,highway,5.0,asphalt,0.10035342049836882,0.1987831224022638,0.5807304974083273,0.43637106230427747,0.35243655559175013,0.9264232284498305,0.850327555956371,0.4058850195164819,63
SEG_0487,service,10.0,unpaved,0.9727201088268624,0.7319806151524911,0.6734904124973523,0.5868263019586816,0.7802626352927822,0.256202397059615,0.6096844809226198,0.7070755246090729,60
SEG_0488,collector,3.5,asphalt,0.17094185080083302,0.8384965313819838,0.1905299985090454,0.823877139822032,0.9198748331991097,0.14461593353094038,0.5798521117783356,0.42171485899376404,71
SEG_0489,residential,7.5,unpaved,0.9199996924626413,0.9281613485042101,0.3720912532350794,0.4459000351396073,0.9493098148175731,0.540013083225905,0.4216526094345585,0.711958739823227,47
SEG_0490,residential,10.0,gravel,0.9001990595441842,0.1394324705784834,0.16559383163011832,0.6149954242420226,0.7391939173758543,0.8146381033032423,0.7877763191333578,0.7446713833240862,42
SEG_0491,highway,3.5,unpaved,0.7151317330849696,0.5437776364869996,0.1671772039976086,0.8804674246267327,0.37747359452906426,0.8617517579415954,0.9255724950806847,0.37600300803709585,53
SEG_0492,residential,5.0,gravel,0.9056681638048992,0.48416064092867284,0.2117484342879017,0.4290102709355563,0.6248595358794078,0.8370516078938474,0.48808394719252046,0.5107306221298621,38
SEG_0493,collector,5.0,asphalt,0.5597701244096617,0.6725990740504876,0.6862474635928866,0.6220479719017519,0.39420128610811667,0.7645649990377518,0.5598545386180783,0.6286661108252901,63
SEG_0494,residential,10.0,unpaved,0.6115962655758032,0.6319594778536286,0.9100594967827336,0.6244452768347193,0.19983100665620113,0.7340841737593987,0.39329754186810106,0.019697494992151343,53
SEG_0495,service,10.0,concrete,0.18832935674843287,0.3495162488265213,0.9270419505954969,0.9164024178952093,0.41009429880180526,0.07713037802570832,0.4387922235824009,0.9920078514406915,86
SEG_0496,service,3.5,gravel,0.6854671843943183,0.7928614988017101,0.9962511127236187,0.906109600885228,0.5450506153447691,0.010233014755135605,0.5936237419031422,0.2574250539567461,74
SEG_0497,service,10.0,concrete,0.309281663386919,0.22463465112613923,0.18690664426454506,0.8041636258741308,0.7326585051612514,0.515088881020154,0.7982586315320122,0.04476109308620202,59
SEG_0498,arterial,10.0,unpaved,0.6906593982807582,0.5599937398822115,0.3265816496017483,0.695611491001548,0.4539331156485831,0.6265768651316479,0.3445349123276066,0.8979492122686585,58
SEG_0499,service,7.5,gravel,0.8810691194726795,0.0764254191641327,0.7257692983155635,0.1547256781448736,0.5316006265903114,0.9606894797720033,0.3841766671610579,0.13232922380042977,39
SEG_0500,service,3.5,concrete,0.16401661320023353,0.9329284384397444,0.2482782507077259,0.4847253425174808,0.9042909726317506,0.5277229139896404,0.11051221153550128,0.49041284689212683,62
SEG_0501,highway,5.0,concrete,0.5466404608627123,0.18068006502743894,0.6840936205287066,0.5430368073190975,0.8921190937699867,0.6702147659638568,0.8720392565191013,0.6237149503620231,62
SEG_0502,service,-1.0,gravel,0.9829175927403425,0.5707025268326803,0.9274541506814558,0.34372393451634264,0.7199192405796536,0.9601080213575044,0.5801712836794388,0.39727671301472234,49
SEG_0503,highway,7.5,concrete,0.9948564156220393,0.8386748609555277,0.23349228360055552,0.8498406899644015,0.0279012467791816,0.7568433986333073,0.5877841694065332,0.7696622742264405,53
SEG_0504,residential,3.5,asphalt,0.4291733897474119,0.5852382488729375,0.6118989880148612,0.08222392779998788,0.8223437456326425,0.41711554166188214,0.18132728990312474,0.6523664450591289,53
SEG_0505,collector,10.0,concrete,0.8139789718026293,0.7229851180211243,0.5458827822504487,0.19324205598908462,0.5288170710478877,0.056542196628340036,0.18116672337796824,0.12954399173703957,50
SEG_0506,arterial,7.5,asphalt,0.10905864813031851,0.05412643066384426,0.12784639786181695,0.7156167300474108,0.8747544358279118,0.7692054455460662,0.34615405975580416,0.34194429319821407,58
SEG_0507,service,5.0,concrete,0.06093991107201768,0.4829106449215831,0.7797905713644993,0.7741936663234595,0.9235682588315033,0.1617276260091518,0.07067139984161885,0.8462032358186977,81
SEG_0508,collector,5.0,gravel,0.5434452105608296,0.7499957138541032,0.15655131757862462,0.9480723575198319,0.09913311762644872,0.3656096413018022,0.6237392949752876,0.46565922854775743,63
SEG_0509,collector,10.0,gravel,0.6991942902605423,0.9716578872880905,0.9754712530541857,0.24014154326380355,0.22605482166088742,0.6915919566352462,0.27609574071984344,0.586281444331437,59
SEG_0510,service,7.5,concrete,0.05354623110573786,0.09199249819882893,0.84497181148227,0.03296964928776358,0.4254992945003233,0.3088113930765871,0.41071527802082386,0.5728999626246027,67
SEG_0511,arterial,3.5,asphalt,0.4679547136842266,0.9222332708934323,0.0701555074758341,0.08664463557393554,0.16608454930543004,0.9252712396354642,0.4991033188884346,0.478924702970822,45
SEG_0512,arterial,5.0,asphalt,0.6610764658545618,0.5050813389353827,0.5860918232922719,0.8171927970483179,0.5970406235802572,0.8705761896393315,0.44092087899254406,0.31276177741279,56
SEG_0513,service,10.0,asphalt,0.7051007167305606,0.7697019887549399,0.32104275040367547,0.10135349316244946,0.8673747090474512,0.23682755509439757,0.5057611624216141,0.7649068711803151,53
SEG_0514,residential,5.0,unpaved,0.4745224189649824,0.3279162834682152,0.9796627144663951,0.5061235330906905,0.8039596360152875,0.727142393238327,0.32297851124825916,0.32121684965852026,56
SEG_0515,residential,10.0,concrete,0.004349039658824161,0.7439487161165347,0.7323914029475881,0.15717092081113337,0.7740094122269555,0.3254719680560556,0.6201384622857243,0.814039301025331,69
SEG_0516,arterial,7.5,asphalt,0.6884500985733524,0.3964683691563702,0.0007611277285838325,0.5747433212573645,0.956602158681766,0.4416014123946612,0.03907531575957679,0.5027891381620093,47
SEG_0517,service,7.5,concrete,,0.9562245313401277,0.47957777511319366,0.07895517412023811,0.03194020481626314,0.30049983728820273,0.5233175660569476,0.4831835920442852,47
SEG_0518,service,10.0,asphalt,0.862737280604411,0.8501676589420378,0.6690445138573936,0.04654687684668646,0.010160256376006593,0.020510567036183702,0.014741939245247693,0.5868324488139386,53
SEG_0519,highway,3.5,unpaved,0.995911296673847,0.7110982486341503,0.7510287494251934,0.6623400151209428,0.4465628678573955,0.9885263355477273,0.5939745936095192,0.9424352890619994,57
SEG_0520,collector,7.5,gravel,0.634647244115709,0.5562305787259193,0.6948711419123589,0.6069101272914248,0.5979530864947505,0.17679672849755135,0.7862330134295931,0.7756584990994568,69
SEG_0521,arterial,10.0,gravel,,0.8181659767898254,0.26028170629072445,0.10624062812121227,0.46316950350421227,0.5619511756589879,0.996689979908814,0.11879372254463827,40
SEG_0522,service,5.0,unpaved,0.5997792835607033,0.9424336302904323,0.6711834178393881,0.5397844249047931,0.8213212124900217,0.010896904369635751,0.3077401493444303,0.4923506858799441,67
SEG_0523,service,7.5,concrete,0.1527677062886893,0.19495808772928036,0.895808571707395,0.2341471515259238,0.1299359808773457,0.29549728181934587,0.28485881564283433,0.7307696197953775,70
SEG_0524,arterial,3.5,gravel,0.08965895856116746,0.23797893534104853,0.3177391447113058,0.6482945775958769,0.7374239869310428,0.8120936489183141,0.5804878027104633,0.07409610619340423,59
SEG_0525,collector,-1.0,concrete,0.8440741289225575,0.36703118604204066,0.268286710308149,0.9645919953826847,0.8009033208949359,0.1582604505294195,0.18367071160927706,0.280046559382789,55
SEG_0526,collector,3.5,unpaved,0.8619729573146451,0.4336011401260318,0.08676116681218471,0.4921170961351631,0.9347404284706963,0.8864268816578228,0.7933907145410183,0.7143015979942141,45
SEG_0527,residential,7.5,unpaved,0.6603527184202138,0.46658489484508314,0.5126736961393753,0.40112041618074046,0.01762844712607403,0.9510125415879164,0.256439591004856,0.6025185635923025,45
SEG_0528,residential,10.0,unpaved,0.08775839200174729,0.9478587193279465,0.13369082527044085,0.6666153624722749,0.8896089991105973,0.9086058711036193,0.0030778934106104883,0.6783655955689366,57
SEG_0529,arterial,7.5,gravel,0.4681857101651715,0.8261126020066694,0.084177849843182,0.6044751653752036,0.772645510410621,0.8643473512951153,0.9367355101938155,0.9460296628455458,60
SEG_0530,arterial,5.0,asphalt,0.020518639239653913,0.40658972205688226,0.27215167750811375,0.4304116783491677,0.8138510373424835,0.15231408110968914,0.45114073787200637,0.12226856866787383,64
SEG_0531,collector,10.0,unpaved,0.17283672390158045,0.31049977779137217,0.1668191313971381,0.2023714875142889,0.5938815905988736,0.7980472130669085,0.17728134371738846,0.7062226241048788,53
SEG_0532,service,7.5,concrete,0.16317123805787792,0.011105688016639359,0.05819009060128444,0.0923330038858754,0.8481431770406146,0.6620260331405936,0.0161570152218119,0.1558207091325201,44
SEG_0533,service,7.5,asphalt,0.27472318046505995,0.061695841592287026,0.7848076074534455,0.8845510225537243,0.8506173808448568,0.8365813565947109,0.6633470066253769,0.808745044998563,72
SEG_0534,service,10.0,asphalt,0.4269997101683344,0.04547698921231358,0.5989065077567616,0.9021677198557174,0.8456786348722113,0.4007756281752195,0.3540134721882907,0.5899823182373612,67
SEG_0535,residential,3.5,concrete,0.771592230857095,0.09713168739527722,0.8755378274554558,0.5994694759942488,0.38845114887264776,0.6133798335522506,0.7743749916638561,0.354932562016688,53
SEG_0536,residential,3.5,asphalt,0.5928668784210192,0.9849317683271873,0.41983832708960045,0.3867014462403101,0.6408078214752126,0.01231972052161101,0.7707906871248753,0.47885397209940683,58
SEG_0537,highway,3.5,unpaved,0.11334312405925362,0.6128579246388453,0.7885011057724508,0.3996569360477271,0.49615720562552035,0.4154207764987736,0.20008592956709337,0.049245381045585845,65
SEG_0538,residential,5.0,gravel,0.7729639583789571,0.5572542424161093,0.8180018780506761,0.3578611623591875,0.8617419160785799,0.15542781795326588,0.8033690859713261,0.18839722705506046,54
SEG_0539,collector,7.5,concrete,0.6239014474184317,0.6401268128289561,0.9165317863157283,0.05369100721869746,0.06775327138574594,0.31660974263400066,0.04686609373781647,0.030757370500322123,52
SEG_0540,highway,3.5,gravel,0.09100747622563832,0.8857941094881993,0.8904986156679511,0.7908228114687067,0.16743221320898882,0.07450055594335492,0.9062717863310797,0.5985642607188958,87
SEG_0541,service,3.5,asphalt,0.17079286947696903,0.1034862381121513,0.6592491504790042,0.6884818220460982,0.8734288806924649,0.05369332819192263,0.37045699029732393,0.4300968531716718,72
SEG_0542,highway,5.0,unpaved,0.349198183487455,0.5368875019039743,0.8695752372808853,0.36677538801837795,0.9509448846426367,0.8112040997755835,0.7177326245498049,0.25919954043989013,62
SEG_0543,service,7.5,unpaved,0.5284148499926872,0.8578460883995558,0.12089502054987333,0.41035376577176874,0.6452286193716881,0.841223555649666,0.4782963473133819,0.8515991312449476,54
SEG_0544,collector,5.0,unpaved,,0.6469900158369309,0.7349341733291214,0.24288509350691878,0.7350765803637423,0.8923483541878088,0.6368279411053994,0.8281229396909253,50
SEG_0545,service,5.0,concrete,0.4626594075054199,0.357934031003043,0.08147540961501099,0.483574498775166,0.7916484424224423,0.1827626935656148,0.0139454558987675,0.43891505965726396,53
SEG_0546,highway,10.0,unpaved,0.7007173982315618,0.5242182510204001,0.09465992836377812,0.2561429872317865,0.15532459623967532,0.8783249255522833,0.0007252942487053771,0.466736863506685,39
SEG_0547,residential,7.5,concrete,0.25527804498566264,0.18697262076808918,0.8011098614195666,0.45999645611966566,0.6294368063342607,0.31659358526441805,0.6920775611990178,0.3984365206385775,64
SEG_0548,highway,7.5,gravel,0.26323235926843913,0.9562539225422506,0.36149346753007894,0.31243518738089526,0.42454332673087714,0.9752398306772596,0.2559591703197993,0.7642216672969424,58
SEG_0549,arterial,3.5,unpaved,0.8144522053659494,0.4244435095379928,0.013554845649490499,0.5725896653819544,0.9386013474868521,0.24755517545102468,0.758805122722634,0.5537157198945748,51
SEG_0550,service,3.5,asphalt,0.0632952732862001,0.7211941788740709,0.9897661861632684,0.11872579782566739,0.6527745654215061,0.4253596000276091,0.08482193755936474,0.24513902423136102,67
SEG_0551,highway,5.0,gravel,0.13865157832339503,0.32600467131079236,0.831474569972791,0.5633525813353754,0.5027789446533211,0.6942085563647235,0.24916381939158416,0.5490853576155218,69
SEG_0552,highway,7.5,unpaved,0.5929880309712122,0.18923897733820216,0.024656795244736518,0.8182674959892772,0.9619930981065065,0.8738786407820522,0.13557171480543373,0.6374607825047496,50
SEG_0553,arterial,5.0,asphalt,,0.2993524508545583,0.6258284418035772,0.4889559546752198,0.34168567083345125,0.6880126432550032,0.047147095920144766,0.7173050628883424,48
SEG_0554,highway,7.5,gravel,0.27236281535815565,0.05979759087675729,0.9229859487943758,0.236519768671257,0.9420480471117657,0.5788649938133613,0.7870323409091522,0.2830690574763438,63
SEG_0555,highway,3.5,asphalt,0.7265284900144346,0.16101009101952934,0.9883307801168324,0.15971432095323557,0.09623792966854638,0.3063897073897818,0.738897664487662,0.4074304316536148,58
SEG_0556,highway,7.5,unpaved,0.9545396653534531,0.6556799344204389,0.4725623574813451,0.040738788462091335,0.45996157888092415,0.35110966980082225,0.32548135676580503,0.1718872239753293,41
SEG_0557,collector,7.5,asphalt,0.9614461474974032,0.6632554210431355,0.154712433880976,0.17781385961474516,0.3713654276950459,0.4116607852180103,0.8839350428961251,0.503539789199132,44
SEG_0558,arterial,7.5,unpaved,0.8772883858809839,0.37379192001114947,0.45362625387066935,0.15352240658026772,0.8056619249853869,0.6414105083747113,0.19134881511692792,0.9911955749178585,47
SEG_0559,collector,-1.0,gravel,0.12552476977725036,0.5490857809155567,0.407584647796463,0.5259042990936577,0.9258775122325277,0.5882572576807734,0.5765166663067659,0.8966522407455687,70
SEG_0560,residential,3.5,unpaved,0.8943346110273735,0.6410165300807259,0.5908960150967987,0.594851749269993,0.8447990234158737,0.06729824543051677,0.39196075096000516,0.5490316751756621,54
SEG_0561,service,7.5,gravel,,0.7349828803080954,0.18214611342969667,0.8855118717096108,0.8385835292329408,0.406217876495945,0.7628873315431481,0.2710437262906573,52
SEG_0562,highway,5.0,concrete,0.3672501647716302,0.33812370830515837,0.9692548061647984,0.2612218500992548,0.9512669965439307,0.9568699306502343,0.5320758759766335,0.3110048821398561,59
SEG_0563,arterial,5.0,gravel,0.7442414668211521,0.7315545974389402,0.6979092702490945,0.8783779387712729,0.7477579561754096,0.27978544869659794,0.5699706816963507,0.6520461751666268,68
SEG_0564,highway,7.5,asphalt,0.35732242064440733,0.24565190154553895,0.028745812049813746,0.6902451090777203,0.7283556038081875,0.9412820884606633,0.5255042176885836,0.6588968427134548,54
SEG_0565,residential,3.5,gravel,0.6927289409050927,0.3093799013302355,0.5290837979168475,0.7899671094794439,0.27254049280631787,0.12048391790860746,0.8957952387881403,0.6557223822892789,62
SEG_0566,residential,5.0,unpaved,0.9951962712353627,0.7229243990395656,0.4724959900965484,0.6576888513966298,0.0653696704407627,0.3154144698002759,0.5794342026401859,0.16243328550526615,47
SEG_0567,highway,5.0,unpaved,0.6265734931884072,0.42397970263768536,0.30240072614625746,0.6670767238750014,0.08079935676425765,0.0570772643541293,0.8246686198688538,0.8333973006946137,66
SEG_0568,highway,5.0,unpaved,0.501814155262316,0.7190327011717845,0.34108889284052957,0.3339502197697902,0.6592938463149922,0.5173763283872748,0.06668687858792877,0.03696596826664178,49
SEG_0569,collector,10.0,unpaved,0.821216994457721,0.6384777822154447,0.38773987176263214,0.31946973496122355,0.8215401599399206,0.21985591464034526,0.04364630466893571,0.8154398559216247,53
SEG_0570,arterial,10.0,concrete,0.746159962279514,0.574370114643567,0.8276097721369998,0.7251293521491479,0.596576479263696,0.36207984424171225,0.11918401222975805,0.3961147776871198,62
SEG_0571,collector,7.5,unpaved,0.4392554859409862,0.020003006264114553,0.6281769717539275,0.45065883434943954,0.27383913050330166,0.005365126531288955,0.6889282360120322,0.12349692205258633,62
SEG_0572,collector,7.5,asphalt,0.6463819373096527,0.37489692988243073,0.019687439485833624,0.0836753716719113,0.4588224334380201,0.5632298394944246,0.06188755935802148,0.6121714385333221,41
SEG_0573,highway,5.0,unpaved,0.18043631441000318,0.2908756343762906,0.6028363625157624,0.38362570845620614,0.7111088882913088,0.11164039106408541,0.7191544908468666,0.9088128572429055,74
SEG_0574,arterial,3.5,unpaved,0.2086904878036936,0.5520041109568963,0.9231923388531357,0.6714736627485471,0.8452611146646515,0.5240289335369784,0.2448761108010229,0.05667024386299713,69
SEG_0575,arterial,7.5,asphalt,0.9865314074144672,0.011702530152660984,0.5514973118386288,0.35479034453120084,0.37261893471171115,0.2287651547415125,0.9667351703868758,0.7599692059740483,54
SEG_0576,arterial,7.5,concrete,0.15346331660280632,0.7865597653739637,0.3439658806827892,0.6954643642617003,0.20111961352683783,0.17851636653333425,0.13916123658900725,0.33258058585875705,68
SEG_0577,arterial,10.0,concrete,0.7251839631082282,0.7397008485008838,0.42775488525869365,0.39266371470614014,0.8802101636538923,0.8731379887857431,0.7530760249326434,0.8652979941114399,55
SEG_0578,arterial,7.5,gravel,0.37001809864391744,0.3089145519801363,0.7151564514226427,0.9001607638132124,0.33867503436464363,0.7750506614731619,0.6545630713644752,0.1372788998097395,65
SEG_0579,collector,3.5,unpaved,0.17902536076306286,0.1235358452992642,0.7601502921469689,0.575056347971923,0.16412271723440464,0.9857356008623511,0.46119060518321486,0.9361364500699861,68
SEG_0580,highway,7.5,gravel,0.19469908462178975,0.9753783910769003,0.6889793470864476,0.15085940289413113,0.628943360189987,0.8195678665017861,0.8892831816152632,0.8377960610944494,68
SEG_0581,highway,7.5,gravel,0.791481256393026,0.6009710432305888,0.2295095955850729,0.0991832289257869,0.3290477586638888,0.03928564218269848,0.7706905122904347,0.12858066618989483,46
SEG_0582,residential,3.5,concrete,0.8380729380774553,0.5814909881480845,0.7760009586072821,0.32016421657650795,0.5046705540985509,0.7941327778773964,0.6327242452246472,0.6603846198158504,49
SEG_0583,residential,3.5,unpaved,0.13498842135769817,0.8833768405005583,0.9733912194677362,0.17480475974297038,0.30979468724534776,0.9301269388155979,0.0020625404541368964,0.5793984933836775,60
SEG_0584,residential,3.5,gravel,0.4773510885483,0.41302276761577406,0.13909566442782095,0.111501227480997,0.08011174419443623,0.6802631077181949,0.9362051255481463,0.3862204006063832,43
SEG_0585,collector,10.0,unpaved,0.1190852859945124,0.8157544408858481,0.9977441090410257,0.3704158576119396,0.5564280270424311,0.613144363452145,0.9393195196440487,0.058973939668371056,71
SEG_0586,arterial,3.5,asphalt,0.04733497659648611,0.9649222827833405,0.48262713081558606,0.8644316522396028,0.3571029785169447,0.08726748930212536,0.21845672382379067,0.7392422663082269,81
SEG_0587,highway,10.0,unpaved,0.5464142982894978,0.7395662409275724,0.831454229571732,0.04486624241544712,0.9930635930716339,0.6827304349367126,0.6050350441847504,0.47989468220043197,56
SEG_0588,arterial,5.0,asphalt,0.6535854684595296,0.5199425972181472,0.8188383323526492,0.8146905877655017,0.47294084294362937,0.4720359908170545,0.9968041022421393,0.720237286916335,71
SEG_0589,collector,7.5,unpaved,0.5665911062766515,0.14002500811928076,0.31400522278138865,0.3015881239421645,0.49502901173782465,0.7663500241493482,0.9021775467109462,0.27327351517110143,48
SEG_0590,residential,10.0,concrete,0.23040343478056713,0.8710872574054,0.8413232621509915,0.7569248534052451,0.5627128626611596,0.8158081352054567,0.2342972459037781,0.16751108132481152,63
SEG_0591,highway,10.0,concrete,0.4418264326389566,0.06385538151056125,0.4460304688810228,0.7366418023527715,0.08232859264023262,0.34148244759862023,0.4032044243544106,0.8820153631189156,66
SEG_0592,residential,3.5,gravel,0.5196790903212992,0.39750291071560573,0.6932202942372967,0.3009323837154664,0.6400140669260947,0.5251801865779401,0.09942765843393442,0.29343853116140795,49
SEG_0593,service,7.5,concrete,0.48983665431667545,0.2198309627079268,0.08593714681087095,0.7810532319463865,0.5982724148923014,0.6162490219159521,0.9360737665187426,0.934209329605296,62
SEG_0594,residential,-1.0,unpaved,0.6424778112816044,0.21465317909011505,0.7485395000650703,0.9831724776184702,0.7134452763351796,0.12859081376365433,0.14083239485428822,0.8068512382250247,66
SEG_0595,collector,5.0,asphalt,0.3726981900203866,0.25891008108125513,0.8846562726240002,0.06579637753553902,0.5577777130282932,0.5696035378221924,0.41772681525520783,0.6497969875691988,60
SEG_0596,collector,3.5,unpaved,0.4601747302558805,0.8306346293038032,0.8260043282992457,0.2481480486993045,0.40750358838906464,0.511675894580497,0.7375173583746635,0.856916649845411,68
SEG_0597,residential,5.0,unpaved,0.4078367376319243,0.8941736636868732,0.3521374633965335,0.36643482244126846,0.22480459928774588,0.5777169850987615,0.12837607351957514,0.5247402111872733,52
SEG_0598,collector,5.0,asphalt,0.3867308753855411,0.5544987247944786,0.733406222994635,0.039389030546508774,0.9342155929681873,0.2558628606266248,0.28325104320613614,0.4166223418019932,59
SEG_0599,residential,10.0,asphalt,0.22773199364023478,0.9374006687452169,0.09060149859392563,0.6005841219864576,0.9019208729136401,0.06989033828091329,0.8043972496311885,0.8672971232783323,67
SEG_0600,arterial,3.5,gravel,0.8222220755673423,0.5472737391779569,0.3926684231769004,0.353314958657449,0.6526427715868982,0.9735200364916902,0.1542344920881895,0.6933104957570935,45
SEG_0601,collector,7.5,asphalt,0.8418438004971635,0.2088567744576464,0.9030112645712527,0.8551594578494903,0.16728981405551846,0.3022065836071359,0.8492744022668758,0.927737211381483,71
SEG_0602,collector,10.0,asphalt,0.44375460651159604,0.4966298705021781,0.9743620260132293,0.24309869760579317,0.7985747573411519,0.2457673283489008,0.7465230843211808,0.21255309362614405,65
SEG_0603,arterial,3.5,unpaved,0.8868753070012444,0.08073531086267483,0.7894622120175946,0.9252511548985956,0.9166108834952454,0.05077020366968332,0.5171883440655223,0.9251442232309766,69
SEG_0604,service,5.0,concrete,0.815092637256623,0.9034858021638051,0.5257159988833856,0.3460065448976217,0.8719832159880746,0.3334037223934545,0.47313358787286275,0.05836696363400884,50
SEG_0605,service,10.0,unpaved,0.9429465317059872,0.7856128049657258,0.4235051196177446,0.8531032004376183,0.761462262499439,0.4806307140291429,0.22826035309351567,0.054951661152152664,51
SEG_0606,collector,5.0,unpaved,0.017837465579230494,0.19184157326888307,0.6578793437627456,0.2279646872835901,0.17367825688914784,0.30645852738599955,0.30199782444907664,0.9879972941353939,72
SEG_0607,collector,7.5,concrete,,0.03900883365271568,0.38133107409338507,0.5265606155546642,0.2137823899612451,0.6217459904285544,0.8710782003781563,0.28389182161779825,44
SEG_0608,highway,10.0,concrete,0.14892861723466444,0.6414760308337182,0.14053778826064467,0.5256304087374016,0.3980040287338217,0.8344893085553088,0.8799873512411421,0.19893558494503594,58
SEG_0609,service,5.0,asphalt,0.6450295796117796,0.0535529878244686,0.9762380290077334,0.42294080333475303,0.7610327053766609,0.5386342055463694,0.49816184598293156,0.9882244213652613,65
SEG_0610,arterial,-1.0,unpaved,0.6760227032622447,0.1617366992743825,0.6930693643933531,0.031525669634171694,0.7599252605541914,0.7110481672037502,0.1038263223471162,0.4638558723161893,46
SEG_0611,collector,7.5,concrete,0.4548523634460253,0.6617482853467977,0.5446818701997986,0.5411138746788906,0.7956173811931976,0.653398276376251,0.6947574387585729,0.18484600811165763,59
SEG_0612,collector,5.0,unpaved,0.2155780306500854,0.788994624145335,0.29028093952735146,0.7061223905437934,0.03257433237873664,0.40905164082507806,0.6373670623083765,0.5875030257603084,69
SEG_0613,service,3.5,gravel,0.07236218924113003,0.9842642133131991,0.5121272172063699,0.7975390110733735,0.7437140063228261,0.8713989559610057,0.6861381551923267,0.7161397568582989,74
SEG_0614,collector,10.0,concrete,0.3539399261930928,0.6941276140485951,0.03747956937727659,0.1308225577603106,0.7107202224862589,0.9713405859255936,0.9792648763865187,0.8381896272340907,52
SEG_0615,service,5.0,gravel,0.04302262313476901,0.23789548717033782,0.6372248981277335,0.8123920973328893,0.8289053670938784,0.6958196923431337,0.010968484699330538,0.6077626474450802,71
SEG_0616,collector,10.0,concrete,0.9799583906539088,0.5970002893469434,0.2501443308476218,0.6165883521496408,0.6401954298339488,0.5889235873595094,0.6549605730309327,0.5359064756616833,49
SEG_0617,arterial,3.5,concrete,0.2879340581425237,0.43224679140196354,0.20155498042917297,0.04480876515458765,0.9284633854719941,0.8367921950548162,0.9883860715807301,0.9496834086038058,56
SEG_0618,arterial,5.0,gravel,0.9821884721364407,0.8404816041659712,0.1785021061075993,0.2385719490377698,0.7838275940071934,0.9698936638404686,0.489884574563072,0.16921011424609722,35
SEG_0619,service,7.5,unpaved,0.24650246468551973,0.030526326884195543,0.646184809012819,0.31763566646670705,0.8491101123641646,0.7770500099678599,0.9073380979622432,0.6922741700574342,63
SEG_0620,collector,3.5,asphalt,0.41847474039630883,0.9814852440195995,0.8498456654070895,0.911268505340255,0.6873506593003897,0.05716343169626825,0.5719075399941902,0.6585945523170167,81
SEG_0621,highway,10.0,gravel,0.2730556275288737,0.14015914604599844,0.2151588269779997,0.0460087590782301,0.029133426578286215,0.17380136728283957,0.45702946383238385,0.7037790746803941,56
SEG_0622,highway,7.5,gravel,,0.7887109880983557,0.08726125556563924,0.5028247406046013,0.18645647236433927,0.3973993081682594,0.07526881607275548,0.6511379679102753,45
SEG_0623,collector,3.5,gravel,0.16678460920661342,0.3900625064598844,0.3068991437169928,0.4747069642474059,0.13766186460605623,0.18353585798351701,0.07549967244039346,0.8945473306043594,67
SEG_0624,collector,7.5,asphalt,0.500475456485277,0.9391526372024889,0.3253519879686987,0.7303986001532702,0.7438139373847696,0.33464983463505904,0.8382995532641601,0.42983659051855794,65
SEG_0625,arterial,10.0,concrete,0.5827087754201796,0.4204709889341379,0.40756940094771155,0.6925305824618003,0.5363478770496555,0.704277966104682,0.5598146591723929,0.24166804291756938,55
SEG_0626,collector,5.0,asphalt,0.27666773158596814,0.5249699314430498,0.12176720496560234,0.94525253315948,0.9983508784687938,0.23273712319967155,0.563601777044583,0.5329645461043465,68
SEG_0627,collector,3.5,unpaved,0.8133837303997541,0.3170809004366557,0.15219588940184348,0.2832047156420322,0.5102907096619534,0.3708988679949936,0.5422872617638798,0.5800997563337593,46
SEG_0628,highway,7.5,unpaved,0.9881540992248277,0.11659759933345226,0.5785002253447625,0.6661673447722146,0.8206040478421588,0.4200693120328115,0.27029160674842,0.4295839133633732,50
SEG_0629,residential,7.5,asphalt,0.7730244200483161,0.4689473231351424,0.37631513566859853,0.18090968147219166,0.4166662270173018,0.9727552959791742,0.708726142828297,0.6131886007898276,40
SEG_0630,service,3.5,concrete,0.6560145734698268,0.8605898905145277,0.9169301806604468,0.7601128897887834,0.6911146987052145,0.7570123106746609,0.7151546256108744,0.2608473292483643,64
SEG_0631,highway,10.0,concrete,0.9171646918304472,0.3967865054855406,0.916711635971364,0.3551982793602917,0.07954284160909053,0.6614926778623509,0.9187849315684762,0.3923288778842656,54
SEG_0632,service,5.0,concrete,0.44350113286531545,0.3376008567308868,0.23089805581766365,0.5279254371764517,0.4388698443477451,0.42540800835396964,0.6134501352562615,0.5667564523398361,58
SEG_0633,service,5.0,gravel,0.2628891179762072,0.7268338452827823,0.20471616071780818,0.8371810049021687,0.17493979019036598,0.20309506976971636,0.3929679973592377,0.43926233147787885,68
SEG_0634,highway,-1.0,asphalt,0.6540074899679396,0.5899619205150828,0.09968041565547126,0.3383928997923058,0.6188454046976032,0.02477173091070839,0.7322760059395294,0.2567013899624111,52
SEG_0635,arterial,10.0,unpaved,0.9205402843148582,0.5395492739335624,0.7159711051470092,0.07303945300191972,0.41570963021590257,0.7629436574869953,0.29895063915625775,0.21829394024739812,42
SEG_0636,residential,10.0,unpaved,0.4591581859334588,0.46023993113861716,0.00636475804000447,0.18295251957644498,0.3498007249124643,0.20830725768053726,0.37903667880309533,0.5222942185354553,45
SEG_0637,service,-1.0,concrete,0.9099651166917613,0.9203190799130873,0.1191621614923617,0.5897607820263909,0.09908921406245497,0.4591680779952104,0.8464095059663945,0.49162287810024363,51
SEG_0638,highway,3.5,asphalt,0.34502277724939157,0.9342314126051561,0.6889719300069401,0.23913743596880666,0.28341566016810027,0.9389376775804696,0.3658513760556432,0.6987355415268338,61
SEG_0639,collector,3.5,unpaved,0.708228450240156,0.7155771917556186,0.2340565859947047,0.20226380510395914,0.58784228409768,0.9051126580076152,0.9292094201794023,0.8769972134190412,50
SEG_0640,service,5.0,asphalt,0.734566665621251,0.4946708784103593,0.30930045549136986,0.5528122122123664,0.7874319089938016,0.016246170577584262,0.007278863546871905,0.8552874788459667,59
SEG_0641,service,5.0,asphalt,0.7278917948777802,0.6586227445556906,0.3992044323837547,0.26784921433923414,0.18970621050310388,0.8127330045933245,0.8289548724770994,0.6518518154583122,51
SEG_0642,highway,10.0,asphalt,0.3677810512416495,0.13313698133279805,0.695063352984924,0.32611726888751147,0.703152144451068,0.15778618929166077,0.21101771788586832,0.011423529542423427,58
SEG_0643,service,7.5,concrete,0.721499825696071,0.7329546919201558,0.43336658297216113,0.6749653682215131,0.19998754161053833,0.2021527661433119,0.8934383260309354,0.5443509785875357,63
SEG_0644,residential,10.0,unpaved,0.6895303332637827,0.49536610548944393,0.8571770740767118,0.07835421276521903,0.7298995001805783,0.9711290173617898,0.09456884011151256,0.29075571023846913,41
SEG_0645,highway,10.0,concrete,0.780731321966217,0.29580063508228793,0.06090326634576293,0.1266575459494067,0.8007384119325284,0.8364352334627819,0.5908100824001088,0.7929039937100116,41
SEG_0646,arterial,3.5,unpaved,0.8229332462356351,0.7594091544636421,0.7765142447187016,0.01932890026794698,0.4176357287413389,0.9284556720756539,0.7302253835965042,0.03406795160076681,43
SEG_0647,service,7.5,gravel,0.529880744932251,0.0044566441701088255,0.07583503524803081,0.9061732753742235,0.9393690192212024,0.7305339699048665,0.9690344733536641,0.1793074473315227,53
SEG_0648,collector,5.0,asphalt,0.9406627964428749,0.28890496743392813,0.9805321286979729,0.6497981167185037,0.41009777635478006,0.1502192103143153,0.6155287494882418,0.7810711127418769,66
SEG_0649,arterial,3.5,asphalt,0.04769605255929288,0.7289856388766474,0.17477932484720415,0.2777829348000014,0.7503985740798463,0.845925573552325,0.0035276226054008486,0.8969122237086367,60
SEG_0650,highway,7.5,gravel,0.9319920333312293,0.368234617821004,0.5021044971426154,0.6191910421272168,0.7529785397113266,0.8643581883000284,0.6537303685036302,0.26547775605489377,47
SEG_0651,collector,7.5,asphalt,0.8942796394833099,0.9212532655234551,0.21132807635868345,0.282143118244903,0.056287443628375566,0.7877478044707417,0.9780042904328031,0.6932969893567811,48
SEG_0652,service,3.5,gravel,0.1715463973288921,0.32082422374701436,0.5036440687005398,0.954299039993175,0.16355027266201694,0.3628105762700846,0.6206806076263666,0.8402791193560843,77
SEG_0653,arterial,5.0,unpaved,0.3755216523806848,0.3624350963208014,0.2629044331229804,0.962046276292029,0.5725987284703945,0.6959600535582776,0.12685505246489803,0.3883709291507056,60
SEG_0654,highway,3.5,concrete,0.5795629044313145,0.7672910215491561,0.5392575374075222,0.927345281747261,0.161849036434622,0.9081191199973189,0.5557433498125242,0.7637836668540565,65
SEG_0655,residential,3.5,concrete,0.02291272386768939,0.9061608478912446,0.7689302054600994,0.20886816636526906,0.39342293092274705,0.0842227648728987,0.8523298267732052,0.5424194722222923,72
SEG_0656,residential,10.0,asphalt,0.11157386602288977,0.8205064155949142,0.22705484251750374,0.5046463004219798,0.32169772566437227,0.9897041819942396,0.7397529516926482,0.8416151348782855,60
SEG_0657,highway,5.0,unpaved,0.5051145951664244,0.49243632617391864,0.4560981866093552,0.8694042588034674,0.1830756763854664,0.8697977167503477,0.8353350156388281,0.36754564920649,61
SEG_0658,highway,7.5,concrete,0.9249978200803256,0.28901234292340683,0.07630349990236629,0.31975491022964797,0.7210098600313988,0.06424497635533122,0.6548385207702547,0.17819991127251955,43
SEG_0659,residential,3.5,concrete,0.8789764341028743,0.5211188213338147,0.5888558916608722,0.6464203027366192,0.9126925913440626,0.8044550066810034,0.7023715376506743,0.29348913650157293,46
SEG_0660,service,3.5,gravel,0.37454936468603073,0.6623628518524346,0.7368814912660556,0.8152546111048009,0.481132655904282,0.08001259933880955,0.03356981885787591,0.49897195961281005,73
SEG_0661,highway,3.5,asphalt,0.47500118482442644,0.01730882303919634,0.9461313038753033,0.11866485875567989,0.9579654611237592,0.4156808420005452,0.3201715085666712,0.45832870592612807,58
SEG_0662,collector,10.0,concrete,0.10480110205004944,0.2297571402817048,0.15518224616046217,0.3895754277967912,0.46389667778080257,0.058366944682908706,0.18265432223347156,0.5701867336241597,63
SEG_0663,service,5.0,asphalt,0.3280016865701234,0.6256455000286784,0.21885021895733103,0.09467928175583795,0.856671345685806,0.2851754783896926,0.25451850884992056,0.039573234571805505,50
SEG_0664,collector,3.5,gravel,,0.8685679162036313,0.4491440519614808,0.11461115181340087,0.10080229021683984,0.7515467089462541,0.7789565409438816,0.17388438843251808,40
SEG_0665,residential,10.0,gravel,0.5480933175074322,0.8889435838968319,0.7010552784688847,0.9561202271226789,0.22725671459409147,0.47104992494413744,0.551080284040688,0.3856297768909107,65
SEG_0666,highway,5.0,gravel,0.988596664203494,0.9507768117326214,0.789789276557359,0.2946892568178707,0.6862963589426673,0.09771969433311767,0.8554087060255223,0.42903809572484586,58
SEG_0667,residential,10.0,concrete,0.5287164354499311,0.8253859501410258,0.7150339428958997,0.2966019886999418,0.33826656689397716,0.09297141527742625,0.7962988006690362,0.9516160993132322,66
SEG_0668,residential,7.5,asphalt,,0.7394615234758851,0.14147494586484,0.014741645308340434,0.9729995715314498,0.8632638360742061,0.07437350355772454,0.8832419871553644,31
SEG_0669,collector,10.0,concrete,0.7927412607630425,0.9517378113568871,0.7502404810100026,0.29254315516631546,0.6141470111409574,0.8383183935562976,0.9104821918986216,0.0368278002844471,51
SEG_0670,arterial,7.5,gravel,0.5778650548779691,0.12086929868314433,0.61245708306928,0.30487812559753447,0.8157798752727347,0.5320668480037997,0.6472927825068384,0.1355554589973319,52
SEG_0671,service,5.0,unpaved,0.49473278691035394,0.4582675038515829,0.2539454186704192,0.10607138052806009,0.6408493478965921,0.053211684978034524,0.6448803300182192,0.1450128819406603,51
SEG_0672,service,5.0,asphalt,0.2655664276189319,0.7532494117219777,0.3248424702566062,0.7135136914309854,0.6821632501021699,0.5991822808446522,0.937467164616906,0.6014723934097955,68
SEG_0673,collector,3.5,asphalt,0.8877070808305825,0.38418060044773705,0.6712971330224193,0.7228209461835574,0.9436511347783622,0.06119560091918941,0.8442564794214208,0.03443209181659934,59
SEG_0674,collector,7.5,unpaved,0.7680605814248282,0.9380024815406537,0.40353229086369313,0.7615909433654311,0.828001228574352,0.32919508774549633,0.7156883277860949,0.6384797553274971,63
SEG_0675,service,3.5,concrete,0.12522915458296346,0.710907550015252,0.5348835299018603,0.8699808747177417,0.6963151781356582,0.47791231159293324,0.05176839903011943,0.8166579039880905,75
SEG_0676,collector,3.5,asphalt,0.6908190103639098,0.4653538149711497,0.46142858259694297,0.373376998163797,0.8205424447707761,0.07255710335753396,0.19529639069913995,0.22721215905664305,53
SEG_0677,collector,-1.0,unpaved,0.9961290498656041,0.7429063285793241,0.4836568762648801,0.5636361912017108,0.10331194515043052,0.7380567121615788,0.8329208722572568,0.7341242887997823,53
SEG_0678,service,5.0,concrete,0.31339153726665925,0.45741124888912255,0.14565025631377282,0.8952388788200433,0.7473361500487634,0.8778399346019498,0.41968699904476103,0.3246795746165817,58
SEG_0679,residential,7.5,unpaved,0.4009439719888277,0.0013729030855290647,0.5769936425732881,0.9254756455689708,0.0024111868535966474,0.7538989665946637,0.8803893285966884,0.41684690779386613,60
SEG_0680,service,5.0,gravel,0.4190657336234054,0.19263937714017143,0.8998057630979933,0.673304165197461,0.49083845145754823,0.9776599907191263,0.6537779043730731,0.28882505689824456,62
SEG_0681,arterial,10.0,asphalt,0.9626322556630406,0.8800847326633384,0.45084699916744986,0.4978885102393602,0.6145201735738816,0.49850871408420094,0.7462184932428656,0.5552416719557083,53
SEG_0682,highway,3.5,gravel,0.18237913918304516,0.16800536345132677,0.21228920062049894,0.9050149525444103,0.5635655644845021,0.1134516612584503,0.05699390226823664,0.0029834796193114466,63
SEG_0683,residential,7.5,gravel,0.7684671752306552,0.4768206008968282,0.9781841322945103,0.7811116972792138,0.08649279890886996,0.08224676083933624,0.17957256813896683,0.22062437210982977,60
SEG_0684,arterial,3.5,concrete,0.9921981263911782,0.8993545930170947,0.30989569318668864,0.6700615124083844,0.8422366183454097,0.2757554824551153,0.6024277410889372,0.741577882987535,57
SEG_0685,highway,7.5,gravel,0.45953868836497036,0.25360482129395,0.5703992077897129,0.986707600482971,0.3509905423520976,0.7802207408390275,0.9863575373076175,0.7450614659657262,70
SEG_0686,highway,5.0,asphalt,0.8180680522007979,0.340503472899217,0.16376018093441302,0.34582121355458095,0.32231604282562043,0.04312035242967982,0.2637618545026803,0.19356299954442813,45
SEG_0687,residential,5.0,concrete,0.6271828347895441,0.39679880750634045,0.08107030643062796,0.562907411187991,0.35603442904624005,0.04784512097550209,0.6157250744233969,0.04996017092645255,47
SEG_0688,residential,7.5,gravel,0.39773534444273906,0.2712799465561234,0.2514300148660331,0.6540216975844962,0.7506128252873832,0.42510830175151626,0.5850484191052009,0.8110895417488811,58
SEG_0689,arterial,7.5,concrete,0.30391618050307534,0.5979661570729582,0.16465333425403872,0.40786671735298075,0.5932500793015341,0.7068824485441909,0.9336814783877678,0.6157117346081299,59
SEG_0690,service,10.0,gravel,0.5390980943126276,0.6882518982181905,0.5266398448805163,0.9828036269473681,0.7570032227576554,0.046200211588970364,0.11832374846685623,0.605556608743349,71
SEG_0691,arterial,7.5,gravel,0.6547199182529307,0.11485332524924752,0.9524773853943218,0.5905684732428865,0.5644251356534795,0.15562702676018458,0.058219583376909245,0.7991766541666477,67
SEG_0692,residential,7.5,concrete,0.8934285903282644,0.5052367841447128,0.4367177753725553,0.7609878242773165,0.04345290617904296,0.3089485664108347,0.10255284083935834,0.21233391103159938,47
SEG_0693,highway,3.5,asphalt,0.02686925561021858,0.5502300526712501,0.6064457980817242,0.8723883383958736,0.15190562281088127,0.6419333171678804,0.7995338783075138,0.41194824340086456,76
SEG_0694,service,5.0,gravel,0.2809349007554165,0.6903310557858449,0.040079078427453396,0.5309473502380039,0.29579158972292663,0.4011597631738345,0.7138654664526295,0.7214232291135089,63
SEG_0695,arterial,3.5,gravel,0.104845613421365,0.8429529508506122,0.7526400736805144,0.07203549526719966,0.12199545213837226,0.9970492338783296,0.03286295813586937,0.5855615574966744,60
SEG_0696,service,10.0,concrete,0.4548660209562896,0.2937643083181949,0.5308603329886296,0.6051819223769468,0.9838453481092996,0.07249481829657556,0.9606009251939055,0.4651374366148987,68
SEG_0697,highway,7.5,asphalt,0.26016996956838156,0.42064287662165334,0.683457714658243,0.5564167493825407,0.40056811995178887,0.9810432252104507,0.08023366925622966,0.2901140858782262,58
SEG_0698,collector,10.0,gravel,0.09122046217237179,0.2617862339493544,0.10720992577501964,0.5701239581077521,0.3484814747994801,0.787725477298028,0.34056429011840683,0.7846488159730753,61
SEG_0699,service,-1.0,asphalt,0.1765068758799474,0.8125500801579438,0.16642069386530423,0.901265845923842,0.17409910447713228,0.14094747057774837,0.43394787815684555,0.9184635569640116,76
SEG_0700,collector,5.0,unpaved,0.4086283505202214,0.33876933735747505,0.3026230956908038,0.41185309472981524,0.8802918191895037,0.595728757857497,0.8947039227863988,0.6449077118781166,59
SEG_0701,arterial,7.5,unpaved,0.7986883162932431,0.131691153029443,0.6798117093095806,0.7239788305525019,0.3378487892227321,0.7590203737985647,0.10348295481425351,0.2928932695265939,51
SEG_0702,arterial,10.0,gravel,0.5384760791233717,0.7228076217148767,0.3657839021201075,0.10409034947504803,0.9786343268559557,0.595531000026127,0.9199183897931814,0.19863253138107007,50
SEG_0703,residential,5.0,asphalt,0.8078441009970496,0.6230702225573392,0.2777261873962511,0.889715391062071,0.2797807355867672,0.1877471893842565,0.32651691471120803,0.636306690089889,55
SEG_0704,service,10.0,gravel,0.542287527416705,0.9369862959973374,0.47693065902620335,0.6905116732533395,0.4229080824227561,0.4939177812946133,0.0337349420509625,0.0632029806326051,57
SEG_0705,arterial,7.5,gravel,,0.4828772430831595,0.06228642868156975,0.246539116391152,0.08234806245239867,0.48058929570950626,0.3739481918865778,0.2860946023910109,36
SEG_0706,service,-1.0,unpaved,0.7521776102591399,0.26583938762410664,0.19154425734352887,0.8300725518725625,0.9088306889624108,0.18700034910520968,0.8943710535678459,0.156039856607895,55
SEG_0707,service,10.0,gravel,0.6644761700890215,0.5258131186659671,0.8431116514667972,0.024264501353823964,0.09087264017958152,0.7090709335846636,0.043471818285759856,0.7542989555994006,53
SEG_0708,service,7.5,concrete,0.0742855059568478,0.5161207193542686,0.9528102892392015,0.5151835617296083,0.9874543907986749,0.29718015322095115,0.5363515167717711,0.7255126192691445,80
SEG_0709,residential,5.0,concrete,0.4059345984294924,0.5252341943559874,0.797125642033513,0.8071132726440151,0.16932476270476227,0.9824400841462531,0.3202737330814489,0.2953597517026525,58
SEG_0710,service,3.5,unpaved,0.8963266778128866,0.11708467021161162,0.5378501894504079,0.42677895691545076,0.45217383168349223,0.1844517646133531,0.8282257812384374,0.007379790114176554,49
SEG_0711,highway,7.5,asphalt,0.9612168688039778,0.3113462107057726,0.10151201161332457,0.24646375076807892,0.6179388555996809,0.3320790747841721,0.4770753379706487,0.1774408188595611,38
SEG_0712,collector,10.0,gravel,0.44735068034546677,0.3741892893605224,0.6601936695945964,0.05519220682320791,0.8279528935249643,0.8752292799092711,0.8502808560073774,0.8613738285482206,57
SEG_0713,collector,10.0,unpaved,0.20003285080002509,0.871908419846446,0.5385334897388171,0.1256232186521249,0.6101812203739607,0.7652593883058866,0.45104687594332504,0.5667209695811376,60
SEG_0714,service,3.5,unpaved,0.2915344475680619,0.7359287732771265,0.2020818538657555,0.5175340708205916,0.3453012721536133,0.07413898399790853,0.2344407060720345,0.28212362482618336,61
SEG_0715,residential,3.5,unpaved,0.5068311216396325,0.6166363570495245,0.6411459910715248,0.7224571647088501,0.769662319316704,0.15367156060492904,0.27159735918140004,0.3323694253455215,61
SEG_0716,arterial,10.0,asphalt,0.6388615789872729,0.04240138399544113,0.29866579274485516,0.27549424868657457,0.20254424116918723,0.9999917963311249,0.2469686588306026,0.0320982339580943,37
SEG_0717,highway,10.0,asphalt,0.5707133345588354,0.2566074168800577,0.1595157125125255,0.7121888542394642,0.9638619202649089,0.4915078167381566,0.5755165736040098,0.05784751212201378,51
SEG_0718,highway,-1.0,gravel,0.31167386840041544,0.1602961539611094,0.5330047440498246,0.883347591765172,0.08884287438856908,0.6278931561851276,0.39758975993250223,0.6924934370053265,68
SEG_0719,highway,5.0,gravel,0.4597267773106146,0.3353952317231943,0.1020370290572985,0.2522291260943338,0.5696434887500753,0.9278177044332664,0.8567779588254134,0.32700420430963884,46
SEG_0720,residential,10.0,concrete,0.42641337352528785,0.6350619785735342,0.30398417977537984,0.2453899470484613,0.702215030192204,0.9429743732662046,0.08270131400591174,0.5490443908631185,44
SEG_0721,arterial,3.5,unpaved,0.2681807575345797,0.7379491150105811,0.9571402699242924,0.07020899391088908,0.2572412355240953,0.22583770424601635,0.1725630030128369,0.3281738007087277,65
SEG_0722,collector,10.0,unpaved,0.1497296500206069,0.3510646540229787,0.6646589120527283,0.12577266330187598,0.08525058202372604,0.6635508096766213,0.9895437680543778,0.916223622654373,68
SEG_0723,residential,3.5,gravel,0.43443442379454766,0.7045722456440427,0.03185810601378414,0.06715314255253302,0.40606295514169166,0.0824039678889329,0.043795068875600585,0.9015569154036571,49
SEG_0724,service,10.0,concrete,0.42754809830276796,0.565825465867159,0.9012774419680231,0.05167630551430524,0.8445247426995812,0.5889023649089923,0.33858994130306885,0.5106095756504809,59
SEG_0725,highway,10.0,asphalt,0.9711655569258759,0.6113846474982201,0.2654032978651255,0.32127145286707637,0.23889318507247925,0.7974245766151976,0.05034424926199699,0.031600731914029345,35
SEG_0726,highway,7.5,concrete,0.7785341729051792,0.021538882008655502,0.9903929802920185,0.9814919413499952,0.48501727932932515,0.35956614710144796,0.2744006476465105,0.5798736720895715,67
SEG_0727,residential,7.5,unpaved,0.31349134275519774,0.5170908252059219,0.3320839339499868,0.6463276472848927,0.25121545041547055,0.9679093865911099,0.9840772995494601,0.38990010170451317,55
SEG_0728,service,10.0,asphalt,0.5416464884002329,0.392895723772152,0.8125790753690287,0.5344530012222821,0.8158592073608743,0.4916001597334684,0.29601411207383366,0.008588067886695527,57
SEG_0729,collector,-1.0,unpaved,0.17531342566215313,0.8992631116980693,0.7406569571159949,0.6511932577248482,0.8659933426632516,0.47992792659518924,0.5931915832450058,0.3269317950042583,73
SEG_0730,service,10.0,concrete,0.6055892000905659,0.014105092529608343,0.7854380974682169,0.1869016880323573,0.9152567811071833,0.7971541455616267,0.6059525044161826,0.530384228552291,52
SEG_0731,arterial,3.5,asphalt,0.6667303067907454,0.8874485079806219,0.7379365612017307,0.3781859468251544,0.1078585015284872,0.28119962425014244,0.9632923626566496,0.9510957966078787,69
SEG_0732,collector,10.0,gravel,0.620701913066612,0.5579242852394339,0.7845705371942457,0.10274416030193301,0.8186225692895496,0.29245988088720787,0.9154609607363785,0.9721645232232438,65
SEG_0733,highway,-1.0,concrete,,0.8092851138850907,0.5823682018872304,0.5276237875036963,0.8008774209727952,0.393686577906722,0.295045759679319,0.5997061590469284,54
SEG_0734,service,7.5,unpaved,0.6868256343137762,0.612700378456278,0.27108259770142396,0.9298431830910664,0.9389764216950268,0.4646059132409156,0.1046668582334519,0.9333052190202612,62
SEG_0735,service,5.0,asphalt,0.6063426664635128,0.8957626661224969,0.8539896688103241,0.14899150745696343,0.03393789687561555,0.775636130763487,0.9829719378679483,0.8018515733396991,62
SEG_0736,arterial,-1.0,concrete,0.885124446341561,0.9017244804929196,0.7105541584725132,0.03372425224004738,0.6639727404147647,0.4814432628487768,0.999970935751657,0.42656887700840806,52
SEG_0737,arterial,10.0,unpaved,0.7865902957446911,0.2652081322081947,0.9210745436525652,0.6776350157483931,0.7195509959546419,0.09422199529489428,0.10430896132776579,0.35603992532813533,62
SEG_0738,residential,5.0,asphalt,0.40453046106898494,0.17378126059461418,0.6700946679482379,0.09576922517121755,0.6332192707831851,0.314753583351546,0.24859701771633191,0.06371247631640342,47
SEG_0739,highway,7.5,unpaved,0.22729581491104334,0.1347286853112455,0.13222009404087287,0.5336106471080325,0.1504987822071967,0.6341878074976347,0.34227465476706254,0.9863456921426714,61
SEG_0740,collector,10.0,asphalt,0.31173813625354563,0.026585562453744438,0.918550405174964,0.33323863185173985,0.26660113091311155,0.9837385663860524,0.10965914602405069,0.6724100754435627,60
SEG_0741,arterial,5.0,unpaved,0.7120099515535259,0.8596679744446846,0.9781843992740841,0.025409228134893436,0.4750262073736651,0.7193913046610609,0.3602658227384903,0.8250293256601567,57
SEG_0742,service,3.5,concrete,0.4058966139579191,0.9308592861826989,0.333214392000204,0.36477806240069643,0.02906010829228467,0.11932898555522464,0.9635467019477111,0.6369910425373941,67
SEG_0743,collector,7.5,asphalt,0.4199095024186892,0.6314967476485129,0.5099632779435224,0.9684492563344771,0.1304752318771808,0.2812648603692255,0.4355890910608198,0.38168317871300883,70
SEG_0744,highway,10.0,concrete,0.0762267130241907,0.6108873303867689,0.17161624983971968,0.368990817633596,0.32978409305396295,0.5116476364353557,0.042026123361171064,0.584508249482581,60
SEG_0745,highway,3.5,gravel,0.5425746953403582,0.18640056958875628,0.14834864837810602,0.7127219574451522,0.651929426337763,0.13666580377110626,0.8178597870015848,0.2272619047958755,57
SEG_0746,residential,7.5,asphalt,0.8635831144491345,0.2559554927763871,0.44659868687368665,0.6881489317481759,0.27353977591396694,0.2587081575066261,0.31776496081876426,0.037595359388511884,45
SEG_0747,service,3.5,gravel,0.35354762312121313,0.6060345847341911,0.18784417956434218,0.22149938614684606,0.6708448173940822,0.7485917715705903,0.9821792820285749,0.4902673370483861,54
SEG_0748,collector,10.0,concrete,0.24480083023230415,0.0501320521556905,0.8887813199427534,0.041434449345713276,0.06068569382262956,0.25352411664964236,0.39523871772434593,0.6363072085625726,65
SEG_0749,arterial,7.5,concrete,0.8643616757831755,0.7513285029424426,0.28255326790338253,0.11978965396715513,0.18519662132496273,0.14773137846473938,0.48183971390009783,0.40320586387501356,47
SEG_0750,residential,3.5,gravel,0.5025485698810577,0.6756501246826082,0.4727527436149579,0.3994812215581376,0.20965516441850984,0.07405795003765625,0.9821180898539997,0.5246377405683019,60
SEG_0751,arterial,5.0,concrete,0.37023594259053993,0.519933486231106,0.05683945394639378,0.027323023551915626,0.6791321042298762,0.34520508432010444,0.7717346739099377,0.9702505981627628,56
SEG_0752,arterial,10.0,asphalt,0.4343276122890719,0.9962030311042762,0.9002504603241669,0.16567128908473638,0.583937254246404,0.2166217769362433,0.07741052897965006,0.3876232120833548,64
SEG_0753,service,3.5,asphalt,0.3269799098764362,0.6520913794282225,0.8336054278749429,0.5802734269096718,0.6432415136166714,0.7102964214605952,0.26875402480338495,0.9307215901453205,71
SEG_0754,residential,5.0,unpaved,0.38982975717193336,0.8302048456086927,0.06933245789487652,0.23249778912007757,0.6275008351728246,0.964865282743456,0.3461521676247392,0.6133015906958226,44
SEG_0755,residential,3.5,gravel,0.8315189703993254,0.7494374723493702,0.3880580981260031,0.7347518008877046,0.63405395044532,0.9013006972181041,0.6107902432084951,0.2889792395928935,45
SEG_0756,collector,3.5,unpaved,0.30070124231172857,0.8685717786410653,0.8774586964712305,0.32831043990715114,0.17139662896134156,0.1284758178721107,0.9832218236003868,0.8499128613244985,78
SEG_0757,collector,10.0,asphalt,0.745227825479339,0.864840425019776,0.3510817043706923,0.4030970021846134,0.31644737450209726,0.8971107919960112,0.8326151564508194,0.3442866632523399,49
SEG_0758,collector,7.5,gravel,0.6746611497212631,0.44743469252759316,0.7512093896838897,0.04521560754078413,0.8257033461791851,0.2162134006967218,0.9206133636083056,0.12826842733481048,54
SEG_0759,service,3.5,concrete,,0.4304120871389586,0.5396711018956292,0.4926977548894219,0.22107709594503933,0.41634849788796313,0.350514252461949,0.5356188944470675,50
SEG_0760,highway,5.0,concrete,0.7084035430390233,0.8050948167125943,0.301104719853196,0.3860715235702019,0.4370512606909742,0.49725026773205383,0.5418180518318139,0.40871600160955535,51
SEG_0761,residential,3.5,concrete,0.17061380044907304,0.8528068464072024,0.18310144207659296,0.8066827314038051,0.7461156365375156,0.7802788559453574,0.42799873314108416,0.7748210629866237,62
SEG_0762,service,-1.0,gravel,0.16455576953798656,0.624547656692044,0.6637816121751134,0.9571153849974177,0.9928477063439635,0.9953496357071762,0.48929038049416607,0.1777535086956742,68
SEG_0763,highway,10.0,concrete,0.5815219348015351,0.9989886715510192,0.6775464548226299,0.9778261217038473,0.5732562762980155,0.8423617320485197,0.6267765598756657,0.5221599527294477,68
SEG_0764,residential,10.0,concrete,0.6632386464311473,0.8078264829780335,0.15547141994588842,0.7655898627510018,0.6606466375261772,0.9374987950399051,0.716773668284304,0.8801989568249984,52
SEG_0765,collector,3.5,gravel,0.30904536667577887,0.7596641559861568,0.7422350102252416,0.18934560108709064,0.11560540609494385,0.05838507804388382,0.3259992296716484,0.018459487466869318,62
SEG_0766,collector,-1.0,asphalt,0.012858120509675719,0.9126974225293913,0.2382984695541549,0.34044937800833375,0.9760067580480549,0.6466762570182645,0.03645379748532862,0.9083098782480933,65
SEG_0767,collector,7.5,unpaved,,0.26898545193496004,0.04552071247708067,0.3716648673984717,0.8434532964243213,0.9413645669699628,0.8017954270198143,0.6559612369726529,38
SEG_0768,residential,10.0,unpaved,0.8931831942805535,0.03593852957324217,0.7009348392137825,0.46073868428382525,0.46227439862490816,0.679469860430207,0.2532389955970411,0.3843464433193492,43
SEG_0769,arterial,3.5,asphalt,0.5684934630300797,0.3006393965289774,0.23562828884564901,0.11894985818582415,0.015488219971621753,0.13463834985590328,0.5177300515121269,0.2685792353919939,49
SEG_0770,highway,7.5,gravel,0.2060522561944399,0.9434668826114588,0.937835504156159,0.7255722524508591,0.824753680279935,0.4831165602719907,0.06973558042690253,0.9984594744891963,81
SEG_0771,highway,5.0,concrete,0.4042818904300276,0.4007948756031757,0.8196344360882742,0.5125743755136786,0.589529643923687,0.174806344616529,0.5209095715735342,0.26120414826416216,67
SEG_0772,service,5.0,unpaved,0.019582467881816945,0.16643406883423506,0.2969858738816977,0.7826604913767128,0.5789843052263104,0.8059885491113599,0.5495613939915702,0.4267712305694764,65
SEG_0773,highway,10.0,unpaved,0.3501172775446647,0.07725405962999998,0.7447549307342837,0.3757948264346267,0.1587887831937821,0.6630509148460099,0.6941320340199667,0.5477660848201454,62
SEG_0774,collector,10.0,gravel,0.15876310209531164,0.014192119469130904,0.35274243022332274,0.7622702718544077,0.3375677534938981,0.9566014023780554,0.07573527094664312,0.8100903764495185,62
SEG_0775,arterial,3.5,gravel,0.1700326870621821,0.26990136828687894,0.11022514294741814,0.2379540794586661,0.5517621965825144,0.33009095128086363,0.4262193416443566,0.9231375177781699,61
SEG_0776,highway,-1.0,unpaved,0.38503301505195653,0.7545918620941986,0.606761110539457,0.4458312622150127,0.6730268278011606,0.5335607070946449,0.30663516029413607,0.33573021548835724,61
SEG_0777,arterial,3.5,concrete,0.2688625552330405,0.19747481147903667,0.8890549716826769,0.9554622326594839,0.04474913303673589,0.365348842806382,0.07170952470251879,0.4928602848503113,74
SEG_0778,highway,10.0,unpaved,,0.980734246894936,0.501413743976542,0.2178030456053187,0.6638127625712916,0.8000713541695619,0.6287458720124214,0.06981568070315325,41
SEG_0779,highway,7.5,asphalt,0.030840865438174214,0.5641555452898335,0.36091579780501215,0.4026598687545866,0.6029932702574433,0.4466314535488968,0.17517041815164214,0.9943746724069982,70
SEG_0780,service,7.5,unpaved,0.34780998457361045,0.6014932719148934,0.8992739338381338,0.9739564834666472,0.9930154627705013,0.13115943245213224,0.37503670865365235,0.16758661749577863,76
SEG_0781,highway,10.0,unpaved,0.8027189995448523,0.5103591537627287,0.6708471597630359,0.6655519178054404,0.8846441833310527,0.6643893690226451,0.5732922357808459,0.8659359828971749,61
SEG_0782,service,10.0,asphalt,0.3623076035145587,0.4870417269092848,0.31003278355258146,0.8720315992553209,0.8113865063999183,0.4034169574569204,0.9843278676318908,0.8271725628116168,72
SEG_0783,highway,7.5,unpaved,0.8461606308327809,0.22483232528665942,0.6836076696374593,0.007330693755122519,0.3513441064051165,0.40570741015182554,0.778405941598129,0.6320295716096196,50
SEG_0784,service,7.5,gravel,0.27637471804237135,0.9069238544487985,0.5078097060317162,0.03993213940795359,0.6083767157689971,0.045474759218537275,0.16573064998499076,0.1647107935277774,59
SEG_0785,arterial,3.5,gravel,0.6757291069684668,0.5950900861587352,0.9061914088279435,0.33623797095643393,0.06160370089598999,0.5082116235037384,0.42975249636057744,0.5667776924445458,60
SEG_0786,residential,5.0,gravel,0.4446814534534197,0.2823947765962631,0.16163843986881254,0.3552150112787319,0.6293373828089409,0.5748358977934835,0.43407973739434436,0.516220658795805,46
SEG_0787,service,3.5,concrete,0.6613723931202189,0.28334150430741334,0.5353479003585072,0.5345567094117101,0.44229145893158484,0.3827623113999834,0.15896348132005922,0.06591842115928837,51
SEG_0788,highway,7.5,unpaved,0.5581482756761986,0.4481818209314681,0.29280013400677685,0.9048261126192002,0.3472600317768315,0.06635127150195474,0.6920040504750058,0.41026664568605176,65
SEG_0789,residential,7.5,concrete,0.8416738002337142,0.6706250663885629,0.5258583187667806,0.020977433028537384,0.4042889364184802,0.7999395240654616,0.4749168947962412,0.589380288868469,39
SEG_0790,arterial,5.0,gravel,0.4340153958548607,0.761958446767487,0.18754616423009307,0.6794557444593166,0.9787047799300883,0.5922999062645388,0.7848287277050896,0.6697873028941754,62
SEG_0791,highway,7.5,asphalt,0.2280532332119456,0.7798954644860168,0.1625231166276061,0.3064345286654915,0.7763085712290182,0.4245448408163979,0.616121948507233,0.17576549326546465,56
SEG_0792,collector,10.0,concrete,0.4297677419088132,0.9132692210070735,0.0017613430280244424,0.22424476129383586,0.2525898642786477,0.6502872490885161,0.523479077358091,0.6562786786303769,52
SEG_0793,arterial,5.0,unpaved,0.07579077544380997,0.6501139677927393,0.7028348014638747,0.45049889636299334,0.36894631971769987,0.02215861371696093,0.8848520684265129,0.7515978764208593,80
SEG_0794,highway,3.5,concrete,0.4805597390720404,0.6255147635662801,0.9821198431307432,0.32932053207090584,0.2698650691165285,0.8979188670305477,0.21384254623407983,0.8314865281443682,63
SEG_0795,collector,3.5,unpaved,0.32602404689793985,0.053322962051651435,0.7825803200870618,0.5199811904634924,0.5331633381116421,0.2623123332337076,0.5766287588969815,0.37264199331881687,67
SEG_0796,highway,10.0,unpaved,0.7199427472116083,0.41204657339683814,0.4593849719186862,0.3056532257240506,0.5528020361928269,0.4970602576930252,0.6576598042932065,0.004594762519939288,47
SEG_0797,collector,5.0,concrete,0.06792762904640282,0.9072004548321424,0.585050506919763,0.21197634775790652,0.8369846897109443,0.6092911138837921,0.3566978342757159,0.350055264938945,64
SEG_0798,service,3.5,gravel,0.6443017703045184,0.03645978039553621,0.4819865198390041,0.1889179700237661,0.783490940431194,0.5620889278314785,0.1294440118497524,0.21315459252800062,44
SEG_0799,highway,-1.0,asphalt,0.3746596916109738,0.6125260939162771,0.8390016490732544,0.5949603812855061,0.6638281697024445,0.702762483996653,0.5390700204669879,0.4781985136969633,67
SEG_0800,highway,3.5,unpaved,0.8679874181880178,0.09676702584289587,0.03805325175138086,0.8668076451142238,0.3229719754129263,0.8453803415659207,0.6691774151707326,0.6219898139310145,47
SEG_0801,highway,3.5,unpaved,0.8325432703535735,0.7558108364880386,0.3659865664897404,0.8046261968035419,0.8786333327433751,0.4238335404917398,0.4077819580436789,0.9071381310081434,61
SEG_0802,service,5.0,concrete,0.9439709646939594,0.2136260283149074,0.9262771658822686,0.8760249566206648,0.39534381421109366,0.7110667857555713,0.18464871651250858,0.8106830391474898,61
SEG_0803,arterial,7.5,concrete,0.6663237039586011,0.75567062852415,0.8657348499699139,0.6653573500116534,0.15700203079330666,0.3673639148475759,0.7313902555743883,0.8347599599664943,71
SEG_0804,service,7.5,asphalt,0.18434835209445766,0.9940139199714348,0.7889938214930591,0.5922006044734835,0.9946546780190628,0.4207354726505642,0.7980018955309772,0.016263778401444884,71
SEG_0805,highway,10.0,unpaved,0.5281619485867222,0.4362614890508164,0.7713998840834326,0.5606273158292837,0.10062143932517098,0.5025881929523304,0.2173797987111502,0.08755075587607553,58
SEG_0806,collector,10.0,gravel,0.8315618393998097,0.6551419815055342,0.4729242200202065,0.23261335048736287,0.5857629470448088,0.53933177836183,0.31254464171303953,0.8324935303101235,51
SEG_0807,collector,-1.0,unpaved,,0.4207536407191703,0.06995020862793389,0.6747154996229824,0.9918878866635178,0.6229608735727072,0.016443074897587895,0.3508903429773631,40
SEG_0808,highway,7.5,unpaved,0.8962411297347387,0.9994151576002152,0.0656557420462085,0.009608177293738751,0.5828263641119659,0.5951546828416375,0.4047698541111602,0.7309316134894078,41
SEG_0809,arterial,10.0,unpaved,0.13766458255607072,0.23942295622182275,0.3272891556363613,0.4335834749225047,0.9189142383875354,0.2730258003834021,0.6321885954825162,0.23703439839524643,62
SEG_0810,highway,7.5,gravel,0.598522239718845,0.46216314089237687,0.2112468748648747,0.027875338298824492,0.17070751110552795,0.33461225715673015,0.3771793947732798,0.8259181576571247,50
SEG_0811,highway,3.5,concrete,0.7110959396109969,0.9321575452826633,0.9310417891950549,0.35340235037226864,0.44859031969422325,0.4291241176854408,0.5635617154059067,0.375817343722574,61
SEG_0812,arterial,3.5,concrete,0.8907224754454721,0.7589252935250275,0.16940899418239286,0.4528036900736776,0.15033443463705665,0.36270850729285,0.4928537841513595,0.1901545946698523,46
SEG_0813,highway,5.0,asphalt,0.6566689478187805,0.9100962311206499,0.8201125130738891,0.7600538385617771,0.7996349819665294,0.5777358400822744,0.28197569957087454,0.9201917275443261,69
SEG_0814,arterial,7.5,concrete,0.7324459975577898,0.6062594109817819,0.06256038992212976,0.10831821787941398,0.6999189804335159,0.2534895663441029,0.9258827622650153,0.054805118071153736,43
SEG_0815,highway,3.5,concrete,0.06441813076078773,0.46482115886679487,0.7972299835396174,0.8379489596842477,0.4986746972892069,0.64182066250304,0.11963534825678102,0.6881628984852709,76
SEG_0816,service,-1.0,gravel,0.8353550731535518,0.8189866133538896,0.9125638148500274,0.47105135978050583,0.24572015271549708,0.8694748251230959,0.8553087937369592,0.40168815902144117,57
SEG_0817,highway,10.0,concrete,0.3351582603173595,0.16805938718752977,0.8665913420348963,0.7420584601031659,0.7834762856805113,0.23897243361684994,0.962318059715835,0.12171290849049088,71
SEG_0818,arterial,5.0,asphalt,0.2704645073492761,0.5510924817909347,0.0881876998137392,0.27076810913634775,0.1545983995772966,0.34106980268132314,0.9659257567100402,0.33974067210180137,57
SEG_0819,collector,10.0,gravel,0.9884785086898739,0.8581517331719828,0.5823698809846717,0.9022665529088382,0.5938787311214789,0.5934604380515167,0.6139704586556466,0.2663493011444026,56
SEG_0820,highway,10.0,concrete,0.7667892690894215,0.06632573996875757,0.6792097655912966,0.8743602493604231,0.5497340454658135,0.43079527742283386,0.8617427229270662,0.8808280146734747,67
SEG_0821,highway,3.5,unpaved,,0.30148901468738265,0.22525376435123434,0.5020846454801052,0.7291448582924289,0.28106746298918306,0.7395627546193144,0.5762827984518889,49
SEG_0822,service,7.5,unpaved,0.2737870177881171,0.9478100962079153,0.3222707683345427,0.3875846653281807,0.3349131401946508,0.9632081125897559,0.7700321553040876,0.6348184307202303,60
SEG_0823,collector,7.5,concrete,0.09884668358908189,0.6459419088285587,0.44835150822022896,0.915731559187993,0.45377154016511534,0.8207219656307548,0.3272892355702258,0.7480764055874835,72
SEG_0824,residential,10.0,concrete,0.3792319607875495,0.6949253245806432,0.6282690119326909,0.9851441580214637,0.6055333478907401,0.29238837706592236,0.13556685091392862,0.33040753675410195,66
SEG_0825,arterial,10.0,asphalt,0.6323254908575233,0.578386706872268,0.3971514830489027,0.9237337811570119,0.33176638400551317,0.9673008815384276,0.2768980474614917,0.4154271402114752,55
SEG_0826,arterial,3.5,gravel,0.677836147225734,0.6434536450898521,0.43904958132119243,0.40252551947046367,0.9446692755564612,0.5570735410267674,0.21931962835591745,0.1482363338017183,49
SEG_0827,residential,10.0,concrete,0.8812682590082253,0.45324559981032175,0.9489894152184891,3.572728588285834e-05,0.1213498089758599,0.9209006254134116,0.1280803678864616,0.14209266977863966,36
SEG_0828,residential,7.5,asphalt,0.5163459313133765,0.9327873109828069,0.3781699722214287,0.7451411114176576,0.4522092087622902,0.2728311113052676,0.9852767581483435,0.41999773384482053,62
SEG_0829,collector,5.0,asphalt,0.695436201529002,0.1430137595915294,0.6243917169076626,0.8253388778288407,0.9780549790963594,0.994233876344628,0.35751027768696964,0.29186021033448595,53
SEG_0830,service,7.5,unpaved,0.9378249752168006,0.04984935519275302,0.4955999407988594,0.2541746410160707,0.9816652500165123,0.6109178578227854,0.334763278435356,0.8327191584587041,46
SEG_0831,service,3.5,gravel,0.9929870259014933,0.8036281343947788,0.15797187926803602,0.6704659220104516,0.0791347446161681,0.09172268804632222,0.6890514563153676,0.18606056707668928,50
SEG_0832,collector,5.0,gravel,0.043798786799356004,0.4062745582152558,0.06562963013387568,0.2073913162648472,0.36244458457392104,0.812659168404297,0.28968667083920074,0.8464853822494905,57
SEG_0833,collector,5.0,gravel,0.3618597625700952,0.2626898449460615,0.9745379620008084,0.4387142115064979,0.7346690038702559,0.9529641671699084,0.8298359681086459,0.6108221714011249,66
SEG_0834,highway,7.5,unpaved,0.579892434897483,0.6741343458678907,0.7424945920365652,0.598318056382951,0.32587464742659256,0.7363157337371309,0.8975274457653556,0.02466293670979458,59
SEG_0835,service,10.0,asphalt,0.768888821603071,0.7501412986902156,0.6339698089422157,0.7425702854921282,0.41117337930029774,0.9027522416299755,0.9069920847995426,0.49823582182022985,59
SEG_0836,highway,10.0,unpaved,0.29750221229065843,0.48687407422993534,0.2645920452668219,0.7870198220554917,0.7865352125487738,0.28137658289324907,0.47424758181679705,0.519424910456582,67
SEG_0837,highway,3.5,concrete,0.8150107137388436,0.8916986689305094,0.3576491229042661,0.5575124372622399,0.2129468795579854,0.605870048608996,0.5380849241023888,0.0167800268295365,48
SEG_0838,collector,10.0,gravel,0.3309432704613028,0.12279042276661856,0.22351471826384783,0.08371519855013687,0.5662284066310809,0.18145971621056278,0.16800852082236772,0.2584754167839538,50
SEG_0839,arterial,5.0,unpaved,0.07702847599111451,0.4409337294694149,0.23983549649684965,0.2319033120618854,0.056830666443749456,0.34447463000955747,0.10589902747180202,0.6954041730281781,61
SEG_0840,highway,7.5,asphalt,0.04766634404254755,0.5763677360420887,0.7150957475050773,0.05776433803266867,0.41723277415362336,0.9217938499897337,0.010764138170773485,0.39235007760739216,58
SEG_0841,collector,7.5,asphalt,0.8160894466563321,0.5438986656746638,0.7309768677607096,0.7572617569468676,0.027412878000170338,0.48149717557809524,0.5522812090242576,0.05210992760953037,57
SEG_0842,arterial,5.0,asphalt,0.03904411608196856,0.32698877024235584,0.5523161064256237,0.8295715585345156,0.20603945857084083,0.6688337083583433,0.4388947296864121,0.26126583660330527,69
SEG_0843,arterial,10.0,concrete,0.005673561547924089,0.1486868201560575,0.041047632222187436,0.5739862245567275,0.87819446972986,0.7324676400604043,0.045172875520987366,0.6155673480076781,58
SEG_0844,collector,10.0,unpaved,,0.81560725197748,0.7095327838544627,0.1682959899466724,0.8829501763430491,0.27378822369690137,0.6792709756928171,0.7395005891275986,55
SEG_0845,highway,3.5,unpaved,0.3201500248562955,0.3309923031157249,0.10773844448486414,0.501113108398008,0.2701763983276002,0.48449958310501995,0.8742005030092636,0.42675100357509976,58
SEG_0846,service,5.0,gravel,0.49661821826617303,0.8306504339328367,0.31413744183245385,0.08313755136076839,0.8540949295628628,0.36014678211871676,0.8612657912241858,0.981498536874435,60
SEG_0847,service,3.5,concrete,0.06601707903561282,0.9276941838350911,0.2652038513472339,0.049447977705257884,0.2853158885366356,0.7614653909342205,0.06356050468523167,0.3207828209315037,53
SEG_0848,service,10.0,unpaved,,0.5766944598476645,0.9214792656402289,0.4558046648415831,0.9099174753779247,0.7176974636141994,0.0107789472446298,0.2610133520952659,49
SEG_0849,highway,3.5,gravel,0.685984339212164,0.05572943906890304,0.9441393348351815,0.255758208827531,0.7754874199983554,0.48418984141773524,0.047267200723673075,0.9460567792590802,59
SEG_0850,arterial,3.5,gravel,0.9833521890606641,0.8010900230995036,0.04415034341820023,0.6991125860855403,0.1672035716264555,0.5261742354585873,0.6590953066978446,0.4354571690045357,47
SEG_0851,highway,5.0,concrete,0.3848584379990787,0.9729579425592698,0.6731524993717652,0.27319925383149046,0.0009323851808388239,0.06559094015227351,0.7217449611743029,0.5058493418505948,69
SEG_0852,residential,3.5,unpaved,0.5401394429912976,0.6237988574611859,0.7614567562811179,0.4365557106781206,0.03111272773366347,0.3702233730763125,0.6450970276427341,0.21997819321522394,57
SEG_0853,residential,10.0,asphalt,0.8168158187222538,0.646445523827533,0.40450304087331235,0.06567609356599269,0.41104365439286406,0.14227306674202345,0.9720933393713498,0.5481276307856726,47
SEG_0854,collector,7.5,gravel,0.18098708580565415,0.3335635242015862,0.9708340741091033,0.4024205914556701,0.3343950182627755,0.9441149128249036,0.059811312242798564,0.816209952453248,67
SEG_0855,highway,3.5,gravel,0.6266898342188564,0.41235141551791865,0.7311596519701202,0.991578753666699,0.7198650666555898,0.7929146715192088,0.8730265101344747,0.05910498774907258,62
SEG_0856,highway,7.5,unpaved,0.14229500533691297,0.8471661612323693,0.9532182970746003,0.9046237575820816,0.3665260842078073,0.9211217327575779,0.1582991592153734,0.7389669375853344,78
SEG_0857,highway,7.5,gravel,0.8377744975944631,0.4975219981484409,0.5995741578966812,0.9673683950115436,0.6989460106788224,0.8813122445343953,0.29218250539414903,0.04221854894821808,52
SEG_0858,residential,10.0,gravel,0.5701158725245169,0.1693525747621123,0.8019116566793073,0.21217025344655127,0.0228799715113589,0.09829711551381781,0.5600509823631943,0.08065293637314563,52
SEG_0859,collector,7.5,concrete,0.5380470253382267,0.3482728612849373,0.9775363302405088,0.39419207292700265,0.12653461440458258,0.3974456766211052,0.784038475320583,0.8459948841717857,69
SEG_0860,arterial,3.5,unpaved,0.9003286112529034,0.8798804223692043,0.6762884656027581,0.42925205663873167,0.7860811794739998,0.3458199079102189,0.245111007911902,0.9124292010260688,59
SEG_0861,arterial,5.0,unpaved,0.8755335433327833,0.12579011123975337,0.5598233648024034,0.7181631532889099,0.11858861679217869,0.05945308488385237,0.329610249356309,0.5336827227470812,58
SEG_0862,arterial,10.0,concrete,0.04323636876566084,0.5142005474151509,0.7536510122666357,0.5435076804454596,0.9838807302133986,0.8270006834090159,0.22674814293310164,0.5193427390249123,69
SEG_0863,service,7.5,unpaved,0.8483865014104919,0.012534704222111559,0.43489501601222635,0.6132859341416909,0.8088780822338855,0.8534141920612279,0.34328748899294426,0.4340337649399084,46
SEG_0864,collector,3.5,gravel,0.9212155189802941,0.24238203732649777,0.5199918942861828,0.3461479420036754,0.9518272329038543,0.23411237973309207,0.7939519113222191,0.463641123041062,52
SEG_0865,highway,5.0,unpaved,0.7670831377164627,0.5013781037378348,0.618602638628454,0.20031698231320627,0.6406412117128178,0.35562064158791507,0.7960511016154215,0.42754801103940787,54
SEG_0866,service,10.0,concrete,0.22498408222469546,0.44213551837337606,0.13519131006918006,0.2696252050095935,0.09840381488907746,0.5811590863172567,0.67111773234858,0.48690955810849057,56
SEG_0867,arterial,3.5,concrete,0.18304423799463698,0.8648571541783785,0.009516783935402784,0.661649179440413,0.8080485375502836,0.4897624592937353,0.5740633624977793,0.698406000794712,65
SEG_0868,residential,3.5,concrete,0.4002127390948821,0.43359648837522813,0.8613182050049247,0.9767885214120214,0.4388502842011178,0.06095737548133717,0.9466708209687693,0.02425431854203819,71
SEG_0869,residential,5.0,asphalt,0.1579891836932702,0.9106812711841799,0.9126331923534444,0.29704886334438096,0.8103228855771734,0.340336732697878,0.03549160012780517,0.6897794231599953,68
SEG_0870,arterial,10.0,concrete,,0.6458138087453514,0.7968096887057848,0.26444285921305,0.15524710957650156,0.9959868222569479,0.21566261165673195,0.05743004173319566,40
SEG_0871,service,7.5,asphalt,0.6041884465420108,0.9016687473255994,0.9398409318089073,0.010803373700593033,0.5804145464799264,0.7866192152781446,0.25503832283503824,0.2845373012896385,52
SEG_0872,collector,7.5,concrete,0.11443699970982035,0.08303815358723865,0.20111179498650777,0.259065085557719,0.42141586151650123,0.30854461337175443,0.8183434182106406,0.23762032702537284,58
SEG_0873,collector,10.0,unpaved,0.2898836319153004,0.9569553318080365,0.3615753453106971,0.7515540299374981,0.4239510113508753,0.6877835073366241,0.4493035450607258,0.06355166041334726,61
SEG_0874,service,5.0,unpaved,0.7832334712358424,0.5947350283513145,0.9981389979096963,0.7343184211781467,0.27621982659098554,0.579531860403721,0.440773930986166,0.5584404091716787,65
SEG_0875,service,10.0,asphalt,0.9746293680841936,0.838052395533722,0.7820524075986227,0.6807250279728904,0.5767111943784495,0.4758239148367107,0.794088120051281,0.8171000610705386,64
SEG_0876,arterial,10.0,unpaved,0.8725502756178946,0.1996539354476351,0.0429934752545893,0.8975965283767892,0.345854916334315,0.0004036685895321135,0.6601310930444279,0.5457457846762189,56
SEG_0877,arterial,3.5,unpaved,0.9219083580925694,0.9167391615276638,0.7439083038456977,0.35288878681902636,0.7401931293409995,0.8694122720354575,0.487500377908492,0.6464041067070438,52
SEG_0878,residential,5.0,concrete,,0.9748518992546041,0.7794837324474967,0.311579992997691,0.33806258639593956,0.24849465650860614,0.5645131262146709,0.029138051209768978,46
SEG_0879,service,10.0,gravel,0.5759326542888863,0.6000597507095317,0.15716961482298442,0.6129034642877973,0.8254001621722215,0.6296945276871003,0.6940162586233494,0.6931653074614028,57
SEG_0880,service,5.0,asphalt,0.0437141545741504,0.9223854450471021,0.6942045253866387,0.3478104151963164,0.7909800505059569,0.6748819507494447,0.8468950672230052,0.5981268720345895,72
SEG_0881,residential,10.0,unpaved,0.780717331182415,0.023459446379140325,0.467729896850256,0.16734941896359867,0.714938356323218,0.2352228313039928,0.8256066447862603,0.1329046904704676,42
SEG_0882,residential,3.5,gravel,0.27539448362802643,0.9928012263810513,0.4613880730219877,0.7977750881557495,0.31200248408548115,0.1162549686109754,0.5136557861549512,0.6262973710144779,71
SEG_0883,arterial,3.5,gravel,0.8918760626018715,0.8304704560779443,0.6091197865754726,0.8412868819852668,0.09589410988647118,0.1437468409027821,0.7041241038374554,0.8515262329387168,68
SEG_0884,residential,7.5,gravel,0.9615936202590137,0.5717248719476925,0.8421142539321294,0.010413217775563366,0.9348870421017291,0.01869746723046517,0.5941270442357324,0.6338813532838963,50
SEG_0885,arterial,7.5,concrete,0.8161199466927059,0.5680012184286936,0.04429473154156771,0.2773003874637531,0.5315695149035196,0.40181307196287785,0.526062058240125,0.7737134768273765,47
SEG_0886,arterial,10.0,unpaved,0.9659900401030082,0.05250571149426897,0.7346350179830744,0.605153407528393,0.7076784401219083,0.7611400403540624,0.24386890237726988,0.8927602946684876,53
SEG_0887,residential,7.5,unpaved,0.40758006627309207,0.4511244407738888,0.3198445245401109,0.004166462503117252,0.9823201291698439,0.08623726891639072,0.031201416755879174,0.5508807334821174,48
SEG_0888,collector,3.5,concrete,0.30543226987699124,0.37822293076822255,0.2042489098248914,0.2855614210160292,0.894896351699919,0.8314929541437841,0.6302062480370906,0.9659289519869754,57
SEG_0889,residential,7.5,concrete,0.19454098321223823,0.9718676071553859,0.0591347934005747,0.27756012961241805,0.6799410136207978,0.7739130001079557,0.8372696057071357,0.9793542640578137,57
SEG_0890,service,10.0,asphalt,0.13923541279524743,0.8488802446132163,0.32993101995334106,0.5297674424296926,0.6353416454242686,0.6560357724860599,0.8118235790519988,0.8626409121049272,70
SEG_0891,collector,7.5,gravel,0.7966956909424345,0.8936561829228205,0.37479435422306606,0.33318596128575384,0.5722536945246163,0.3120992340250769,0.7476715923990831,0.07897348105070512,50
SEG_0892,highway,5.0,unpaved,0.2944830040048406,0.018736882689711964,0.10789358484084965,0.3774655412811547,0.5095267918554124,0.6289192890761203,0.07251892337270505,0.43280671551450756,49
SEG_0893,arterial,10.0,asphalt,0.9009971577747978,0.021078952523691408,0.6693482268261057,0.7090925751649222,0.7513549865526612,0.506619278349788,0.5459697773635518,0.09497032458628141,51
SEG_0894,arterial,7.5,gravel,0.1161834645938502,0.1343228195900369,0.45057777607173033,0.7025272634338445,0.5894754553234732,0.008493498700071989,0.4175956536945312,0.8091790373865418,75
SEG_0895,residential,3.5,unpaved,0.3872617432569372,0.7430569489855274,0.8474404233376155,0.8689717404506689,0.4845413241051951,0.38902479000307033,0.0175619934154867,0.17304638221944413,64
SEG_0896,highway,7.5,unpaved,0.5262399950074693,0.9793520161048405,0.0841399750309969,0.36495950717215864,0.4592715236917715,0.027281641213987018,0.7846424343587715,0.6473533720131208,61
SEG_0897,service,10.0,asphalt,0.6360701759571626,0.6644369661743644,0.4549825635254441,0.5265953673737118,0.9563376750725706,0.07805053839519882,0.33474702355013697,0.07390012985057937,56
SEG_0898,arterial,10.0,unpaved,0.15793662723183943,0.13847388908158853,0.0011950899323583952,0.756787309826508,0.20697895091835627,0.18029777255093848,0.9550170472596203,0.09851456492309996,62
SEG_0899,service,3.5,concrete,0.5148993633810606,0.7746584495078728,0.4024935515863953,0.03518067359116317,0.5597419186879913,0.13182277879525173,0.05238164074205609,0.7231828577987587,56
SEG_0900,residential,10.0,unpaved,0.47739227847104493,0.18122942697066047,0.511899027942086,0.07852197318581167,0.5094114241050374,0.7624615455195276,0.1839801590692316,0.8181685338040982,46
SEG_0901,residential,3.5,asphalt,0.5519461089354805,0.5723419306921517,0.693378112619662,0.7039333847692856,0.5550572933725462,0.009194574011604062,0.775930486563001,0.8803854918717032,70
SEG_0902,collector,3.5,concrete,0.602750208090461,0.3539205355277364,0.07358214660838203,0.7200653070608305,0.3686186460671278,0.47586257053727077,0.05222944347635616,0.4410657543588762,51
SEG_0903,service,3.5,concrete,0.8821274555965827,0.14012067815426,0.292920468578281,0.9703764670777437,0.0721495164675866,0.7633298374969559,0.21805090544514938,0.023418412800693122,45
SEG_0904,residential,5.0,gravel,0.1155761858489861,0.3851669093107406,0.9466416664529234,0.6982017520004379,0.7600946497009456,0.07422092705914196,0.9989569171371675,0.6964291492382514,80
SEG_0905,residential,-1.0,concrete,0.8596589718249128,0.9964809596726394,0.8560766715983186,0.11363370753119784,0.5519382790574408,0.7121957921587723,0.6473095220363112,0.4586222381633256,48
SEG_0906,residential,10.0,unpaved,0.27438231739842167,0.3200938559065949,0.7081812571308872,0.6134116801879511,0.2512773262491662,0.2858880634922144,0.3712861238765268,0.8097488151581513,68
SEG_0907,residential,7.5,gravel,0.08518762850096717,0.8781913580829291,0.7518026574267438,0.43475611573854456,0.7497983287834139,0.1761472417668435,0.10294534175963277,0.8691035949357145,72
SEG_0908,residential,7.5,unpaved,0.9223085207116252,0.18807785503980723,0.06019637331610017,0.7641771541322175,0.04579224456548392,0.5893589401067676,0.768856115485928,0.17162933564792326,39
SEG_0909,service,3.5,gravel,0.8572100154692948,0.293890417559613,0.7205367538120321,0.8022949424904054,0.24457521467430887,0.5961822494962025,0.5351787662064896,0.13984376684137179,55
SEG_0910,arterial,7.5,asphalt,0.6168230439840386,0.501502111854544,0.9092568386090594,0.8344937367627794,0.02527802360427145,0.49797147040726064,0.8560825715380505,0.22242877554796125,67
SEG_0911,residential,10.0,concrete,0.3167076364040238,0.04341044161852814,0.09633238928140997,0.5966319483651779,0.7476232487045544,0.36128339174889623,0.29569294079118646,0.9239425218704472,56
SEG_0912,collector,3.5,unpaved,0.950065412790013,0.9136122078151008,0.7160895939971254,0.15382986596392856,0.30044414224380545,0.9908528889287633,0.32902703312978876,0.16212094066444904,41
SEG_0913,service,3.5,concrete,0.22031795163621637,0.028241893544578622,0.4265426192798114,0.47938335930647025,0.17810494733885884,0.3357334775229963,0.43990478681914913,0.37858375553682255,61
SEG_0914,service,10.0,asphalt,0.8608947563015559,0.7589332612474456,0.2621713655057296,0.9649333184573965,0.20862618249350673,0.9084466449400747,0.47460376370735524,0.11362582091001505,49
SEG_0915,collector,3.5,gravel,0.5842969728366553,0.060719456252135595,0.022926580222841997,0.22717774760994602,0.8323815021268824,0.5747986026032765,0.5041000511928809,0.7243495114329576,46
SEG_0916,arterial,10.0,gravel,0.9889451012112342,0.3444276864984962,0.18884410938206764,0.7830280221523083,0.8141348750029018,0.44417646028247226,0.5404828664024903,0.3726400505696441,48
SEG_0917,collector,3.5,gravel,0.9722612994300812,0.5580667549492503,0.7459681603224132,0.5000198314185239,0.012241811260758406,0.6842152256393705,0.9427714278678416,0.6660209118731667,56
SEG_0918,service,7.5,asphalt,0.06759956912587184,0.4371526886158149,0.9881429245032461,0.8027842392647784,0.40896130865730973,0.4976797027136375,0.764863770885361,0.09314659717660723,77
SEG_0919,collector,5.0,unpaved,0.25159194674876206,0.34014921664930287,0.9305907959743023,0.7219882266530908,0.7352520753681309,0.72519953297431,0.7902579134416903,0.6858913460185063,75
SEG_0920,arterial,-1.0,concrete,0.3391203538712293,0.3408722563841523,0.29696978041634514,0.5426842172625366,0.7001320108887906,0.7700682555901133,0.508615296143055,0.24207538558005426,54
SEG_0921,service,7.5,asphalt,0.04057469052717233,0.8833438354304555,0.3302817624240213,0.8799037956423604,0.5684143606339924,0.4868405799393747,0.3468791768857973,0.42731523176857256,72
SEG_0922,residential,3.5,gravel,0.14556141056327254,0.3746367321632531,0.30917458073906334,0.27347620720085386,0.2721556596475343,0.36530129706901837,0.8331975210153361,0.08404494873150992,54
SEG_0923,service,10.0,asphalt,0.8295652914326815,0.367585539276463,0.46946776925641753,0.2552108222798374,0.7467922704930464,0.6062400220684988,0.3965402602874889,0.9897406095842683,51
SEG_0924,service,10.0,asphalt,0.6610085998875019,0.8275042586238147,0.1700041257099265,0.4308564315827935,0.6272385210537414,0.46332101830754546,0.6511820404538857,0.6314490475682896,54
SEG_0925,service,7.5,concrete,0.6043998274366289,0.6994013579629147,0.5705619125474796,0.8739701618218756,0.3441042931992424,0.27994238888801837,0.9597565001221823,0.032701878935920026,65
SEG_0926,arterial,10.0,asphalt,0.7402959677995398,0.8189323817761847,0.3805576698470565,0.28683211397861874,0.9806452274015398,0.30715235713918654,0.33826321295312745,0.3026484700058979,50
SEG_0927,collector,5.0,concrete,0.9220547209143616,0.4564418873891448,0.9562672407117089,0.5426069589207674,0.8900384385016443,0.8076538811999519,0.6114369200369407,0.15204150115050097,52
SEG_0928,residential,7.5,concrete,0.35283436067401974,0.9994034795053964,0.8460633125607898,0.23041613807747596,0.035913538400840994,0.6251239027422585,0.42252727203404117,0.5041937477869554,59
SEG_0929,arterial,7.5,concrete,0.3329549317664363,0.2631048008999196,0.3489681321156948,0.7402793816985027,0.7803635209663464,0.6599093265403623,0.4984757059359277,0.530978617039975,62
SEG_0930,collector,10.0,concrete,,0.5597387187658309,0.5773548807356627,0.1401991314106077,0.8233517493409739,0.8465603148121412,0.6463559888395621,0.3484880949192395,41
SEG_0931,residential,7.5,unpaved,0.27019154870480355,0.23032548260916497,0.5423063388429017,0.423656055045909,0.9679023781739973,0.7786075537291773,0.6436958944676614,0.3898461486736988,54
SEG_0932,collector,10.0,asphalt,0.237527042587368,0.6728913830178034,0.32644549948388335,0.9173701707999511,0.04245123505809123,0.01444741550305173,0.47550589431543744,0.7009554177703762,76
SEG_0933,residential,5.0,gravel,0.9824356813927931,0.033953322191151325,0.6225067635817878,0.14551986278134854,0.5007592582596041,0.9633588075911512,0.37675006428409474,0.7686869307776828,36
SEG_0934,residential,-1.0,asphalt,0.1938477441377675,0.7951032983210186,0.07781191895723039,0.9121345074942928,0.7099679491637534,0.4567173918263282,0.1429747820507714,0.6712304760469106,62
SEG_0935,arterial,3.5,gravel,0.9688822719103105,0.5567987627658976,0.015461076358123327,0.26144590668570533,0.8052116405229514,0.08806732457176192,0.37926786451308003,0.46804084115900113,43
SEG_0936,service,3.5,asphalt,0.7014273014784798,0.38487936701337244,0.6223128672927536,0.7708411660593805,0.9029140858571667,0.4765341507265819,0.8141535774669182,0.19589783876878997,60
SEG_0937,service,10.0,unpaved,0.1827804509062001,0.6503527739360548,0.4965915244515823,0.4498144690655219,0.5079799957949818,0.9623363827300316,0.2506966391592105,0.5819773852183896,61
SEG_0938,residential,5.0,unpaved,0.7163300120836167,0.012255784053204488,0.6744826938651828,0.924122129455079,0.22782365777443647,0.449851058977335,0.914878361595133,0.793847222874932,62
SEG_0939,residential,7.5,concrete,0.6944812000882777,0.5628882428027784,0.6493295538929774,0.9501471502636144,0.9024651762631175,0.5940562594325244,0.2548988458597232,0.9815040174212787,63
SEG_0940,collector,3.5,gravel,0.3906259421416396,0.2624751762788222,0.07155409443605087,0.31431417120352056,0.3660930484365157,0.947623438739089,0.1830915727071868,0.7983308100866292,48
SEG_0941,collector,7.5,unpaved,0.8825066118115149,0.5540823082730614,0.26227997971978356,0.6058645479997282,0.8553687588820091,0.926889703985878,0.11830175284146638,0.7301766866305281,46
SEG_0942,residential,10.0,gravel,0.03183499288018943,0.273175412671113,0.7014790334684651,0.32380389020020905,0.6560317419115473,0.22925024631300694,0.3224464553494978,0.21287158628015468,62
SEG_0943,residential,5.0,asphalt,0.9040689226606833,0.18001966301650008,0.7831165248854274,0.7999132276537659,0.863552533777341,0.13163544639689995,0.8222254587449399,0.494254713433934,59
SEG_0944,service,5.0,concrete,0.36676138692722293,0.030403884355455935,0.3994362383694354,0.371098101706564,0.1880788225860821,0.019028475472610662,0.1298345424510975,0.8503455117654969,63
SEG_0945,collector,3.5,asphalt,0.4905523919443594,0.5077340214203829,0.07046989045482444,0.3930431846460777,0.5991238276966353,0.5640711429426227,0.4535524975544206,0.4445992131208708,50
SEG_0946,collector,5.0,gravel,0.1335683844984894,0.9810827885765232,0.581590971648126,0.018449035688246962,0.26129649974376756,0.008484693737502491,0.7035913696465842,0.8125376859824777,72
SEG_0947,arterial,5.0,unpaved,0.2620277070518071,0.7007015996088592,0.11690646355193646,0.8265282762950107,0.05943112463181155,0.6250799294763058,0.8298280825944866,0.14038295615521768,61
SEG_0948,arterial,7.5,gravel,0.12947618073882416,0.2071084768765895,0.7465732911241936,0.8162834567566885,0.8578154347144369,0.3466337556033672,0.4385649122762959,0.3649047545394497,74
SEG_0949,collector,3.5,gravel,0.0017563186890026117,0.6008497938154779,0.41956722250835965,0.6190737884232592,0.7975486169044853,0.5854722781546271,0.43974510046845805,0.3699636689759168,68
SEG_0950,residential,7.5,concrete,0.7231801803169833,0.6652714163165985,0.42276270183232123,0.3189761146347482,0.8274273904749809,0.050663381401857666,0.8446514469308185,0.16726648009511036,50
SEG_0951,service,3.5,gravel,0.5461612273811461,0.6900490547839866,0.7039935293940167,0.3526178388136533,0.4483069148013764,0.12657531959687274,0.9574813304154451,0.649822459177439,68
SEG_0952,collector,5.0,unpaved,0.23784633046722636,0.28881381597605194,0.2759681241036255,0.6280103316405835,0.8141451204800872,0.9546320070323708,0.6965799791774644,0.7834162266647555,62
SEG_0953,highway,5.0,unpaved,0.9992635200040031,0.5496934879809571,0.12233299587955804,0.43084420966769843,0.2847325240101857,0.6214354567872528,0.8635162453475803,0.9936014404800305,49
SEG_0954,arterial,3.5,concrete,0.9165638074307126,0.512568313248654,0.40395900937814144,0.29480663455230194,0.39066647901324825,0.15390193035956257,0.8737132384033556,0.41134156627172147,51
SEG_0955,highway,10.0,asphalt,0.0005499433054295677,0.8811122947724895,0.45504294508488463,0.4303968061425717,0.03877931217941766,0.054616344134089334,0.4823192496769466,0.6969570119536116,76
SEG_0956,highway,7.5,gravel,0.313110836762297,0.6663212922356792,0.479056640702067,0.36189783422952226,0.4732090669371658,0.020177674254830635,0.20105349072868184,0.9980511885563216,70
SEG_0957,highway,10.0,asphalt,0.7487179875158007,0.37985623579727257,0.06536456678215108,0.347981105845786,0.6398602697448331,0.2920832073435554,0.44829203544801066,0.6542736623484002,48
SEG_0958,arterial,3.5,asphalt,0.22358783817570982,0.6743435777561319,0.7865805779322174,0.27585340693425664,0.8940900196871542,0.6882065934150016,0.584101237737001,0.7773110461873728,68
SEG_0959,residential,5.0,gravel,0.3483811787491087,0.9843493439018104,0.08658181276348997,0.9986185383848702,0.8906273334898367,0.730891853874162,0.4616706587665772,0.8025179760009316,62
SEG_0960,residential,10.0,gravel,0.7144228239390874,0.5381866036970502,0.9552487650602441,0.9580963824857643,0.5210117471492726,0.7266467481554623,0.7901974418695589,0.9259385149455635,68
SEG_0961,highway,3.5,unpaved,0.9750458143146526,0.06652034275021967,0.013170302172205162,0.5959362816879953,0.2781639213826924,0.8977119833516756,0.6302629158782612,0.012791524393873654,34
SEG_0962,residential,10.0,concrete,0.11748924922192538,0.43815078153323916,0.18128338672582023,0.5794495511599547,0.3196286570493726,0.818635784475228,0.6800592886166354,0.04043420787052787,51
SEG_0963,residential,3.5,gravel,0.4763622821197019,0.8801656944631553,0.9201359050997042,0.8014656259391474,0.7253811664693977,0.6790700212045875,0.7635186015701763,0.3224020507029811,65
SEG_0964,residential,5.0,gravel,0.6046697071638542,0.5186076550980984,0.7453224674630998,0.3995125942102594,0.11780982795704464,0.3629463521289997,0.8635397587717574,0.5851023701807043,59
SEG_0965,collector,-1.0,gravel,0.5118548580479272,0.08729800348776406,0.2612198841166027,0.6223530437945795,0.22291943863119745,0.4404838737724358,0.6042360289494655,0.054195494342737516,52
SEG_0966,collector,3.5,gravel,0.40603842189768014,0.4240318159124552,0.6841803147667974,0.02071830957384846,0.919710761910623,0.16176775265865206,0.6115114250920872,0.19893898164095813,58
SEG_0967,service,7.5,unpaved,0.5077309683404457,0.16522521746174945,0.10065487378324078,0.3062557660901818,0.33849358514705385,0.9592505392808723,0.7760906092152631,0.6809391994753663,47
SEG_0968,highway,5.0,concrete,0.2086640509349802,0.6912046400452355,0.2286702220253346,0.9088259175222796,0.19046941318036426,0.8692658251709344,0.44652598044982894,0.3498966766183961,63
SEG_0969,arterial,-1.0,concrete,0.27980077568703865,0.6382410863728256,0.4404342690217157,0.3993691207866039,0.1407867535016457,0.06679348264907281,0.15621102189127456,0.403247815327615,64
SEG_0970,residential,5.0,asphalt,0.14682193336256188,0.1651586443286528,0.43646947349065923,0.41684519897082617,0.6280186001514114,0.5691429693244847,0.4058997869415989,0.24512348223823677,54
SEG_0971,collector,10.0,gravel,0.983179258210092,0.6018763209710384,0.8716603039157783,0.7359992681756639,0.9991192219637759,0.5468599261629109,0.651690299188713,0.5211409242675819,60
SEG_0972,arterial,7.5,unpaved,0.1580521426151147,0.23342508392635275,0.1663045459187832,0.579024451985036,0.2735776358809021,0.32498638701883853,0.02901997459279082,0.8008013332504508,64
SEG_0973,residential,10.0,gravel,0.040200934610474026,0.11740368786291078,0.5387863237264479,0.6966518386702629,0.922174141553432,0.2534266669909092,0.8143237898185808,0.23228477409588166,67
SEG_0974,highway,7.5,concrete,0.6089499798354006,0.0720515616697609,0.25122084810568135,0.9218186225887568,0.9328335110100142,0.7515098369757972,0.8469826521129702,0.13954559178267223,53
SEG_0975,collector,10.0,unpaved,0.7789687785763252,0.7270913449283926,0.622285189610873,0.01965459641641809,0.6666397837642768,0.43734829986296,0.18683718694453322,0.017900622585113934,44
SEG_0976,collector,10.0,asphalt,0.47655425155598385,0.695507291408706,0.18931596849796073,0.15836821955164293,0.9820784664344429,0.8243219244961724,0.1744723114664335,0.791148403950659,49
SEG_0977,arterial,3.5,gravel,0.9349456266538086,0.46572491403196825,0.36739320572012146,0.7429017573666991,0.9647089103291938,0.0757666710288496,0.8713391185837819,0.6649626938056707,60
SEG_0978,highway,3.5,asphalt,0.1202890446068785,0.9591121571371425,0.1875980702281791,0.5744137031937173,0.1038351567848741,0.9520559475860246,0.11930706662207413,0.9540816849694808,64
SEG_0979,arterial,5.0,concrete,0.4518110552272451,0.36600248797733037,0.7518202088373539,0.04306315252023196,0.8974338664250981,0.484423076885243,0.532104391476206,0.4758721783850398,57
SEG_0980,service,3.5,asphalt,0.7238466109510656,0.8551905020525223,0.5417439544832259,0.9879548787030962,0.9629748883833456,0.1338606028082292,0.7236434748641023,0.920778675328905,74
SEG_0981,service,5.0,unpaved,0.8729527243047047,0.0724055741649613,0.7085641396630321,0.3987015520068208,0.4140742993402653,0.6954277809748974,0.9030837616848247,0.9906807744713849,56
SEG_0982,residential,5.0,asphalt,0.2117192765058069,0.8986953922131806,0.6537254677447129,0.6023905214714357,0.8469936240185499,0.7037106962308358,0.11888021583784802,0.1368538467318634,59
SEG_0983,residential,5.0,concrete,0.7182447834955457,0.7828816559067902,0.7026103843602653,0.8584117489503602,0.09758406135153541,0.3149889815448291,0.24988598962003938,0.6807946034624918,62
SEG_0984,service,-1.0,gravel,0.7448793437611906,0.7954602422968143,0.18691855231491816,0.8643760994497374,0.8199541806448871,0.7027242080158502,0.9846683079327628,0.8000730400831265,60
SEG_0985,residential,7.5,gravel,0.1683970796214873,0.5081486221967815,0.876374006031256,0.19123508457485183,0.1006581378943272,0.4267456305572962,0.34533681419921436,0.9555709141081226,67
SEG_0986,highway,5.0,concrete,0.5802988709635161,0.5645747318905519,0.6121968297365539,0.7097450182720871,0.2029373503531554,0.1364090786638934,0.17890476032148217,0.3075777971399827,63
SEG_0987,collector,3.5,concrete,,0.8511354596409062,0.34635168863009347,0.4447081800805802,0.5154559952016646,0.09818898787641706,0.7850294161295495,0.1913366698260205,50
SEG_0988,residential,7.5,asphalt,0.49673437941976883,0.042084358860841053,0.14960590062288492,0.2154293019164586,0.8966527953430786,0.0954580803586439,0.2616759844390708,0.008912764629426695,41
SEG_0989,residential,3.5,gravel,0.824706612900294,0.46278160553220626,0.5051779073350773,0.7932206222581086,0.5280904719520423,0.6758381249537755,0.3517595629114151,0.1306447739961708,46
SEG_0990,highway,3.5,gravel,0.12276811168923929,0.870710431598911,0.3859893239841229,0.20722514348400467,0.5852669064423973,0.1761874276846016,0.049578486399053046,0.5462136455482061,64
SEG_0991,residential,3.5,unpaved,0.5722829782961746,0.2893916845065373,0.6770640959112085,0.21836565131976682,0.8965507545003037,0.8529147730158559,0.9514138792228006,0.3013387665304539,47
SEG_0992,service,10.0,unpaved,0.07299097125200271,0.12408769926504715,0.055944175020431586,0.5552871876676885,0.3196457080287559,0.22886607420284255,0.2664342393606878,0.25291488477441604,59
SEG_0993,arterial,-1.0,asphalt,0.3277226052338379,0.5817860889153891,0.046480187696253394,0.236072676844165,0.38437496800895965,0.17374856346670497,0.796745398372017,0.24501887539868283,55
SEG_0994,service,5.0,concrete,0.8569848458536269,0.6127317383251767,0.029602896012291047,0.3997678379528893,0.3746203541761982,0.22828029106236059,0.5633575640306691,0.6882487503098882,49
SEG_0995,arterial,5.0,unpaved,0.8943119604614694,0.498197017573458,0.03232482525802893,0.6851013879598631,0.8881067035456311,0.9613955820399536,0.15117241834859885,0.8466723710136963,44
SEG_0996,residential,3.5,concrete,0.22977817229306885,0.1568698718435998,0.7202367693604071,0.7061352782454753,0.6221412900790279,0.5881017994229079,0.31592744698926434,0.2992037061869677,61
SEG_0997,collector,-1.0,concrete,0.740776486976961,0.748624805584416,0.17517491501281868,0.5581085584342996,0.7277618968923343,0.8141833407382755,0.22274267846729767,0.37943421668831745,46
SEG_0998,service,10.0,unpaved,0.8770617232532381,0.774147092683447,0.8836913220477554,0.3421991749233797,0.7795900947688452,0.2055133842660617,0.35418053637032343,0.5869800050808588,60
SEG_0999,highway,5.0,gravel,0.42794742850147016,0.9522902322669278,0.3864656415403086,0.5783866176293782,0.4014130465429322,0.11824134808905062,0.44574334490447143,0.29412522303988486,64
SEG_1000,highway,3.5,concrete,0.6073997809217128,0.2263037593347228,0.1022735673460119,0.5416627987634258,0.3929834431087834,0.8525191319665743,0.8518944117377834,0.38762658548292794,48
SEG_1001,residential,-1.0,unpaved,0.12185977746849963,0.8999821867236585,0.7094162186839769,0.9123437088464853,0.860816908833674,0.14830510754705628,0.7086123053145323,0.3074466969040127,76
SEG_1002,arterial,7.5,concrete,0.08062565034678948,0.21435794894301952,0.06064667326123441,0.8157842844149015,0.5356727959869017,0.6436037115185171,0.7072160194439715,0.01570763980634704,59
SEG_1003,service,7.5,unpaved,0.5330163510041467,0.99121444517643,0.8573478348014669,0.36863040555966553,0.8665477358105312,0.9074276530784456,0.30774942737744715,0.28468596382462363,57
SEG_1004,residential,5.0,gravel,0.030050528719341107,0.7081129376391841,0.1570813008123948,0.8702830403902712,0.5000422352955289,0.3438325914288779,0.934642471013487,0.46597618773499727,69
SEG_1005,residential,7.5,gravel,0.20254175051896728,0.23521873313471064,0.21863180073177813,0.9447572450665676,0.989111736967165,0.0033760003963898555,0.5817417824416341,0.2492431121906279,64
SEG_1006,arterial,10.0,concrete,0.2081257404972675,0.3638580618245987,0.4210140090326904,0.47344913505897046,0.5036815658914103,0.7760296061894163,0.8319459070303492,0.1932298674549462,59
SEG_1007,service,3.5,gravel,0.8718462887815136,0.3774776260034698,0.33740637130252926,0.9882098347911226,0.21287305537016965,0.5640952470962048,0.37598170639033335,0.8652073730721376,59
SEG_1008,service,5.0,unpaved,0.6020074468263981,0.5791243403871927,0.13069098638324705,0.009611793045812722,0.8788200945077638,0.09022212890331804,0.21265910216786954,0.8935780962969878,52
SEG_1009,residential,3.5,gravel,0.550393330924842,0.07005408370592658,0.03673452162051705,0.09542548049510124,0.0992272975960039,0.7486355807848096,0.45465737349652624,0.40501540352807053,35
SEG_1010,collector,10.0,asphalt,0.12286980779907308,0.052920934486850424,0.7781711596687468,0.47709496720786104,0.711469715587225,0.3942554922311682,0.7615125708073253,0.9066810428118349,75
SEG_1011,residential,10.0,asphalt,0.9674844172380154,0.4860961679077995,0.9512009558940104,0.029635502952831017,0.5473988145443828,0.3048473073127478,0.9969158247326351,0.7310086204029341,52
SEG_1012,service,7.5,asphalt,0.19748905822036333,0.21269202354951644,0.9919408214628465,0.1467922259609924,0.451395473654676,0.16232547341205528,0.6149149018046463,0.6731710165793471,72
SEG_1013,highway,7.5,concrete,0.19801465387988426,0.014085223116715784,0.293015088713487,0.7624094978346357,0.26468466608313845,0.12311345207330948,0.5021007574442657,0.13336826726541862,64
SEG_1014,residential,7.5,asphalt,0.35547549949585744,0.3065813439269669,0.6353911048093193,0.3863453925712601,0.6260510651062989,0.06608596350350326,0.4754188338098241,0.9169795044464104,65
SEG_1015,collector,5.0,concrete,0.28711653355041156,0.7631047081222688,0.43851753705438445,0.2763301511294317,0.8950970245655427,0.49325373738350564,0.1266382581831379,0.2119574519842089,56
SEG_1016,highway,3.5,unpaved,0.5809777544620801,0.9214020580404269,0.391564030056745,0.6318533637153728,0.2740921613093187,0.03411380238996886,0.7601236403657892,0.7019905239107547,68
SEG_1017,collector,7.5,unpaved,0.49964973369188903,0.7750121825033285,0.3482047860440268,0.5715654976365878,0.9794176708665085,0.07902868002508323,0.6523941918937441,0.018519383524121635,60
SEG_1018,collector,5.0,asphalt,0.33062936412645527,0.9826603291484504,0.6965099455869916,0.053569570140690415,0.8132299353130494,0.20256066683182417,0.8953756251097716,0.93677757363362,71
SEG_1019,service,7.5,concrete,0.3818977799220654,0.771809609300799,0.6828164689117853,0.3612205382088812,0.060035965153530046,0.9414958091749038,0.8341364148735999,0.44328705037325,61
SEG_1020,arterial,7.5,asphalt,0.6655733978741178,0.10025786166932771,0.09899945723348413,0.5816769629440492,0.17528883868963774,0.545865145911892,0.7234680743002526,0.3794800360179068,49
SEG_1021,arterial,5.0,unpaved,0.28486892924857143,0.6707942375456244,0.39668025817253305,0.4712069754734812,0.2416061380411758,0.9928116828404093,0.8260711928809032,0.3918010824621956,58
SEG_1022,service,3.5,concrete,0.7640070238669481,0.14543883387570566,0.8720428293354336,0.3720271749589267,0.4636517521474417,0.11699044302111006,0.986717538562911,0.4510841017726457,62
SEG_1023,collector,5.0,unpaved,0.08963768322269483,0.9259506900961685,0.8698459385255661,0.6603376778936,0.835555977756805,0.4958732794388704,0.3918122917069803,0.24643110592070294,75
SEG_1024,arterial,5.0,asphalt,0.35537799772366585,0.5394793482658222,0.05107663669354512,0.2052174101281089,0.5355355911849656,0.6900805867455105,0.08916276433157877,0.15169584599911268,44
SEG_1025,collector,7.5,unpaved,0.8136644557611601,0.40704493148266696,0.5816896127420405,0.7733830584298553,0.8953272854659792,0.5320156675142159,0.8632202306773503,0.7699454191351573,62
SEG_1026,arterial,5.0,unpaved,0.8480001610622075,0.04681504566071615,0.6598211827628748,0.77289716843466,0.5092010536174713,0.40119206240789107,0.4245618761407718,0.9037800399508747,61
SEG_1027,service,5.0,unpaved,0.5455860200852007,0.26227301453561136,0.9448462824599262,0.33062797312110537,0.3664392979026939,0.8731023537593449,0.28971430165357004,0.8640854405177103,60
SEG_1028,residential,10.0,gravel,0.11960649515382926,0.5439977330035266,0.6386163589341657,0.52168488848919,0.7522281970174531,0.8854910577460587,0.8987013267106437,0.7918943485172933,66
SEG_1029,service,5.0,gravel,0.8605455763198238,0.49303830074466004,0.8503893241709214,0.679815943776478,0.9833062207690224,0.855788319987212,0.1602607303038064,0.0018695621422818443,50
SEG_1030,highway,5.0,asphalt,0.6086847335010203,0.8688393355131631,0.7317841138158241,0.8973269926636575,0.9450406155770317,0.6865165781703925,0.8210983459975041,0.03546118131308029,64
SEG_1031,arterial,10.0,unpaved,,0.4615614825775932,0.07308132255321675,0.7767567556010273,0.28511518098579747,0.9980366935866847,0.19072571223979962,0.3648883105192471,39
SEG_1032,highway,10.0,concrete,0.773418093000183,0.04126969598199659,0.7655755344749714,0.2665866953703434,0.7192780804375214,0.8962644595256585,0.08280840657858446,0.41777084192578706,45
SEG_1033,highway,10.0,gravel,0.5306540107262212,0.27780847699950106,0.5617735739287563,0.9936187473776101,0.7608874920456394,0.7330280077564069,0.46730457374335577,0.7253324480036092,66
SEG_1034,highway,10.0,unpaved,0.4796052967500394,0.29729329882993627,0.984512012157823,0.3966463050096536,0.7772430704753401,0.3357173701559899,0.013050830401088342,0.6256885768130142,65
SEG_1035,highway,10.0,concrete,0.9178391362077569,0.023530328241287535,0.38513132567632236,0.8887291208288786,0.08376749838535247,0.7996585814049981,0.6274391677611282,0.7764566217040137,53
SEG_1036,highway,3.5,unpaved,0.10629570185877812,0.1949591782563712,0.14773239752586942,0.52056837037837,0.6103456049693006,0.9098887469622007,0.8329927046727895,0.6253147235434949,60
SEG_1037,collector,3.5,unpaved,0.32170593277284976,0.387620938726724,0.7015417653368674,0.6816136034290028,0.524862415281971,0.3550425438664838,0.02312922907297532,0.628583514560825,69
SEG_1038,service,10.0,unpaved,0.9533282984454986,0.9555497795908766,0.5049772181092793,0.10617525948243955,0.044447663983254504,0.22723323169876763,0.1600429203538063,0.4814034640708815,48
SEG_1039,arterial,5.0,asphalt,0.2295478790910459,0.9173132006465973,0.035094533026129304,0.044693006416813175,0.6176037549784139,0.43415926154164475,0.3351748236380717,0.23949754896813114,50
SEG_1040,service,3.5,unpaved,0.6961799286776519,0.12203935554665823,0.9717252625506132,0.20290347753426108,0.8978937630451138,0.7590597039757478,0.4470252477514366,0.8185193169142233,57
SEG_1041,service,10.0,concrete,0.09695283943801258,0.05822486806708971,0.37282225547865744,0.12807472203956816,0.11225666809706925,0.840964658098307,0.4139348091103314,0.051218652563163714,50
SEG_1042,collector,3.5,concrete,0.6165926890496305,0.41632162047959076,0.5943637078378975,0.48872463919755205,0.14536164233394155,0.8022530513950628,0.4959411716860076,0.5530946712260592,55
SEG_1043,collector,5.0,asphalt,0.5520850775761352,0.09417452281458016,0.845471820969738,0.12042590378486095,0.45022841006338976,0.7083153494470992,0.6093224441218907,0.030833322797778617,50
SEG_1044,residential,7.5,gravel,0.4801080798760886,0.23534042474166228,0.3870516039097205,0.8922795380991255,0.6895114982422993,0.05381033301870919,0.6283022320790218,0.4347324957529559,62
SEG_1045,collector,10.0,unpaved,0.16944073474182542,0.1822275880189106,0.2320033126621459,0.6399445953509034,0.7325554833739253,0.91618778468261,0.6021698853193869,0.38065464015853134,58
SEG_1046,residential,5.0,concrete,0.030515455196014063,0.46846223408623755,0.20192377536764228,0.6765398041886836,0.3733925881859532,0.7429193116696551,0.5366221296928326,0.37590498229475855,58
SEG_1047,highway,-1.0,asphalt,0.28140459911571614,0.737171017907319,0.6525479569258209,0.5223059817210998,0.6078217083415115,0.4154432409211558,0.114950771515963,0.5938555011813276,68
SEG_1048,residential,5.0,gravel,0.5140426924815943,0.16732789820116012,0.009804320170680225,0.8334922254151323,0.0689879180455919,0.5823738477559187,0.3827504839066832,0.43225681298550267,48
SEG_1049,collector,5.0,concrete,0.3883985561306035,0.9718073794881343,0.8654165383595558,0.7799906475205935,0.5402229768783099,0.6156861317737882,0.41769659463764885,0.6880730932047524,74
SEG_1050,collector,5.0,concrete,0.9429962808902894,0.8998652918557315,0.26943863736925855,0.13789292720573798,0.34217254279520326,0.9921662584489481,0.5540626269847766,0.4847613415299471,39
SEG_1051,highway,5.0,asphalt,0.4271632228886325,0.4454681810153931,0.8497370723245372,0.5291967759100088,0.12777636918405666,0.30255502677488055,0.004287841860096231,0.7663787637834544,69
SEG_1052,service,7.5,unpaved,0.6540354833221258,0.1952445938405909,0.45258002628816885,0.2968120777797738,0.23548334857642983,0.06179262373406136,0.14751673439968194,0.9684798351137323,58
SEG_1053,highway,7.5,gravel,0.29151813731940457,0.2816143455704577,0.96002644552906,0.047769813563596775,0.3797396173845998,0.45612237114277243,0.06430942111944005,0.9500538280930162,65
SEG_1054,arterial,10.0,concrete,0.3629496520444775,0.7102272634181909,0.5716658250902491,0.2611278680706177,0.04647523672570231,0.2239714379507335,0.08858124866619088,0.4691334623944191,61
SEG_1055,collector,7.5,concrete,0.4337323250898675,0.062470057897751174,0.052264804603903814,0.4188428102992001,0.8914397093013012,0.670789141329702,0.02198719613569977,0.7406625344499386,49
SEG_1056,service,7.5,asphalt,0.2246359676717723,0.30048516468031494,0.2664574428197485,0.5114769799866614,0.1336222245272013,0.9290646491334352,0.626666794015684,0.2606271021238028,55
SEG_1057,highway,3.5,asphalt,0.6448778661615973,0.3614045626910345,0.25570425284735043,0.8423564704786421,0.7085420909829074,0.7277766110707709,0.8013043331617187,0.8515883409776259,60
SEG_1058,highway,3.5,asphalt,0.4398764344978655,0.04380319580528402,0.8094353094351046,0.41186318995252647,0.772134565799166,0.7246098468522065,0.42318775346836135,0.012684952830022689,54
SEG_1059,residential,7.5,gravel,0.2816886104172568,0.1497689880051254,0.04001543982577971,0.36499050699996294,0.06544259662430507,0.3625488160783328,0.12397935839934071,0.9411423638875447,52
SEG_1060,collector,3.5,gravel,0.4399394343866354,0.9819871351488884,0.03456004988744765,0.03402446122958336,0.011878512653871076,0.27539936272906673,0.3601894442738479,0.8764601411812937,54
SEG_1061,collector,5.0,concrete,0.6359985651080122,0.04040326044750664,0.04227089781028237,0.9355858310067979,0.6857760677683831,0.046408227051744855,0.5853944073114635,0.7114294000674682,61
SEG_1062,residential,3.5,concrete,0.44800566719539225,0.873206154673789,0.9393650653236822,0.2802403479884449,0.2486993763721591,0.9499857212889606,0.9317408246924521,0.05431430397411263,54
SEG_1063,arterial,-1.0,unpaved,0.6672514297062477,0.23816295104457563,0.25280681557918305,0.3663706219660756,0.957899916609653,0.9696013373611932,0.7840751299839135,0.24517021374409198,43
SEG_1064,highway,7.5,concrete,0.6181154197092569,0.03871148386653234,0.47013241866762634,0.9775643477354937,0.8452923133253402,0.35553864014429704,0.1734717130245934,0.3963512406837071,60
SEG_1065,arterial,3.5,asphalt,0.3364032809247903,0.1138621291505374,0.4371566679750627,0.3787283260424994,0.5953612284817946,0.9486560599192497,0.7196939843127009,0.7038918367189434,57
SEG_1066,collector,7.5,concrete,0.0404902905360538,0.8008957207209894,0.36833166314281285,0.7471686395116033,0.5178804402531462,0.4223209116407022,0.3265525379660591,0.6552952745851975,73
SEG_1067,collector,-1.0,gravel,0.8186515203043789,0.024812900904155888,0.17268562692724854,0.6134492147140881,0.995694830587586,0.0013662688477485974,0.603922788885092,0.4753955741589869,53
SEG_1068,service,5.0,unpaved,0.7652449996436017,0.8396234731656187,0.23975170449871663,0.9289293846275114,0.8444076788113445,0.8299579452092272,0.43911266851218833,0.18027680866466822,52
SEG_1069,collector,10.0,asphalt,0.4237960329594602,0.3111564857216116,0.6227626339552372,0.4885682708105461,0.038393337026689456,0.48996617569259837,0.9513568053282976,0.8160786636292685,67
SEG_1070,collector,7.5,asphalt,0.5283431252821398,0.8940657027536864,0.5754058107224037,0.860742212415607,0.7291704421561805,0.2229218920363989,0.3882684281098985,0.3201639385249677,68
SEG_1071,highway,5.0,unpaved,0.15560615054113314,0.39726544720745727,0.006856883600131258,0.8237452726702642,0.05054464491872179,0.19933467633618396,0.4604214923586919,0.9540609395055527,71
SEG_1072,residential,3.5,asphalt,0.616077753310142,0.585529198756317,0.9818386344102253,0.42968911378703467,0.37308662183957986,0.4576159682444487,0.5870121964703003,0.5254685021144491,60
SEG_1073,residential,3.5,unpaved,,0.8194058851366289,0.22211774965197773,0.97077479732665,0.6996929854693191,0.9454307218251136,0.7018701752994978,0.9245433690516509,50
SEG_1074,residential,-1.0,concrete,0.9400159825172766,0.667926979736769,0.9978013273598337,0.9244133362768651,0.7554767602751657,0.7095858145500645,0.08166218714121798,0.7568897728400115,59
SEG_1075,residential,10.0,unpaved,0.4195434790226684,0.31350230608160135,0.5963472442818736,0.4347043233498463,0.7750069690203272,0.5057672994874185,0.2995114059877556,0.7850502670849616,57
SEG_1076,service,5.0,concrete,0.43128516373622294,0.4528301413624807,0.31870263886582717,0.6898824591215912,0.5399692926926205,0.8272607984638123,0.8446835120461926,0.49056976332364055,59
SEG_1077,highway,5.0,concrete,0.5440950587261342,0.519172550879767,0.86240501650368,0.7306328871933164,0.9720096125994573,0.801834566429987,0.183333818598868,0.566453002254685,64
SEG_1078,residential,7.5,concrete,0.7710797965085416,0.7576903079973145,0.7216411593656302,0.5883203942096036,0.8538709413727589,0.9560460068257586,0.9146692937926136,0.3384151381974019,51
SEG_1079,collector,10.0,unpaved,0.7391553910662174,0.8703208471895781,0.6302774879206139,0.16449379511256534,0.694330529988785,0.23073012032968454,0.8219743772917875,0.030803395520334176,53
SEG_1080,collector,7.5,unpaved,0.26126140159169087,0.10927349021705435,0.31835486053998574,0.013783310445391161,0.572003033767302,0.767368492432573,0.1981548506816625,0.04998374593915067,44
SEG_1081,arterial,3.5,concrete,,0.1507293808051,0.29683430979402525,0.2286255219750587,0.8664940958677787,0.3831575829380257,0.13730036655969546,0.33767215727571154,38
SEG_1082,residential,3.5,concrete,0.19544921868925158,0.23199354462448263,0.4123494787112233,0.8011913423954701,0.2695860718273818,0.7156245017360466,0.2871950874273208,0.7799290674369926,62
SEG_1083,collector,10.0,concrete,0.7134752366647725,0.880283019661764,0.43979908889215746,0.7008197218632333,0.07566898024783686,0.44161123427600935,0.40730639601769747,0.9902248294449367,64
SEG_1084,service,5.0,concrete,0.7893387620059502,0.8027264237183869,0.7442634035552324,0.5956403801425241,0.7990165119883968,0.14290284224233996,0.4975946738312561,0.5424733791885612,64
SEG_1085,service,10.0,unpaved,,0.2514263747842911,0.41159951253055804,0.05485062724760725,0.317178918671447,0.5114586309582367,0.9371794452667839,0.6840246652439921,44
SEG_1086,arterial,10.0,asphalt,0.7084011374159785,0.33569698690739114,0.6103505263671936,0.2110231032008001,0.6000467134462811,0.15684636824219034,0.7394982710431508,0.49562661271270514,56
SEG_1087,highway,-1.0,gravel,,0.5348830623666804,0.9830006470268979,0.6930510530659026,0.520565534052391,0.3741224962654728,0.8199829755122273,0.6262251877127663,64
SEG_1088,residential,7.5,asphalt,0.9826165078723692,0.39905543557631507,0.534416473462839,0.7175949442266966,0.98255994636215,0.4918828450789826,0.028818184060072527,0.05296201715119542,41
SEG_1089,service,7.5,unpaved,0.2243097468244839,0.2885731474131439,0.1203139885189557,0.4327167542107728,0.5313713446124648,0.6310367825547561,0.39454702345668025,0.5337716811964534,56
SEG_1090,collector,3.5,concrete,0.6618088700426586,0.3700912290195836,0.5848801530831811,0.4989673367513652,0.27609643321946564,0.9878277345977279,0.4426340460184004,0.4083984476508937,51
SEG_1091,highway,7.5,unpaved,0.5600761484158636,0.6237293181321609,0.7731431944224164,0.7498271898486931,0.8548901942132598,0.5090625832133789,0.7679180895155849,0.28433333021816876,66
SEG_1092,collector,7.5,gravel,0.8472366133595847,0.5525736313478018,0.3981981823081041,0.5978563916797203,0.27210808950493326,0.6157659212378976,0.7941104769048021,0.12413632814296705,49
SEG_1093,highway,7.5,concrete,0.8113962357472483,0.11343773977062532,0.5691582565378286,0.9722437198696084,0.13973467549638052,0.4423575822408373,0.7939544858101002,0.5873133605162468,62
SEG_1094,collector,3.5,concrete,0.42041729776814973,0.43142916246856167,0.6431090160663547,0.10104503074286775,0.12777364997149232,0.7737429571881147,0.4137944182221769,0.8623989044221743,57
SEG_1095,arterial,7.5,gravel,0.9554362242558336,0.32723578993721125,0.28014640938838553,0.5762635216486294,0.28927105785154295,0.7359812967952174,0.6715728481699517,0.8478819214394191,49
SEG_1096,arterial,3.5,concrete,0.11945711851321572,0.32091297935063734,0.6556713873853015,0.8749201846607813,0.5485869290008382,0.6098216677185947,0.19639032015680757,0.3469025113015425,70
SEG_1097,highway,7.5,concrete,0.8479489618175182,0.4785104266064689,0.2778763282497215,0.8209426192671162,0.23326349627171972,0.9888678254707302,0.48371139192776846,0.5909240912689188,50
SEG_1098,arterial,5.0,concrete,0.9059236831311863,0.5803198585671648,0.03551297982214674,0.1433621088019772,0.475952609271187,0.28268109933633057,0.28461305414957816,0.24145627801255498,38
SEG_1099,residential,10.0,gravel,0.823103206656977,0.8510101182753781,0.38331331561741033,0.3290251535318599,0.1747792031995098,0.8428065303920069,0.6743895211055743,0.06771804434431794,39
SEG_1100,highway,10.0,gravel,0.7096781010805894,0.8882420223869274,0.5503365914681736,0.11672851487162428,0.21414026687551113,0.9556023149380062,0.8225610977968578,0.9049375014528191,53
SEG_1101,highway,5.0,gravel,,0.21390213752318188,0.1634916429008496,0.0411270290069794,0.3909973975816623,0.7161467537058188,0.9433337436147937,0.95711461520195,41
SEG_1102,service,5.0,unpaved,0.2880446165211624,0.5105664086812861,0.2525325124520076,0.028461419075590633,0.10257573490653327,0.6436381885345085,0.16277005402526745,0.6617862627574015,52
SEG_1103,residential,10.0,asphalt,,0.8546401772022837,0.7213648579147364,0.0025813381130735946,0.9384552903185688,0.4867363019102824,0.04752743415577443,0.6130885488183342,41
SEG_1104,residential,5.0,asphalt,0.9448888034797283,0.01795599993883601,0.5454482794014655,0.28806828285639174,0.3880535952591817,0.545340182223274,0.6866019513556529,0.8452150871688113,45
SEG_1105,collector,10.0,unpaved,0.7189758968840814,0.6203663161825307,0.8030879158204853,0.7368711330907948,0.702323725127875,0.663324381770411,0.5166520899367238,0.32092865521499925,60
SEG_1106,collector,5.0,gravel,0.9065287899263615,0.4450966907219148,0.04940632402108891,0.5572933338696582,0.8093954566374449,0.869554532950531,0.9081432854521242,0.7554069376685202,46
SEG_1107,arterial,3.5,concrete,0.08776669743208898,0.27335319120209833,0.1865982969502925,0.3228302568573248,0.16001380259485443,0.603764429707566,0.9426489781662762,0.5568527521646229,61
SEG_1108,residential,7.5,concrete,0.4988501033288759,0.5113475326789786,0.4133270711322612,0.10076718970454646,0.021933931598727696,0.7952874161735006,0.30541912493328827,0.4526227882598137,43
SEG_1109,highway,5.0,unpaved,0.16385952589367137,0.615795486816677,0.7420187193364711,0.775689578523426,0.006196665719525818,0.6383696945417248,0.07533643458500228,0.6741882076142319,73
SEG_1110,highway,10.0,gravel,0.09116080512867542,0.6727213546777956,0.8816774515120245,0.36659376296364377,0.1817666668707284,0.342512427788337,0.19392754600923034,0.4028035995761009,71
SEG_1111,collector,7.5,concrete,0.07935018909486913,0.7505310090582306,0.16861497615241772,0.182707695163837,0.717657346645779,0.441832417958522,0.30997593611230667,0.9657460299847734,64
SEG_1112,collector,10.0,asphalt,0.749889226552395,0.4952473381244318,0.019390950387498496,0.988390548624493,0.4222256390029414,0.4183248034930406,0.523944204426134,0.4405805369612684,55
SEG_1113,arterial,10.0,concrete,0.6021884449406888,0.8114048567733343,0.038052633292098514,0.1466479363083486,0.6520670755125937,0.44113402216275577,0.26435504269629617,0.7822244377160484,49
SEG_1114,highway,5.0,concrete,,0.2213487699854887,0.3256197487979414,0.48147686853654414,0.08390514368282109,0.3209413352949566,0.6549971372807156,0.35539377621134016,46
SEG_1115,service,3.5,concrete,0.19809851872092388,0.8989866949069789,0.6702830530768011,0.039915655052759624,0.13969770819228666,0.4719162460981634,0.25023900010555644,0.7495137414137192,65
SEG_1116,arterial,5.0,asphalt,0.7216835844046247,0.40110903915190843,0.9692737864475981,0.028259652625393428,0.6168422526636365,0.8304403269009044,0.2769778014066383,0.395552429517134,49
SEG_1117,service,5.0,asphalt,0.6706753667886795,0.9047666203451821,0.1554749353850977,0.5657715971817434,0.5490914521137944,0.38000960677235385,0.9738337291721109,0.8812095667056058,61
SEG_1118,residential,5.0,unpaved,0.4627998576004687,0.1028260591307486,0.5245656844833144,0.23538880851371535,0.8416483986798382,0.9999144032394882,0.2710758563897845,0.1125262863389922,40
SEG_1119,arterial,5.0,asphalt,0.21823478365726678,0.2928071230702243,0.5293667354094702,0.8908626508457608,0.5433812311115603,0.5769071353757496,0.2282834885316859,0.7409267789137468,71
SEG_1120,service,3.5,concrete,0.09373003053330375,0.30604534045542786,0.25238135467354306,0.06987392491966948,0.6086653542609285,0.3703907240415836,0.3077478527348292,0.12127389936432398,53
SEG_1121,highway,10.0,concrete,0.00744580257591454,0.0921607281612189,0.6809310797784153,0.08480022232487017,0.10393416982384118,0.2992856326279426,0.5345838347431756,0.09201503899305652,62
SEG_1122,collector,3.5,asphalt,0.47156692931279764,0.6985304929270766,0.2297575322886164,0.2560136022510553,0.1965715751624768,0.17781085272086483,0.7753419179515988,0.984110954140476,63
SEG_1123,collector,7.5,gravel,0.4743601738561367,0.9403782211492371,0.6335562808798345,0.38294569685805857,0.444698866129869,0.010486274825404429,0.4861514076699698,0.31637414985153356,65
SEG_1124,arterial,5.0,concrete,0.7713158147885347,0.280564153392014,0.780176205071249,0.17330543915680452,0.7944915000652306,0.43692355896302604,0.35234490313682876,0.9708778376846224,57
SEG_1125,highway,10.0,unpaved,0.16536647028214257,0.4560834830613306,0.7587158755598405,0.558025623897013,0.8814934330043703,0.5224680004450082,0.9724123654776502,0.333969011858842,71
SEG_1126,collector,7.5,asphalt,0.36510614763813776,0.9665987984543212,0.2272856196710027,0.5789721406105,0.9167316509793957,0.14705671148849508,0.6255458170723264,0.46776343315679636,65
SEG_1127,arterial,3.5,asphalt,0.31539815998740195,0.039962456372038546,0.77695368890507,0.2785701729536054,0.42789304169313414,0.5575871280582129,0.90054292998839,0.15564735466754087,60
SEG_1128,residential,7.5,concrete,0.5430380307392993,0.5206492682210947,0.7646652092868524,0.017992176209060906,0.29153420070651137,0.025987266187192937,0.5567449580743392,0.8547188780534839,59
SEG_1129,arterial,5.0,concrete,0.7655803926989592,0.5787306427402882,0.43890995417189616,0.18328226622391297,0.6223752883451983,0.1047115538225385,0.8494863821042723,0.9908999274284621,60
SEG_1130,service,7.5,concrete,0.27856602425009847,0.05935897412122493,0.9175621889805728,0.21329693104142589,0.4717393078210992,0.1364519996802276,0.27152337479475486,0.2165966040537638,63
SEG_1131,collector,5.0,asphalt,0.08901380963814365,0.2672505193028153,0.07170897406110543,0.09740815565432082,0.5003899639638465,0.6145331734805035,0.9029388680509114,0.766527787241656,58
SEG_1132,residential,10.0,concrete,0.5319708817200883,0.6355668603609063,0.24337588665933318,0.9432629901597108,0.1148941783180939,0.315680211698401,0.9884575443120046,0.5082362217920711,62
SEG_1133,collector,5.0,gravel,0.9900810374768974,0.511754942688949,0.16452436358676514,0.4766915412425976,0.059219288257588154,0.36818951653486154,0.3020980754561746,0.8801984560790491,49
SEG_1134,collector,5.0,gravel,0.11295959697261004,0.977040895363687,0.49607464859616335,0.2872290056363793,0.637106584894845,0.1953298325145234,0.9178648098730322,0.026185821564086997,67
SEG_1135,collector,-1.0,unpaved,0.48432012205980335,0.5450772373617111,0.16711591984949836,0.5978979622653472,0.24612247791041386,0.0337549645272095,0.29710750513152695,0.5553292250294544,61
SEG_1136,residential,5.0,gravel,0.20789161407594803,0.4633224938845397,0.5904473450307186,0.18285692916982021,0.8053143897108731,0.9585429084478599,0.7342054334843283,0.9439168580281111,58
SEG_1137,highway,3.5,concrete,,0.10434763649328871,0.07541940083634702,0.39495562639557624,0.8594707972805384,0.3249909132273794,0.5551928715751979,0.16134775563273696,38
SEG_1138,collector,3.5,gravel,0.5662576723370925,0.6697908963815347,0.11066746114979631,0.9931514045346972,0.8406583525141514,0.5036316302340956,0.5989499329343069,0.519579989287045,61
SEG_1139,highway,10.0,unpaved,0.4638808402034613,0.4594356854829279,0.39978357864091507,0.08383226849144998,0.8728449615470869,0.01179038794523013,0.2521613751202807,0.6203344078668408,57
SEG_1140,collector,10.0,gravel,,0.5096454770692626,0.08440148846213169,0.18595492942180047,0.3250023779438669,0.14628002675458907,0.6050407609485479,0.40433874573343687,42
SEG_1141,residential,7.5,concrete,0.20651646410936586,0.10678683398908395,0.26727320448060476,0.6395968605953962,0.35909042459820995,0.70944304057062,0.623015712447688,0.04021324400278836,51
SEG_1142,residential,7.5,concrete,0.4727069715481742,0.6509958721020473,0.8152472587475076,0.1697696743001199,0.950161080079139,0.6365642727712011,0.5947387796876631,0.34571321899028007,53
SEG_1143,residential,10.0,gravel,0.5325775639908398,0.16392507692123326,0.9454284680384761,0.14869895233657038,0.9497980950847942,0.37745730221805385,0.1936007132011638,0.7474815642783637,56
SEG_1144,collector,3.5,gravel,0.024399043434400136,0.7618453996852452,0.9290753415701505,0.47242672678005215,0.12407677686977003,0.18800946675262642,0.09512338402489928,0.4552630488415279,77
SEG_1145,collector,3.5,gravel,0.692126629940845,0.9620413213067821,0.05851205127813863,0.9284233417021642,0.9050909834948782,0.7962717866785423,0.36490948381172295,0.6175308602658078,55
SEG_1146,collector,7.5,concrete,0.7782815296136709,0.5158167947045842,0.6171399569664145,0.2203216714522639,0.7317489014110478,0.5535232360071357,0.7020903042539244,0.14664391466203286,49
SEG_1147,service,10.0,gravel,0.47699465133350827,0.3922966227817305,0.004274015718187307,0.8571196540178104,0.5965844993990602,0.19892683931364286,0.027133593128004785,0.39713847074081887,57
SEG_1148,arterial,5.0,unpaved,0.9922893836043196,0.7969045057702862,0.359235333315838,0.8359291247411441,0.9889782998598025,0.5472946174177636,0.753941579230802,0.48364511136835553,55
SEG_1149,arterial,7.5,asphalt,0.7444985500537397,0.09847884419138775,0.7254188569169657,0.35600072060543353,0.596694335031058,0.002639017310071212,0.33768985853344147,0.5233772934184077,58
SEG_1150,highway,5.0,concrete,0.5837865862873419,0.14608495382518116,0.6990293789676555,0.9760898038282346,0.06200279434151057,0.5595262789145509,0.8555280087923867,0.7890674798223393,70
SEG_1151,arterial,5.0,gravel,0.1718675995334762,0.2761339371043642,0.48144456632868804,0.06304622537709714,0.3966968384817263,0.01484625730369693,0.3816912983558489,0.9914644122699208,67
SEG_1152,highway,5.0,asphalt,0.2662790869701924,0.14218479330391098,0.6621934358692321,0.7558332382621877,0.29954508309670913,0.7113367446975238,0.6720930765832074,0.7567715673909804,70
SEG_1153,service,3.5,gravel,0.22247207241389755,0.5494395707424677,0.5463608037399442,0.13525257974558813,0.3612141500466376,0.2245292433994499,0.5201412742494198,0.6603422009718998,65
SEG_1154,arterial,5.0,concrete,0.6351482278129121,0.5943795264402093,0.5704743529287362,0.2657888154664574,0.7689627779577498,0.7059104438055415,0.871139709474173,0.9765147551915688,59
SEG_1155,residential,-1.0,gravel,0.7612533860736166,0.8432920182500113,0.7152730013332579,0.8061251328167487,0.9672804128927175,0.3564257735361409,0.8627808418790722,0.3578357002470951,61
SEG_1156,arterial,3.5,asphalt,0.5834577789372901,0.30970733313776966,0.7893403280869917,0.32610832316413285,0.38080105230478,0.15091405699563298,0.15157147699322338,0.3593024299086357,59
SEG_1157,service,7.5,unpaved,,0.9097127006973549,0.05720711955282143,0.477202039603271,0.8543439992355293,0.41137524773951994,0.6976928553057424,0.902187247869049,50
SEG_1158,arterial,5.0,unpaved,0.49746803284766317,0.6807626526434848,0.2720764232546067,0.1492685609376293,0.5550417806683073,0.8284154855288581,0.661956401665623,0.2093210121559823,46
SEG_1159,highway,7.5,unpaved,0.11433239275432283,0.3152659930250282,0.8784379983343363,0.025246224347454604,0.39614891040896716,0.297585139994458,0.9757881076866359,0.495030258164202,69
SEG_1160,arterial,10.0,unpaved,0.166232198820624,0.289614554193795,0.9482506272465474,0.3696092953310145,0.38112271520353647,0.7640866919217999,0.23901680648834922,0.8260432421351709,69
SEG_1161,highway,7.5,unpaved,0.6193862371036223,0.9559718441340862,0.07805764317746655,0.8118538874566367,0.7326208198611278,0.6106665986003792,0.6286036993166486,0.5296651152915799,58
SEG_1162,residential,10.0,concrete,0.2918578038093186,0.5701189349178338,0.25741535892018963,0.8155281107533092,0.7374857872869275,0.328812700878649,0.20436009616430073,0.8804467345357321,64
SEG_1163,highway,3.5,unpaved,0.658610166024821,0.5572861314481103,0.7536913021212392,0.3354599977704643,0.802298877474576,0.20320827782112072,0.6641698985529085,0.028643754138114264,57
SEG_1164,arterial,5.0,asphalt,0.5103841065364412,0.847015657129239,0.24615668271866198,0.7226504976460655,0.315265666872363,0.6774557533229776,0.8893804573024997,0.9319185284414828,65
SEG_1165,highway,7.5,unpaved,0.8373633522343159,0.5552107840584547,0.42285116494428765,0.7077798022959333,0.14228962668363643,0.19565697741493693,0.8530937977777899,0.06854199266175887,55
SEG_1166,residential,10.0,gravel,0.7823822694654258,0.02594823234414889,0.2117640788405255,0.3138818931812851,0.8567108429136295,0.2451070551827641,0.6154225506827483,0.9924991132753286,47
SEG_1167,arterial,10.0,gravel,0.657569918650211,0.020062624488668246,0.41666105281245025,0.015217479565941439,0.19556857053335286,0.45964315164992087,0.3848951370933782,0.46132342024234174,45
SEG_1168,highway,10.0,unpaved,0.2693506044592836,0.14820473046347304,0.8630658498038495,0.15804559507707316,0.6981979624995884,0.9921192275350689,0.7513193515920229,0.1320977113234757,55
SEG_1169,collector,10.0,asphalt,0.2754757307700554,0.8411720143591092,0.47287113330706143,0.8750511313729851,0.8340616644719986,0.008470990473202433,0.7445403826146679,0.15952016167628136,74
SEG_1170,residential,7.5,asphalt,0.19049129510472862,0.845978994945332,0.401670286048025,0.9141142456831501,0.39848805055583825,0.8109527500419118,0.4721351854538408,0.05434239537070862,59
SEG_1171,highway,10.0,concrete,0.17053751060895106,0.5780749301998102,0.28190317442306956,0.6681059808843768,0.20903045229787298,0.27247194944162345,0.060230814718474135,0.1311453529398433,62
SEG_1172,residential,-1.0,concrete,0.5363016807312578,0.3925199453756836,0.056446907892129805,0.2873124793940708,0.2841890128214275,0.09098978738616403,0.5193300448351889,0.8480478100552844,51
SEG_1173,collector,7.5,gravel,0.8349141876315612,0.12399097888864563,0.5396782845611168,0.7632386220259234,0.3538263527110691,0.6184462418593845,0.3603814612398294,0.9254815608347583,58
SEG_1174,service,5.0,unpaved,0.12887391572942408,0.47882184669736305,0.21505302845264707,0.7374290362762459,0.25382105163794744,0.4618751242740097,0.46410787906849793,0.673358058646525,68
SEG_1175,arterial,5.0,concrete,0.9568765521683781,0.6969903462480976,0.008915926902190785,0.5763159418371607,0.5076129240244321,0.14471107297141927,0.9007057090533767,0.10287585971763846,47
SEG_1176,residential,5.0,gravel,0.9567642604490353,0.08018487511861472,0.8964735933558124,0.7441125946403975,0.050721410069004214,0.8186429139221555,0.3213376582637517,0.04546353503490563,44
SEG_1177,residential,5.0,unpaved,0.48925917859113877,0.44064327066552644,0.9482070326697105,0.5191320368374953,0.025292024050462936,0.36042402502740223,0.14999703592792035,0.9403732237197197,65
SEG_1178,service,10.0,concrete,0.3392755923908024,0.42171838836605857,0.8300211353027778,0.35422889671657753,0.07418109643679638,0.2552888324627003,0.44390866595369927,0.8132066913287003,70
SEG_1179,residential,3.5,asphalt,0.7484830363483929,0.22328544865022892,0.36095560138633287,0.8586304258657488,0.9942754011907448,0.07818728551078458,0.4660604083550961,0.3802174137623292,54
SEG_1180,residential,5.0,concrete,0.5120211784222278,0.23114813781046295,0.22696872473641105,0.7759353769745154,0.9076072582061712,0.7563251116237738,0.39629582536091235,0.9857298706798544,55
SEG_1181,collector,10.0,unpaved,0.7038890796629467,0.018992803289940352,0.7256249327082162,0.8222939709558098,0.3244043320047467,0.40844352217645175,0.8047418903194431,0.5256077435186279,64
SEG_1182,collector,7.5,concrete,0.2763500967506106,0.11381406978381858,0.14714978527003764,0.1700952940989392,0.6967814241192365,0.8634136914670273,0.4032371086244757,0.4512886736791114,47
SEG_1183,residential,10.0,unpaved,0.5189826472561612,0.5790857442956878,0.49893604604274344,0.0180734114220944,0.9271850793835908,0.8179693206346664,0.5240406531996031,0.20051008232270084,41
SEG_1184,collector,3.5,unpaved,0.8978118885172705,0.6056118945111812,0.8917741363790276,0.544152000999248,0.1666574902854142,0.39115573239454493,0.8187194015472061,0.5449868077970463,62
SEG_1185,collector,10.0,gravel,0.31663142383927356,0.7838813196863446,0.7107622754569286,0.49483337551546946,0.12222604843520601,0.5837749589631588,0.9780449365861515,0.6119160895918456,70
SEG_1186,arterial,5.0,asphalt,,0.6258751439643683,0.6758878823501966,0.30865157534661625,0.16555800959863332,0.33205476243658416,0.07169592714148942,0.6909507264586621,51
SEG_1187,residential,7.5,asphalt,0.19051383581089132,0.42338537106447993,0.6314827557966116,0.5457070867817101,0.7948816873118344,0.1518812253628138,0.2445446120222906,0.731401484348317,67
SEG_1188,highway,7.5,unpaved,0.6801202232934745,0.2061998164091151,0.9616094728903953,0.4081812926836428,0.029677260251410598,0.34493671882714627,0.9029152706350573,0.47301805521247775,63
SEG_1189,arterial,10.0,gravel,0.07835740543273595,0.5406409521520449,0.8320032411713273,0.5605365880533577,0.9831786445783557,0.7577917595445715,0.9818599568865517,0.0022013113012798735,69
SEG_1190,residential,7.5,asphalt,0.1482774241507574,0.09819724210463787,0.016982548974734613,0.48844571424902805,0.839737948481936,0.23568980783787463,0.7628715363339674,0.37398386388998095,55
SEG_1191,highway,7.5,asphalt,0.46630504354496327,0.7191223301906358,0.7204732570244626,0.6758288005393778,0.8871690671263509,0.005935361259359673,0.6288591480409207,0.16403515555760884,69
SEG_1192,service,7.5,unpaved,0.8163090510916705,0.6844296265515006,0.36095023386456493,0.5079128353210774,0.544336240919349,0.48299950749924714,0.2858801073211733,0.031340350450184684,47
SEG_1193,highway,7.5,unpaved,0.7071861067852128,0.1268870039642005,0.9074381332348413,0.03870585667258952,0.957053157183241,0.3266410495399015,0.9153783589514576,0.29397689693384443,54
SEG_1194,arterial,3.5,concrete,0.9488426318131974,0.7656617523928984,0.9952294932485128,0.1418934351197514,0.1668588617491341,0.8746447145458683,0.22384483033684888,0.09046429422975355,45
SEG_1195,highway,10.0,asphalt,0.0501726222383263,0.2846426525178887,0.8619313874279787,0.29386368836898547,0.8957573403207041,0.9487901503278524,0.7201606683318413,0.3358747001495478,65
SEG_1196,highway,7.5,unpaved,0.41394683165361523,0.9789101525781515,0.9205401049005147,0.790204440332231,0.46066405382699005,0.21390379526631387,0.5835082518062298,0.9259801228143517,82
SEG_1197,arterial,10.0,concrete,0.3240017979420027,0.6867488356313883,0.5246964533743571,0.6163590674427462,0.16784705179734727,0.29127973301059484,0.24659495853569346,0.5730583285387459,68
SEG_1198,arterial,7.5,concrete,0.25496944471286753,0.5660123191236719,0.05959336993228537,0.09181783700279311,0.4074527424954989,0.7954333178675577,0.4790875764243463,0.23700780517168385,46
SEG_1199,highway,3.5,gravel,0.1980250830413013,0.6376011161564726,0.6598463718017143,0.7087426714779922,0.46289063023933497,0.45235763753222646,0.8437776228654089,0.5569557299458608,75
SEG_1200,collector,10.0,concrete,0.8079022042753305,0.26314830010153567,0.73180489095972,0.1500398619344525,0.43290047387733144,0.3742517473472794,0.7324489856018883,0.17327696377627788,50
SEG_1201,arterial,3.5,unpaved,0.4271931255379584,0.6005595925321002,0.2453066382161624,0.31534182425723334,0.4010742196628515,0.8308656851301623,0.11847414692807012,0.8991879430528371,54
SEG_1202,arterial,5.0,unpaved,0.48331154467058,0.17275288091115626,0.9639499238739391,0.4569657960251582,0.1793817091157307,0.36854623979036993,0.3991568630344964,0.8354414909374961,69
SEG_1203,collector,3.5,unpaved,0.38656395872893334,0.060664185888498756,0.7709494436240898,0.5380679565593666,0.6400741424422391,0.595624758471737,0.033582143270501685,0.8536239178622721,64
SEG_1204,highway,3.5,unpaved,0.2805785142673102,0.2155837270958605,0.1967663482892419,0.07977698718681359,0.09076394403290422,0.19327072581373217,0.16785041089139496,0.6083860636586511,54
SEG_1205,service,10.0,concrete,0.859678689252403,0.0401757405312676,0.1350302564648379,0.8655762830574995,0.5029770270672053,0.03129364876894447,0.17362177236430287,0.31442738663344716,51
SEG_1206,arterial,7.5,gravel,,0.6982372468411275,0.5839132236292506,0.4717338818784186,0.2867278339362419,0.22578942372231703,0.3219426468833728,0.33951647294553877,52
SEG_1207,collector,5.0,concrete,0.26498730219376765,0.5701456624855763,0.6195605510843466,0.6272530072642803,0.54737152042197,0.4509028565718308,0.5759036944772038,0.06926761318328722,65
SEG_1208,service,10.0,unpaved,0.4859627668784934,0.5126364467547396,0.13550490505850443,0.0989805121831685,0.2247036322507766,0.7084020223481429,0.5369551040884268,0.7394847828245932,49
SEG_1209,residential,-1.0,asphalt,0.13129804838444392,0.8945182854373483,0.0937587227600164,0.8541743160486784,0.48564388522862345,0.2043818182371685,0.6734455086863591,0.5097034824956612,67
SEG_1210,highway,10.0,gravel,,0.7663813218437474,0.7580234043872647,0.8203477891093055,0.6401239078408425,0.9175564338102109,0.2919711979620946,0.09792857770823471,50
SEG_1211,residential,10.0,concrete,0.006298507874392123,0.9156855850625946,0.6502003221724565,0.5397153563992749,0.012163963801337774,0.9934780689174572,0.5797752608580403,0.9050949678936745,69
SEG_1212,collector,10.0,concrete,0.7450298592801015,0.9968252604169523,0.771833126337587,0.8223341599945041,0.3273362832635166,0.45887442511208876,0.5430892914637534,0.972095477093827,71
SEG_1213,collector,7.5,concrete,0.060011930156404714,0.9965084553015267,0.11681852568307405,0.7976748900275565,0.6091167542787492,0.817367549512658,0.9652432899744806,0.04310176870151794,64
SEG_1214,arterial,7.5,concrete,0.9484255561026886,0.5054029109627962,0.648583755515067,0.7577291920543451,0.44356000618488367,0.2585103855561771,0.10388139492323245,0.002722337847191225,52
SEG_1215,residential,7.5,gravel,0.7386962334946774,0.20378360074729462,0.547777987427123,0.2099946095918055,0.857258062234188,0.45462439932048504,0.7798058381256122,0.37335033147921715,45
SEG_1216,residential,5.0,gravel,0.8748307354861506,0.9190641756338405,0.11419592721298888,0.41414203582594034,0.248318483596494,0.5737344546701423,0.5040851013295051,0.21778783602694385,38
SEG_1217,residential,10.0,asphalt,0.740099282376721,0.2802065622189688,0.7804325096025397,0.31784284828391596,0.11978153392598478,0.6611594935705455,0.3361703947205107,0.770336943066861,50
SEG_1218,service,3.5,unpaved,0.45915880497296035,0.7813751533525015,0.16378863267479793,0.44231141310522204,0.022377691524278598,0.9442761018768103,0.24326432584137025,0.16754583825628666,47
SEG_1219,residential,7.5,concrete,,0.9681611175884938,0.6592185602602458,0.5272544197938228,0.24611187563092107,0.6075102537454427,0.6237665638462734,0.4554156120896755,49
SEG_1220,residential,3.5,asphalt,0.41249137315325135,0.11281296467375035,0.07817533120665754,0.7228852493989133,0.1121637542352365,0.6135364520154674,0.13294779708755666,0.3477947931887623,47
SEG_1221,residential,7.5,unpaved,0.24542265298401533,0.7843264969934038,0.01613468041472854,0.056854114332282046,0.4315126607476456,0.6049773514851802,0.6808506934515582,0.8686367096287805,51
SEG_1222,residential,3.5,asphalt,0.39120350588536135,0.2506998837801976,0.5508979005615319,0.6260704316400211,0.15425836215071054,0.2705092166290841,0.6310871596703695,0.4550509479162965,61
SEG_1223,service,5.0,concrete,0.6085075375836613,0.6964859488236185,0.42415147901758066,0.6478490162357955,0.9421096841074869,0.6120391188407086,0.8254864851156869,0.4617754276399957,60
SEG_1224,residential,7.5,gravel,0.19743412420966133,0.8755869910174041,0.9606228326044989,0.6131838349048113,0.5978589852901983,0.6984201338582547,0.9885951661006758,0.9619500392206894,76
SEG_1225,arterial,10.0,concrete,0.05692446297801712,0.9456384714397856,0.07980900816266434,0.23683598172300924,0.3293339487690924,0.022748791423964132,0.2940696377262939,0.0725709548654333,60
SEG_1226,arterial,10.0,unpaved,0.7128426746596371,0.38915314728680306,0.6933796404748387,0.9214791769511291,0.7065087402093393,0.7385233470009418,0.6630627531850882,0.8580575901595334,66
SEG_1227,highway,10.0,asphalt,0.3803232995760939,0.7853075224757147,0.8522964464987548,0.20224262387238867,0.6288396310610092,0.6495530174204444,0.41635074256767524,0.16665278142478934,59
SEG_1228,residential,3.5,unpaved,0.6815193789477977,0.3293368582131476,0.14605215435918917,0.42260366117542125,0.8095148872547798,0.7327753112951975,0.07512327211061398,0.768696712269594,42
SEG_1229,service,3.5,asphalt,0.1326381981429655,0.47221080063118703,0.67007865547832,0.029919277582809323,0.2713144921880807,0.6919893725347928,0.533059228791939,0.5274494748115637,61
SEG_1230,highway,5.0,unpaved,0.38345200307001504,0.48553677897139413,0.17020092318230506,0.6242054330599154,0.10277972739428876,0.4870737960938981,0.13517120507041436,0.18936837530269612,54
SEG_1231,service,3.5,gravel,,0.7874262825984605,0.3036254842755445,0.577019213114117,0.6607361152715275,0.2985583109935769,0.1370402299360437,0.12165524121480364,46
SEG_1232,residential,7.5,gravel,0.1539105648292749,0.7626496741686114,0.9924204451724931,0.2145583072723236,0.3159148064831282,0.5209376489300012,0.2677936949348414,0.21293252401205076,62
SEG_1233,service,7.5,concrete,0.5769454903308014,0.979426415565627,0.03673201737230025,0.45110358415095975,0.8224013082179723,0.8705391921793638,0.3442329376628933,0.9602279676733607,53
SEG_1234,collector,10.0,asphalt,0.5002266125577984,0.5783980141716354,0.46470423640414527,0.5433881448279992,0.6134386225684559,0.8441134077860785,0.06656876879887708,0.975317262896527,59
SEG_1235,collector,5.0,concrete,0.7086107541880665,0.013005878790968928,0.504270382970988,0.5157858150427205,0.5378697582846709,0.5018077582639303,0.3738223435374498,0.4722746421486904,52
SEG_1236,residential,5.0,asphalt,0.2978550013665866,0.36493848669919016,0.22013361867544412,0.6955560522977073,0.030789892291169685,0.8001638915080886,0.5932599132233134,0.04534034304293533,50
SEG_1237,collector,7.5,gravel,0.02777365328186676,0.23019893289144022,0.8013247086507728,0.8408114689434906,0.11761264494158308,0.11502117482126906,0.7529470109032458,0.6343411105797738,84
SEG_1238,service,10.0,asphalt,0.7623755026982972,0.47053388979232835,0.5572269765662439,0.08674154111461674,0.33589077266928946,0.4648091045515197,0.11893478130288526,0.10608475499867875,43
SEG_1239,arterial,10.0,concrete,0.2052814272771678,0.1597357169888809,0.9679425488703827,0.6139246322511549,0.5050076448590994,0.30701306682616614,0.5035906124351313,0.3511740831141448,73
SEG_1240,service,5.0,unpaved,0.8528805206162099,0.5971162653911463,0.5269315943603369,0.36815562137016145,0.7666387219736095,0.25723490554902584,0.048292768637270944,0.7273611434713125,54
SEG_1241,highway,3.5,gravel,,0.06528470771172845,0.5222683205586833,0.031771726984533455,0.3508778212709437,0.33011761148119434,0.28811337209400234,0.5708182635749801,42
SEG_1242,arterial,10.0,concrete,0.913294142498971,0.15288283814880643,0.099391394624883,0.16648122351450456,0.22270537694146475,0.034123583476216246,0.20641209082083278,0.2065976369704412,39
SEG_1243,arterial,3.5,asphalt,0.10435488695311401,0.987683794860967,0.63450566291591,0.8842727457224627,0.5352230897632753,0.885740625290381,0.1431427578092489,0.5012804513140011,72
SEG_1244,collector,3.5,concrete,,0.5114665734342474,0.2317246247326863,0.9796967838137235,0.22037348729868556,0.11650667996603525,0.29795171378387375,0.5089778854270257,56
SEG_1245,highway,7.5,concrete,0.5136466226477486,0.5479884839478953,0.5319871306310514,0.18393007137993456,0.4334763959259077,0.4856984966200024,0.08962760612038556,0.5582327473037261,54
SEG_1246,highway,5.0,concrete,0.4723405752484695,0.21433850554793987,0.9947733849509742,0.0797937070747281,0.9101208010811414,0.11079569260904543,0.8387107092279967,0.4895875963995191,65
SEG_1247,arterial,3.5,gravel,0.060392650486078114,0.9210626427430726,0.9215535074469913,0.4662691206945826,0.9960621392421005,0.48214116627873804,0.017180017310236884,0.9555827579632213,79
SEG_1248,highway,3.5,gravel,0.5669538668579475,0.009284724450932202,0.8871633807434334,0.8283288517880715,0.1942042972114334,0.28682148097729343,0.6118001208081495,0.9586899146138753,74
SEG_1249,collector,7.5,concrete,0.5313256100967353,0.2125422887257995,0.7337446621200444,0.20913104084506295,0.8805027187998721,0.05145882972368265,0.28271812621552495,0.22786181812407502,57
SEG_1250,arterial,7.5,unpaved,0.13098577091930463,0.4534295364267271,0.42700987559661996,0.6938179385017116,0.1356656592519755,0.9146857181066907,0.8496895475763934,0.6231404601412214,67
SEG_1251,service,3.5,concrete,,0.18995420119694917,0.8238106133602571,0.3375621332298667,0.9140432962855807,0.22633755173908576,0.7048022284968402,0.8604535234028776,58
SEG_1252,residential,5.0,asphalt,0.3135174517670618,0.15878172750949715,0.9752617470915612,0.7336828346665912,0.9982069298223062,0.13227987531488739,0.06634261850058754,0.23745423247722663,66
SEG_1253,collector,10.0,unpaved,0.3151660665212376,0.7156798391331466,0.9590072781645359,0.09090094868632004,0.6808555368847721,0.6680698814868815,0.1119856439556377,0.5357368864556334,62
SEG_1254,highway,5.0,gravel,0.9518079704646609,0.5737064063261972,0.9487969156334614,0.8712320037967353,0.8588054807716132,0.38502748855018787,0.5664075743521453,0.17995035440900986,61
SEG_1255,residential,10.0,gravel,0.29915696008728776,0.0849798632586184,0.8067007382804017,0.9616640751052365,0.05536422663070972,0.6878582663762081,0.028374122138867697,0.2969573684864707,62
SEG_1256,highway,7.5,asphalt,0.45953398517292743,0.8747555765488555,0.7759168112643066,0.06174636724435845,0.9544464198943651,0.510860872117625,0.6930068673773543,0.5303580740965852,61
SEG_1257,highway,3.5,unpaved,0.7239005351046168,0.24018418942841235,0.43174552173466485,0.04717372980668444,0.41202340805611193,0.577029486840231,0.1837064805586479,0.09896497004190641,40
SEG_1258,residential,10.0,concrete,0.2796928922661672,0.6664143658230473,0.8804051401710853,0.39109709518300506,0.18365394723654138,0.2215682899129866,0.4391681359744647,0.8003556840320464,69
SEG_1259,arterial,10.0,unpaved,0.39777074034877835,0.00924066559285286,0.1515339539378674,0.9526281681666098,0.7801924749999941,0.9986041354873698,0.17267708299830842,0.7653114703714302,57
SEG_1260,arterial,3.5,concrete,0.955953021727626,0.8110750054182487,0.03386465001252603,0.6020706692343905,0.49762448740185083,0.6944567235937479,0.10210312837816404,0.8412605001808471,46
SEG_1261,collector,3.5,unpaved,0.6023674206024421,0.794928869226036,0.19069518846897215,0.7873430734163976,0.616922171170837,0.8339866229494437,0.781425947504041,0.8333819743770264,60
SEG_1262,service,10.0,gravel,0.44875857341718695,0.07247403861524637,0.5983114068783516,0.45450129553993845,0.7317676061373967,0.8551722351500842,0.7145906657876958,0.5558074850321854,57
SEG_1263,residential,10.0,asphalt,0.7030151497493906,0.5818478516593133,0.001495256837949599,0.6749600479937492,0.6348319590848309,0.608480214438382,0.3672989415382705,0.14408132249281047,41
SEG_1264,service,5.0,unpaved,0.3317356090161939,0.4236032648248106,0.20602679713315708,0.11556978573969989,0.5416875025047403,0.6652758558488406,0.9210976415299794,0.9630275178193255,57
SEG_1265,residential,10.0,gravel,0.777534880499616,0.6519329721231043,0.9458232710861811,0.05513931479986389,0.793058710038768,0.08814552102753248,0.33350891818505146,0.9619556532674712,58
SEG_1266,arterial,3.5,asphalt,0.41630621707028725,0.5033491465872499,0.7377872441383145,0.34174477699562844,0.3979678041377941,0.3754281963414998,0.036301254001349315,0.1790405527671759,58
SEG_1267,residential,7.5,concrete,0.7557171178407812,0.3866834325967372,0.8531324376667124,0.12454300294635945,0.8768498403669152,0.8531994996868062,0.415317008450774,0.732417903758889,47
SEG_1268,collector,10.0,unpaved,0.06380291781223058,0.30274356885825715,0.06637532301812554,0.855803003729868,0.7431641373391692,0.7935898742444771,0.9457663314726675,0.6796966949402469,67
SEG_1269,residential,10.0,unpaved,0.6828508339063526,0.8355462484262118,0.869014081999449,0.4997098278405109,0.25626432581334124,0.8685473463049522,0.29290198106269627,0.15289934147354367,50
SEG_1270,arterial,10.0,unpaved,0.7959884022414305,0.15114705158901798,0.3855531111844246,0.06884511594075204,0.70099451011853,0.11028760608411259,0.8566508496285485,0.9281249902101474,54
SEG_1271,arterial,7.5,unpaved,0.09627470586781917,0.37308695515042767,0.1405459945781754,0.8743157578849391,0.2661780956382399,0.5150192052072291,0.19482653119602877,0.1283505595843789,62
SEG_1272,collector,5.0,asphalt,0.34079744248884936,0.15140779680502925,0.08579874006856869,0.060578047771350674,0.4078240512430591,0.41197367817092045,0.6584955643203744,0.34912620183526033,48
SEG_1273,highway,7.5,unpaved,0.899778043693419,0.8105918979657002,0.8273533093567579,0.52909968085679,0.6766968491767954,0.9552112878931719,0.7415829533788235,0.4859600144921189,55
SEG_1274,collector,7.5,gravel,0.7186808798732836,0.9086494548883433,0.9883385074867554,0.09825279971458667,0.22521344075571903,0.677822592350654,0.18002765152550926,0.44511424554881796,55
SEG_1275,collector,5.0,unpaved,0.5541379575881866,0.47788001997808205,0.2418918616615493,0.7817297301236241,0.799136450020615,0.38482885286633417,0.6591660221837611,0.986996405155044,65
SEG_1276,arterial,5.0,asphalt,0.6475735851971782,0.27447869553582516,0.20081865773788576,0.8133372258045383,0.7421926607301285,0.9090640133223028,0.6429728024613288,0.8617640063395638,56
SEG_1277,highway,10.0,concrete,0.9166928959677128,0.3110894950708034,0.4447656952497375,0.6960258777306884,0.3150650464624335,0.8692271059576295,0.2978673354313449,0.8251956241895224,51
SEG_1278,residential,7.5,asphalt,0.1891231456133995,0.6329924215483775,0.4306754090426289,0.11137043609154285,0.989721516792747,0.9174251450950752,0.7935624344884872,0.02851895726368281,47
SEG_1279,highway,7.5,gravel,0.43672571842759533,0.4347873571356269,0.729212774629058,0.3294923831862424,0.09820292507101591,0.32595740541270124,0.05099302433018438,0.6034371483093155,62
SEG_1280,service,7.5,gravel,0.7762229372813289,0.5974961459324504,0.7365183095250551,0.7186964247254675,0.5039028292748594,0.4949496373959682,0.20892294509314102,0.9470100424589208,64
SEG_1281,highway,10.0,concrete,0.7687974597608833,0.33485862481783935,0.1700643282808474,0.8459900002826203,0.46256963423650077,0.07087322086781911,0.07047803877186909,0.910315913485583,60
SEG_1282,highway,10.0,unpaved,0.4378190485688873,0.7341406761881323,0.7933853493357275,0.0725095913615561,0.8301407795415486,0.04909839453438203,0.7991854593446852,0.5714509948705319,67
SEG_1283,collector,10.0,concrete,0.13639200829583242,0.17557308488933931,0.110231578743612,0.40300253838690103,0.08360775263037334,0.49909539266288994,0.06160523690889996,0.24768479546690925,53
SEG_1284,service,10.0,unpaved,,0.40206407960680246,0.11834191941780503,0.707148357355272,0.620766994070152,0.33343665627876506,0.5102595467223481,0.1645507918891007,45
SEG_1285,highway,3.5,gravel,0.729369846814706,0.9714397889880632,0.7183085364794921,0.39370444187629117,0.9862665670025607,0.7419671411484398,0.026212347342476017,0.7397347978395739,57
SEG_1286,arterial,7.5,concrete,0.2649124475693837,0.21996393788356383,0.6340425837198271,0.015436041249912158,0.6793547422362095,0.1751411196065109,0.16937176924807396,0.17056076875645554,56
SEG_1287,residential,7.5,concrete,0.7501655770370239,0.3655558541417483,0.6090904098943495,0.20701102618129308,0.21413293946762313,0.40024006680647806,0.424092030565161,0.011301418218983339,42
SEG_1288,service,10.0,unpaved,0.3650436629326774,0.1912755667527659,0.5763652236961297,0.2128871737441761,0.24369728144969993,0.6739624366687019,0.3512022641585433,0.3745363576132945,54
SEG_1289,collector,7.5,unpaved,0.37153564233501823,0.2894756467083309,0.13306486909176396,0.39497749011602457,0.5351268614640843,0.2564889279135675,0.530663456683162,0.6813767696285036,58
SEG_1290,highway,3.5,gravel,0.35765689724598315,0.8718472805653613,0.36878431111291377,0.7712213886552006,0.12251091773194123,0.7444235301305808,0.7516638361819445,0.05684001176312159,61
SEG_1291,arterial,10.0,concrete,0.9687403875909743,0.2747999231913353,0.11262367880685153,0.8569183975425683,0.8544303533485653,0.9739102758818118,0.2445071475689493,0.3935366207927615,41
SEG_1292,highway,3.5,gravel,0.6963387642074639,0.7374753949662743,0.4446026989419458,0.6681659394954628,0.7289665272626603,0.15075796543523357,0.840829367083435,0.20877242093908754,61
SEG_1293,service,7.5,gravel,0.859602750451783,0.6787230087388123,0.39732798965625005,0.32856266682404767,0.23313487647488595,0.13203448353956926,0.32032316293208285,0.3908705964804563,51
SEG_1294,residential,10.0,concrete,0.27253001685219747,0.9377681846645624,0.3265549575864123,0.48214535674922343,0.7959856597351425,0.5102795955762652,0.0748365845002894,0.7996084722524509,59
SEG_1295,service,10.0,gravel,0.13172109918580233,0.22326890223316653,0.3646078918670661,0.28692237208915905,0.9576657250066242,0.7836778420227609,0.015276997599066422,0.015807487585693836,50
SEG_1296,service,7.5,unpaved,0.7878095574501026,0.14912536638289153,0.5413853679894344,0.025986561701203503,0.7380569961791926,0.5813814052831294,0.2340702987699197,0.26876310168776096,41
SEG_1297,highway,10.0,unpaved,0.37985249766284856,0.13026907450781056,0.42034493093968206,0.41865028739339394,0.24770351903109245,0.3939661638674823,0.5096631880799306,0.9811244028737474,64
SEG_1298,residential,5.0,unpaved,0.7590518666717886,0.5260345873258262,0.2789662963061911,0.2849605050265771,0.1674746330609912,0.3817779672996645,0.4781219806548166,0.11216605339398789,40
SEG_1299,arterial,-1.0,asphalt,,0.678627574757812,0.0069899105491058044,0.8550024309930505,0.09112565390185556,0.607377010136221,0.8898840073084269,0.25390759791131867,47
SEG_1300,collector,5.0,unpaved,0.4489290293528173,0.9463633119554137,0.5803869227151127,0.930389860928371,0.7190098307370794,0.39357516546960003,0.02858300903903732,0.12310176825597974,65
SEG_1301,service,3.5,concrete,0.9659807034570908,0.5894315765133533,0.857367764780812,0.6887435415155733,0.4770247744537549,0.9867579046043738,0.3754730544617577,0.6563726223078766,55
SEG_1302,collector,10.0,unpaved,0.24533477513441238,0.5457026088185509,0.2276589333367578,0.2838159333861242,0.2921795678036089,0.6411246243170692,0.15799399872201636,0.7863019130770904,57
SEG_1303,arterial,10.0,concrete,0.65209526283823,0.41946756933658746,0.3699442676186079,0.3459790107962827,0.948913949056876,0.01461454578411614,0.7586593370786706,0.19824714873453264,55
SEG_1304,residential,3.5,unpaved,0.7958486514619032,0.636599186425445,0.9720101793574675,0.9950397596190453,0.6226198714556428,0.9164889402799221,0.16264063301656373,0.8511388323891159,61
SEG_1305,collector,3.5,concrete,0.2604798669284498,0.3075830937064802,0.5894767117633372,0.007361183353683076,0.89527399516597,0.09763985273097286,0.5920870491912968,0.6302293518286173,63
SEG_1306,highway,3.5,asphalt,,0.10461121108754312,0.6182443177115428,0.5475017616819873,0.317327571122649,0.4530488793858036,0.8153720152641096,0.48084473426966556,52
SEG_1307,service,5.0,gravel,0.6960136158588064,0.7591284611040514,0.6884025340444928,0.42704525638142876,0.00018616988215514052,0.5896306404876257,0.8088197436328112,0.24344361004747184,57
SEG_1308,collector,5.0,asphalt,0.7987392561886304,0.02935313413092233,0.08196269827106717,0.030266066692891003,0.9067303819264453,0.22350689598019347,0.5475984842372242,0.18275536100723044,38
SEG_1309,collector,5.0,asphalt,0.7981084272946226,0.6853140385521297,0.09810898985777272,0.6089659178291486,0.10686222691982827,0.05949646334094427,0.31644168656761895,0.2574245448284471,51
SEG_1310,residential,5.0,unpaved,0.004009505523409507,0.18704251402396987,0.6614627185212488,0.8443535482061076,0.874386182526824,0.8304875484646259,0.38651448838760283,0.11204888558685855,63
SEG_1311,collector,3.5,gravel,0.8629204848490721,0.7566506362598702,0.06618037633430884,0.5557959922020101,0.9434946657584892,0.2671090373467988,0.7600938582923643,0.819384784755036,55
SEG_1312,collector,7.5,concrete,0.1758445008388837,0.5541206890875822,0.9858019917881696,0.9211157009478866,0.07811468670796495,0.003336847883929961,0.30964254618099374,0.8019465100467948,87
SEG_1313,collector,5.0,unpaved,0.3451251499470507,0.3372216090725393,0.46077787627142563,0.42836863409284254,0.09606499512537969,0.46618409163212515,0.2094702970772817,0.6601593922845889,61
SEG_1314,highway,3.5,unpaved,0.05369399513220763,0.025378398946020342,0.4069917220239484,0.7555014367140269,0.8416712692812901,0.8878903331911956,0.9547952627384889,0.5247297745363022,67
SEG_1315,service,5.0,concrete,0.27031088227550615,0.2653193920751339,0.3487507322838561,0.9286339243400661,0.17506883662113848,0.4145658261632672,0.9142002508488444,0.6101290177638644,71
SEG_1316,highway,5.0,unpaved,,0.559656866086848,0.10960480243670223,0.8135844076353278,0.49961658692006816,0.8246872830131421,0.33325061853291826,0.7160039197905014,47
SEG_1317,highway,5.0,asphalt,0.15249032577997124,0.1805666224076632,0.379804703153943,0.20869969001728006,0.6246445530071841,0.15996211995619658,0.6036301194457584,0.914238223860037,67
SEG_1318,collector,3.5,concrete,0.5838465060328285,0.2545986215303634,0.8284551548005907,0.15093165323664193,0.2747392435772168,0.7501365243163021,0.611444047099192,0.39553395237476574,53
SEG_1319,collector,3.5,concrete,0.22790088983829626,0.5888428931566994,0.03794722940833184,0.5817742815870056,0.10389771521115765,0.9578916474080085,0.4742352714464667,0.8736176771188117,59
SEG_1320,collector,3.5,concrete,0.27225683491877106,0.5154755137258505,0.39604584298959344,0.7722411205957898,0.06070625353229897,0.5171251887993379,0.7962435763596089,0.03163661029831588,63
SEG_1321,service,7.5,asphalt,0.552703379800888,0.4161062572726254,0.4163901555358349,0.5861862606692564,0.22448545118731056,0.9740438622785754,0.22464954907260115,0.486349971508357,52
SEG_1322,highway,10.0,concrete,0.8455947738999635,0.45335603831380344,0.24069522493445594,0.6912675038910212,0.7787006752988163,0.6011598931451387,0.3790537002639425,0.4891077614384953,50
SEG_1323,highway,10.0,concrete,0.9125750829364837,0.7002463424059198,0.636222220855117,0.8559729970800734,0.20473213985410965,0.16004353024683793,0.5028039237298971,0.40831838978167834,62
SEG_1324,collector,7.5,unpaved,0.5393116595884035,0.9539350869872918,0.8591514744409943,0.08306701367602909,0.5096355225815181,0.49490825484722556,0.43078929519084164,0.1309201688431495,56
SEG_1325,collector,3.5,unpaved,0.20980450858166455,0.4717929289468209,0.960629884931548,0.6300842192589888,0.19312908490000658,0.6723837368897744,0.7925118902455626,0.4206866938757118,73
SEG_1326,arterial,5.0,gravel,0.825339361905933,0.7125815692853676,0.20832518944511302,0.47988886045692214,0.23117109398282443,0.17044879173726601,0.74821770878267,0.6959852088074726,56
SEG_1327,highway,5.0,unpaved,0.1618999617517446,0.3585452115808533,0.41423020678519773,0.10331184823866646,0.15564117934232757,0.9260632234431995,0.8839094487524095,0.4153492646450513,55
SEG_1328,collector,3.5,concrete,0.6390111797495545,0.5117721865386534,0.5147959562231483,0.5539705103612279,0.19452365781801217,0.24820444296097788,0.8043973761662296,0.8452895209822356,65
SEG_1329,highway,-1.0,unpaved,0.03637943341203764,0.5907409780633815,0.35008358556926245,0.27725400388395893,0.06246991061924734,0.9902892510654075,0.057129475113071426,0.9344326474947523,61
SEG_1330,highway,-1.0,gravel,0.5708018430850116,0.8876834760394967,0.8544018412452079,0.0339099736010694,0.6487091109128398,0.4357684248270818,0.6456081004296035,0.8637834216354119,63
SEG_1331,collector,7.5,unpaved,0.1600197003977748,0.23568571987554343,0.8809958715611814,0.06986321605124068,0.5425899290408689,0.9197799643072649,0.9489455232481258,0.43357876989012745,62
SEG_1332,highway,3.5,asphalt,0.6671531997053454,0.6619319638105895,0.586790883115511,0.4468415476764863,0.5313115125185308,0.03153315148095204,0.3323086220597192,0.425158871272896,61
SEG_1333,residential,5.0,concrete,0.17298035657999544,0.9514470088971231,0.09335062715450904,0.5829190711427581,0.07644834812578094,0.33752982321839375,0.4015750207071469,0.6575010000807042,61
SEG_1334,collector,5.0,unpaved,0.180155977033442,0.46541004370186234,0.6481955657949899,0.7150680537893396,0.7435861974881335,0.07410739445118675,0.20019258061359757,0.9267684634193679,78
SEG_1335,highway,5.0,concrete,0.5696760134230747,0.6243214072061568,0.37682803340778115,0.3613495304614329,0.46408435337582754,0.715948746662273,0.4804681114590649,0.47098496297007175,52
SEG_1336,collector,10.0,unpaved,0.8234592981787091,0.5779256472542211,0.3347783858145925,0.322267521265734,0.7112130045818086,0.34618566542797014,0.24003976232349944,0.7854559695088831,51
SEG_1337,service,3.5,asphalt,0.5890884013562985,0.009278306201185638,0.9474914184155893,0.30799714070540296,0.36259845052171435,0.7536311056579987,0.29068559340664935,0.6135752758932369,57
SEG_1338,residential,10.0,unpaved,0.8871753077892179,0.686759226426214,0.7963257647979034,0.5063732825392351,0.967024192441073,0.204322999951295,0.015466451118355984,0.40090353309982807,52
SEG_1339,arterial,-1.0,gravel,0.06921979818089774,0.18529125733225582,0.5998722216590019,0.5329260348992162,0.256039821196566,0.6219140818485841,0.20861116562267035,0.4056705500305431,65
SEG_1340,highway,5.0,concrete,0.7226340958871704,0.6909863893824919,0.3270898822199869,0.6065740478508319,0.7358201957501974,0.22535009763857894,0.05828150639909502,0.42898203996815076,55
SEG_1341,highway,7.5,asphalt,0.755896116594018,0.26257613629652443,0.6936241877836968,0.37983499991309444,0.2107864074516499,0.4235225928901022,0.8636629830896525,0.9505240564790363,61
SEG_1342,collector,7.5,gravel,0.316859185093777,0.28698493037585726,0.7831921825644796,0.7715491969807772,0.6315898017640983,0.8168950484562513,0.8531682582561847,0.4382144445184316,68
SEG_1343,highway,3.5,concrete,0.00014309157199154932,0.26951918444206857,0.5032366082566249,0.39022073354984177,0.5519036082665875,0.7178833106071816,0.7641348992600159,0.4944688555387927,66
SEG_1344,highway,7.5,concrete,0.26957612824131094,0.272603265913021,0.7688371925373432,0.381885717230779,0.48404815667443846,0.9309313722620275,0.32807446761640724,0.7930925931337579,63
SEG_1345,service,10.0,concrete,0.5277185296386079,0.7365097857053307,0.18486213135825014,0.9162429469065008,0.5987139950805065,0.4267758500808603,0.7128483959194148,0.6565838359700763,65
SEG_1346,service,7.5,concrete,0.7220915135599749,0.8392252596564104,0.5259591952016612,0.16912462581843768,0.9410945937803998,0.7328315756002785,0.7812699164746485,0.2269851916324489,49
SEG_1347,arterial,3.5,unpaved,0.968432320037218,0.3835182742989063,0.36323422879327083,0.08275345201065942,0.6039861556049777,0.4015673887037251,0.492329201432643,0.29000548405556326,40
SEG_1348,collector,3.5,asphalt,0.46698396798050823,0.6424541322930971,0.944228538329052,0.06014785765937314,0.7599839200163497,0.0786318918098935,0.9493489169012757,0.3851633555277184,66
SEG_1349,residential,10.0,gravel,0.010183195199127804,0.5145114807836956,0.6314359707806366,0.09367204749023272,0.819447114965573,0.004452029868245777,0.6859035500637032,0.7895717126618512,69
SEG_1350,residential,5.0,asphalt,0.8061571004598193,0.3321238619176774,0.7921618967948312,0.35053727695487746,0.6816446145985096,0.00996187283820027,0.2021257325194875,0.6220050045789436,54
SEG_1351,highway,10.0,concrete,0.6460480916136507,0.6020923239978844,0.12011493362994685,0.47593606414662315,0.9823816490208042,0.3340219067041761,0.18227011681936622,0.5159762410307688,51
SEG_1352,arterial,10.0,concrete,0.24599893922817617,0.2084584476278355,0.617103474933432,0.28647267337603455,0.2859296999094877,0.3109591313346637,0.5610593214158967,0.28840467986072194,62
SEG_1353,highway,10.0,unpaved,0.07048944844929084,0.9449799563860621,0.06868565394910131,0.9772996491428163,0.47827847397959866,0.7344836431322393,0.6203539418598533,0.47471246889952645,69
SEG_1354,arterial,-1.0,unpaved,0.6932240496815946,0.9608674471138735,0.14877364284196026,0.4046415691712717,0.09008205419010085,0.45946297771446376,0.4021738279802548,0.7701741303189803,54
SEG_1355,residential,5.0,unpaved,0.8558442169997158,0.5833188646912669,0.9476013316130809,0.3124485200776126,0.9327485240145206,0.7093077674882153,0.5405872426394769,0.17816167139343086,47
SEG_1356,collector,7.5,unpaved,0.4175970222466918,0.9258100401027166,0.7557314750800755,0.19848797168601684,0.9811228241976718,0.7541584257366716,0.343654466968346,0.46812846494202376,59
SEG_1357,residential,3.5,concrete,0.6681451762934311,0.2922290436304359,0.1956757531022626,0.5614182727960759,0.4616198667067807,0.5920469443088725,0.25713854208020126,0.7046753835882934,46
SEG_1358,arterial,5.0,concrete,0.019976402905177992,0.22544998959957152,0.7006559211714511,0.17938455252592733,0.8834626980443934,0.1350330584742364,0.8587668092692894,0.6995953404653914,73
SEG_1359,highway,10.0,concrete,0.6288707879129647,0.8773888990909638,0.985930555352182,0.10702956697994692,0.582537889262675,0.3780186914849294,0.5306155031335885,0.9006091390706378,66
SEG_1360,highway,3.5,concrete,0.27882793342114476,0.41045455573464984,0.38985049623314927,0.9296394949183192,0.2584364498539573,0.12682949711375313,0.8520855637519276,0.3948989304744517,73
SEG_1361,service,7.5,gravel,0.9215690445315958,0.05280818763484407,0.5970157320773716,0.8261027349221581,0.2834691994147357,0.25394861043952976,0.31807099234779124,0.7035761299542417,59
SEG_1362,residential,10.0,concrete,0.4205609775409459,0.056440589062342505,0.3648830543196724,0.6245664294813393,0.721752112167572,0.20493527015765267,0.24331187909916918,0.1167695089682228,52
SEG_1363,collector,10.0,gravel,0.9575659727506973,0.7887401407525824,0.4880813582178556,0.7259009121756178,0.2749124401852372,0.8179221696931085,0.927902061927809,0.7368298191986548,56
SEG_1364,service,10.0,gravel,0.5569083699568825,0.5254107340249476,0.33674895533456306,0.43183348737537164,0.9334288021354302,0.31554652623131396,0.6134091816106363,0.9635574971813722,62
SEG_1365,highway,7.5,unpaved,0.16842013674183054,0.07195702201014798,0.9903388935422097,0.5828107592416973,0.7213185514534324,0.6479124984633552,0.16175412912014775,0.3912039454219177,68
SEG_1366,arterial,7.5,unpaved,0.8506180346136223,0.0804695020063485,0.3122348988252074,0.08332338913869708,0.20928807770775215,0.48390500179814366,0.5269363824696236,0.6143092096136129,43
SEG_1367,residential,3.5,asphalt,0.7264193736056027,0.909885312244673,0.13231924051475263,0.6007291696858947,0.9606672704968112,0.9410599536760896,0.36320132978853936,0.11916103884624119,39
SEG_1368,collector,10.0,asphalt,0.7474805793592346,0.705397434739135,0.5088366612921421,0.020755878063651645,0.5880921922337067,0.10213457218104927,0.3411997166608508,0.44164631316758196,51
SEG_1369,arterial,3.5,asphalt,0.3694126878977152,0.6634792343867364,0.22193965290891549,0.7168629807150252,0.666045002105103,0.3839539930400375,0.3425100647793914,0.9821714700017653,67
SEG_1370,arterial,10.0,gravel,0.619747338507554,0.4077192787332192,0.5580674800562558,0.7774321266088225,0.35520724968193074,0.6868867811421752,0.4818509856274633,0.3531603391804592,58
SEG_1371,residential,3.5,concrete,0.5222832280870492,0.6293241932465604,0.24648832376065533,0.4605301274668563,0.7237040750282796,0.8293124485470503,0.5728049025151073,0.9082007082459449,51
SEG_1372,highway,7.5,asphalt,0.6583332309979707,0.5902961337592142,0.8548274094422387,0.7599810890992095,0.3342327505118019,0.571109528726679,0.07383416458548664,0.170558239926616,60
SEG_1373,arterial,3.5,concrete,0.8753711215012904,0.39525696529121823,0.9569695554578918,0.5374760965048279,0.7160377266699421,0.25132160766911515,0.6088551683760658,0.11216334828580077,58
SEG_1374,collector,5.0,unpaved,0.8069455825393225,0.393236700014153,0.12899991401859556,0.834301609144298,0.0885623940637823,0.36944972853371894,0.8318305295103776,0.572955959187869,56
SEG_1375,service,10.0,unpaved,,0.05237670959994656,0.5846090246795832,0.7997625656133697,0.9482517325463695,0.8828283177382417,0.6424145689278637,0.8784819510010946,54
SEG_1376,arterial,10.0,asphalt,0.3970414345229084,0.9069145222149918,0.7987462605712227,0.3169754899312611,0.5314438239267866,0.8942229434803504,0.7751242972489739,0.2896821556689695,61
SEG_1377,residential,10.0,gravel,0.6770867461156932,0.4152126861188269,0.6678208912622964,0.5017712295876551,0.9196953630386239,0.5787248358642886,0.7330779900360163,0.1143268484546961,50
SEG_1378,residential,5.0,asphalt,0.83710764556182,0.7422475175251331,0.37243933542707175,0.5396023567143962,0.36959829111890585,0.27488339272392115,0.3608824417281017,0.34189252682731086,48
SEG_1379,highway,3.5,unpaved,0.2634961103579708,0.34057918246635077,0.33766689401843764,0.44222019271462676,0.21491468587312634,0.2322855066880678,0.8000100625380262,0.10280905185921518,60
SEG_1380,residential,5.0,concrete,0.16165113263954267,0.5830775540210082,0.7676587237334213,0.7429304552196263,0.14507411835456951,0.018058924090132655,0.6688979362178689,0.6088574178064186,76
SEG_1381,arterial,5.0,concrete,,0.1240796035399434,0.0035963668948246763,0.632859724028499,0.649376115500528,0.5929132710054993,0.8543276389087503,0.19750222262206085,40
SEG_1382,residential,3.5,concrete,0.7526572782024712,0.06219739194028984,0.5178123619057694,0.9809475452814705,0.8545371593118556,0.5179526114915806,0.06730460264668015,0.06269496152536469,48
SEG_1383,collector,5.0,gravel,0.31671134180376315,0.23443336647596513,0.09050632809613057,0.23846651129196372,0.8345882925056615,0.6711938048713052,0.6685703514268357,0.9666839210692216,56
SEG_1384,arterial,10.0,unpaved,0.06179228585768071,0.32473528407253327,0.32580120042743577,0.6095041413707889,0.9212459712102188,0.4447443212424991,0.043120141321343564,0.06907535413161736,60
SEG_1385,collector,3.5,unpaved,0.8322709552850404,0.40001860321229055,0.5086776836581988,0.2349862807288544,0.8570816481159118,0.9825112596200518,0.8523166150734554,0.63548745236156,47
SEG_1386,residential,5.0,unpaved,0.039524202429273014,0.13165335061633499,0.10910245698183718,0.661937979424168,0.3753987386235761,0.17537900510157978,0.6758115101479808,0.03876581531298151,58
SEG_1387,service,5.0,unpaved,0.25356471521383006,0.24679512371640233,0.7740368228488946,0.7173805956912149,0.2969451849538789,0.18530025784384008,0.32959301923936346,0.7307830808677498,75
SEG_1388,arterial,3.5,asphalt,0.014572158119827372,0.13728279583131497,0.2810940447038588,0.199197732939975,0.21619190913121833,0.06863240346031363,0.7359189025726892,0.5200122143811221,65
SEG_1389,arterial,5.0,concrete,0.950473238789737,0.8721635552968421,0.45257616291989855,0.8463728244358578,0.30709781030850225,0.9447940810448894,0.4145583545999174,0.09885199652108356,48
SEG_1390,arterial,5.0,concrete,0.9915255746182161,0.3382001755861692,0.35537859126324467,0.40975702622130594,0.538188881484358,0.7218218206935619,0.05671570608276877,0.6260888068961892,42
SEG_1391,arterial,3.5,asphalt,0.3561039550459195,0.9962435119747773,0.3916075476875285,0.3998557121445052,0.3368153787995125,0.8152622122081485,0.08257894691791812,0.0893862903298156,52
SEG_1392,residential,5.0,asphalt,0.4766659120124188,0.8012824459782873,0.21171282934894353,0.0713443300529285,0.02296349493977279,0.3638686242199085,0.7158594888617565,0.11988106668177478,44
SEG_1393,service,10.0,gravel,0.5620905459994031,0.3862400863293024,0.48172810160634627,0.8866191887297125,0.7035398429715923,0.5779860404541761,0.7591920571322037,0.29313145720133593,62
SEG_1394,service,5.0,gravel,0.9970016423673893,0.8613367596547618,0.7777768519220635,0.9504163174316798,0.19973579790159113,0.350360149271999,0.18257820403508518,0.01582224518528641,57
SEG_1395,service,5.0,asphalt,0.5587154837557771,0.6325585909594493,0.6083238548186537,0.11261326745383715,0.6284257112766732,0.4399029279585618,0.4742850461271516,0.4888395978647462,55
SEG_1396,residential,5.0,concrete,0.8834346934530929,0.4143358029715489,0.1106079087984837,0.1008098354847029,0.29055126360888406,0.48200536927774695,0.47241521493740146,0.562416775780441,35
SEG_1397,highway,3.5,gravel,0.6364557999017767,0.9633934717355084,0.5087847247667774,0.7788107602729188,0.030575959505475647,0.5537583103453296,0.029088160724209167,0.4173078754143228,60
SEG_1398,residential,10.0,concrete,0.3240808305476929,0.44889298051991844,0.08609283443191595,0.4678639407142541,0.6903148034516475,0.19862296119832035,0.6537977021207921,0.5884728493377198,56
SEG_1399,collector,7.5,concrete,0.39023345464457726,0.6934843389668985,0.7799498473160887,0.39591532939345553,0.04410506026075711,0.5402998022397013,0.6937485534876208,0.45852204658993945,65
SEG_1400,service,10.0,asphalt,0.4993803117122364,0.977223484172617,0.49381580881082743,0.36088112776386394,0.3618429784934559,0.498815812975557,0.7284700725487175,0.6695010159656721,63
SEG_1401,highway,3.5,concrete,0.9579809504372295,0.4392739578821784,0.3071379652499706,0.6144209350124084,0.18873477546015882,0.23322541900033067,0.49490825716615483,0.6769550972728525,53
SEG_1402,arterial,5.0,gravel,0.4192588056380602,0.20777551648713377,0.7344030057306355,0.38948616654578283,0.4393971580375382,0.09669986394610708,0.3919731622715815,0.4583308151018698,65
SEG_1403,service,10.0,unpaved,0.6182198491860135,0.9171052556684212,0.22952511780277995,0.8611754581873776,0.8990197596717161,0.8554826800806604,0.86002919020981,0.8883595858520386,63
SEG_1404,service,3.5,concrete,0.9174329449116305,0.5943714465973039,0.3085872924107501,0.9429098164103606,0.9704147298664897,0.1574149070148012,0.09001329838957517,0.8953214098698528,61
SEG_1405,residential,3.5,concrete,0.5983030553428931,0.12303585871949974,0.08478423274796398,0.9653783653429541,0.5430706525343209,0.6017081058596614,0.10659327423630294,0.0565564281485087,44
SEG_1406,collector,3.5,gravel,0.580358372055286,0.7261220988813081,0.44425788942689726,0.45610962949344547,0.6558094796555035,0.6753662459603148,0.16332563177072168,0.8445799641276918,58
SEG_1407,service,5.0,concrete,0.29146182987266656,0.6130161124232477,0.9181155738450132,0.09009645487840923,0.6858175532188204,0.6091167586716492,0.7492567380452222,0.2230396405031394,62
SEG_1408,collector,7.5,asphalt,0.6646948428191639,0.47913204465093395,0.9462009461904513,0.6566288485964836,0.606783388144952,0.7485872661006916,0.8043260121197506,0.15295591311474077,61
SEG_1409,highway,5.0,unpaved,0.5728290834043384,0.42166346451580927,0.368672071982979,0.7150392692897063,0.10535315534475387,0.15550721623925212,0.29118613477888733,0.5745837799232458,62
SEG_1410,collector,5.0,unpaved,0.3823449086256302,0.276478539065536,0.21511098526861072,0.32535104135902604,0.5125268665605953,0.8015323890472574,0.2986371157928528,0.1706757857519937,47
SEG_1411,service,7.5,gravel,0.38749128337726857,0.48954478216006736,0.1439062111834415,0.00843784223998334,0.39683193596601063,0.34027010684785364,0.5952155618659246,0.46687500727596953,51
SEG_1412,highway,3.5,unpaved,0.4075412046661684,0.9370135411285816,0.9473677959970147,0.781386321493111,0.5765217094487972,0.9560209991457879,0.5760497714396465,0.15803671595650626,67
SEG_1413,highway,5.0,concrete,0.6769453447397563,0.6090785343237597,0.6065458056556589,0.32464164068190626,0.10216345889137624,0.4024272527308752,0.4654949703782183,0.26790303894709144,54
SEG_1414,service,10.0,asphalt,0.4870403038278315,0.8926120321976782,0.28303690926948777,0.22879823411754818,0.08035757647884367,0.23348899696667336,0.19289421222830694,0.1499367871574926,52
SEG_1415,collector,3.5,asphalt,0.43785215123302845,0.2976346245065351,0.15802500818416076,0.5716347707604404,0.04200510770642041,0.5534478546084244,0.3874192765732315,0.09880895827190816,51
SEG_1416,arterial,10.0,asphalt,0.52196301871127,0.9370812784580637,0.05437941173504146,0.12315634215416804,0.5955854390493249,0.10309439631498374,0.2634314162090965,0.5669441364150555,52
SEG_1417,arterial,10.0,gravel,0.14518818285979784,0.5848934942101064,0.9519472558044885,0.3374133856910527,0.7303214782431969,0.29078543330330775,0.12184549893749819,0.41075143981736406,71
SEG_1418,collector,3.5,gravel,0.9241735956065832,0.5993109821026475,0.07585133762513241,0.10356528097578199,0.20691441347510675,0.7870576146007496,0.76712371245492,0.9202181871814694,42
SEG_1419,service,10.0,unpaved,0.4030751439674656,0.4379422285317075,0.9019518769526103,0.8116723169661874,0.8511484968350943,0.6309821932809248,0.8474701062962225,0.1859745095415628,69
SEG_1420,service,10.0,concrete,0.9313985390641991,0.34483254592136836,0.22045344809428002,0.8181629292174615,0.30812935853504586,0.4540815353778821,0.9231462099496678,0.7431417763959286,56
SEG_1421,service,10.0,asphalt,0.48070600362470495,0.3435775397445884,0.6393038533449708,0.37418692542137955,0.7623638696894575,0.14651264692092414,0.2416677764294809,0.6824462416854438,63
SEG_1422,collector,5.0,asphalt,0.37138452862188975,0.9147786766185868,0.851561962814093,0.6633467031440259,0.9838842530473116,0.7730714197838338,0.8285149350926381,0.35787909386472216,69
SEG_1423,residential,3.5,gravel,,0.2298925533885673,0.9898490326534505,0.8571291024170592,0.4673642543970985,0.3207069018803079,0.5509500025881915,0.617815894403976,59
SEG_1424,highway,5.0,gravel,0.9509581645016794,0.6270502085342341,0.7939112659200067,0.05968303349845372,0.6967011788031282,0.04542868679497092,0.006663785986091186,0.15020502729437313,48
SEG_1425,highway,5.0,asphalt,0.241489974372031,0.25201572953064666,0.6240748669047873,0.5303781361431616,0.6429193101298568,0.4331477565018409,0.019346631754714738,0.7956168614271686,67
SEG_1426,residential,10.0,concrete,0.25434220431836463,0.11154909770506072,0.292328048404653,0.26606747526615304,0.3621206083472419,0.1795512134028191,0.8988771102248801,0.0606343787264878,52
SEG_1427,highway,5.0,unpaved,0.19225272907782842,0.6788577075512284,0.4711421057999823,0.07880162717993833,0.15621392433776438,0.9080603582249116,0.3951244415394246,0.14352609276401618,52
SEG_1428,highway,10.0,concrete,0.8292447626194056,0.2135811189453748,0.30231892918529646,0.04567177933233246,0.6824153259599511,0.48143935555456496,0.8768959557736596,0.7811312431251335,47
SEG_1429,collector,7.5,gravel,0.2980768019657749,0.5950488847409855,0.23814492695326162,0.7835691952105718,0.9406566567547866,0.16290499889096233,0.1997970197707314,0.40002151407608966,65
SEG_1430,arterial,5.0,gravel,0.00970801792171161,0.8846171021586555,0.1520477803403606,0.2656459964510024,0.9122153027257629,0.9918303129514938,0.265798246588417,0.9237809463124286,61
SEG_1431,service,3.5,unpaved,0.507541274308212,0.3780633188563657,0.7925882655106484,0.06812427988677594,0.4269886094743429,0.7297150313087716,0.32426905464569333,0.8258579139089904,57
SEG_1432,highway,10.0,asphalt,0.290199134733757,0.9329228247820195,0.5830215371868017,0.9641426247379481,0.31124999854239177,0.2616413675104694,0.4247167193080075,0.12008406510765757,72
SEG_1433,collector,7.5,asphalt,0.892514328390279,0.5335051553745844,0.6598112827802121,0.926294503613706,0.5747984908294139,0.7654481453458105,0.580445517787022,0.9920899453101181,63
SEG_1434,service,5.0,asphalt,0.6868130694680633,0.8987922194249969,0.7385604810153507,0.9094921902428181,0.5713427794869403,0.6577778120291975,0.15694024814779817,0.49315291531100247,64
SEG_1435,service,3.5,concrete,0.5287502083916992,0.8980505180761426,0.4820304028966951,0.026288053635954434,0.9395320951381675,0.4547296374580899,0.5246006808629606,0.49085583665671717,54
SEG_1436,residential,3.5,gravel,0.6726436311159832,0.8738420530809837,0.14327561121042154,0.9478215725858189,0.552898315269733,0.7777165210632959,0.7378981696526673,0.589619846492147,54
SEG_1437,residential,7.5,unpaved,0.46590207724562926,0.07080242058831121,0.2109600443739954,0.31200561611774325,0.42078845905736184,0.04614009311620337,0.8966544756471153,0.42846944717230784,52
SEG_1438,arterial,5.0,concrete,0.3482125525705304,0.7749251259153118,0.9339549937397709,0.4719255006666385,0.898833985503446,0.4561559109990191,0.8164350280588104,0.3560181719090887,71
SEG_1439,arterial,5.0,concrete,0.8412478863760169,0.5137236907442798,0.375545501690678,0.9768582714264668,0.08212235614645247,0.8010626769489342,0.16098988939817138,0.9977731281549712,58
SEG_1440,residential,3.5,asphalt,0.48376299323140814,0.7698168650526185,0.8597949173644475,0.9645492324777679,0.6132202772965312,0.9651596429635174,0.8806071883826089,0.7065699793268349,68
SEG_1441,highway,5.0,concrete,,0.41054703070183163,0.5971117836131337,0.8763658138749253,0.10722045447512396,0.42732956811263256,0.3308062880730773,0.6956085312253144,58
SEG_1442,highway,5.0,unpaved,0.30720717886002136,0.20720512782857992,0.7462416797256319,0.2459129407627475,0.8215320534628922,0.1044639354538004,0.6934636985422873,0.42220329916211996,66
SEG_1443,arterial,10.0,unpaved,0.8622896115416038,0.5122681165388417,0.39113713580612086,0.5835247926363745,0.7134208533212507,0.3352567863792205,0.19581486985032281,0.4854859597280885,52
SEG_1444,residential,10.0,unpaved,,0.6458466670205695,0.7901596113708267,0.4397045301898732,0.2937422799977085,0.1317687536375599,0.010251734371363064,0.6201063054449816,51
SEG_1445,service,10.0,gravel,0.9005285186744936,0.9180251517044621,0.30821137444233127,0.18683738880161238,0.4790057000007705,0.10080855113708587,0.9976680413636293,0.15147807950182046,49
SEG_1446,service,7.5,gravel,0.35290682078105173,0.8814592452191491,0.5768022742263484,0.5422134680746697,0.8711447031715729,0.6254236150387799,0.3417104741026772,0.7219515064118877,66
SEG_1447,residential,7.5,concrete,0.8942306331963106,0.12536690409408424,0.3737895108571001,0.3885745740372045,0.5890049565966083,0.3425108371394918,0.4682780699242999,0.8155479497907598,46
SEG_1448,service,3.5,concrete,0.03370792255337651,0.05205147535413146,0.7848144058083381,0.8415685328684098,0.3245274232419101,0.8226307565073241,0.8137396746496202,0.1073883825800016,70
SEG_1449,highway,3.5,asphalt,0.5046315530198288,0.9616407533197284,0.9551406731935798,0.1821517130754453,0.00917770858909428,0.7191508637280839,0.18244797897761245,0.01963945599816641,55
SEG_1450,service,7.5,concrete,0.9818881343550317,0.4482925779101209,0.30390829166920275,0.9577795199137539,0.15532450631270578,0.5947728988963599,0.8082358632171267,0.7707481865929569,57
SEG_1451,service,5.0,gravel,0.8880328104821796,0.1935448914599759,0.6026439899526703,0.42947558481053927,0.3604521629411406,0.17065463458588992,0.5758485093297259,0.1938914129237711,51
SEG_1452,highway,7.5,concrete,0.1640785452833845,0.5949778365485945,0.09160928582054906,0.8200996972329802,0.4139735567976044,0.6053668411503405,0.8870653101714617,0.1605092896968786,63
SEG_1453,collector,10.0,asphalt,,0.18797437390804272,0.04307646373668983,0.37322657979454643,0.33846958613441913,0.21364071392431894,0.5712289465287756,0.46060455587816085,42
SEG_1454,collector,7.5,unpaved,0.3811218026736216,0.629953107524141,0.4008877439184333,0.16365288386124266,0.7065861901086753,0.33732317481218044,0.2976945440567751,0.32611259187998,55
SEG_1455,residential,10.0,unpaved,0.9332752362822575,0.0553295784376876,0.6345035173091366,0.28037269350478,0.11190479690594779,0.41746242581401527,0.9379028958458543,0.4104286078330137,44
SEG_1456,residential,10.0,unpaved,0.8971106464083073,0.49699967034342485,0.31014228830437574,0.730426285430283,0.6466511458567553,0.6317110412979703,0.23335467022986023,0.6316084288751438,46
SEG_1457,residential,5.0,gravel,0.7299874497629402,0.026449558530795114,0.20784509825025343,0.3034189906179967,0.48652598861675267,0.6194899347919214,0.15451654552168592,0.28545209608667355,35
SEG_1458,highway,5.0,concrete,0.03999627087007285,0.9368357179730208,0.8442210437263986,0.07552034528040319,0.3465024058478362,0.18060140924824652,0.514663731153462,0.41083560982962,72
SEG_1459,collector,7.5,concrete,0.05761058789299878,0.18705941061061215,0.2186372990269072,0.11801379144593693,0.5212980310326808,0.09073197873501415,0.12088349736616189,0.4896513306977808,59
SEG_1460,collector,10.0,concrete,0.49739854273593287,0.31146831861983115,0.27183892646396535,0.23727084861329018,0.4811405057407552,0.4887587680656087,0.5849828634196662,0.8548585396961117,55
SEG_1461,arterial,7.5,unpaved,0.17850177252531085,0.6731544887809484,0.4889382417516033,0.4351910560089166,0.43757560202580015,0.42553148832975607,0.21497351965240818,0.3311903955067462,63
SEG_1462,highway,10.0,unpaved,0.46065740126389976,0.08787636647167774,0.3784487125699144,0.781223204864431,0.48217185856152656,0.44732315094528197,0.0029748665822935116,0.34481619724825086,57
SEG_1463,residential,10.0,gravel,0.29726905570416307,0.23298081410957006,0.09991230999209699,0.1415101045113042,0.44375372106233346,0.5196334086182343,0.45818666195391833,0.39383780690822545,44
SEG_1464,residential,5.0,concrete,0.47513786810754755,0.6990064348604988,0.09796103325594596,0.04747767802837266,0.9916685728795053,0.8727254552167965,0.3444057069683666,0.5137805397780931,39
SEG_1465,collector,5.0,gravel,0.7170127252278191,0.9766377066148021,0.1820870116764728,0.3221442846996835,0.5685788705460011,0.4930665172445675,0.201515527638091,0.3988411828238515,48
SEG_1466,service,10.0,gravel,0.327007352277369,0.352518328378,0.15801829992706962,0.09081839633844446,0.9618305195458648,0.41827489303311016,0.9109704120263014,0.11447700791497462,50
SEG_1467,service,5.0,unpaved,0.03602117705052443,0.9139258598865655,0.02890050344605255,0.5412087724126007,0.9464959254718565,0.4861910949838515,0.7961819763937419,0.7982449412778496,69
SEG_1468,arterial,3.5,gravel,0.9487833550350437,0.9515639104497549,0.22194869501420922,0.023873260632864546,0.9393141728994779,0.7914470936502357,0.9958582369894227,0.09168157889765083,37
SEG_1469,highway,7.5,gravel,0.6807362380386098,0.5857534864125665,0.9088434896684847,0.30002954204379095,0.5905084842004678,0.72554811992812,0.3835371632459581,0.056579713736805926,52
SEG_1470,service,5.0,concrete,0.33421454347407475,0.6466293867274524,0.7975215826661454,0.10878235516537382,0.35443497360097986,0.3413039326007732,0.2152688453261714,0.34432194079649936,61
SEG_1471,collector,-1.0,concrete,0.37517529255849347,0.7744553043340797,0.7761885355678332,0.3626066719392731,0.5588706343385873,0.32670854443029496,0.038448542292753185,0.13849005690245564,61
SEG_1472,highway,3.5,concrete,,0.5973466137249983,0.29670895456271507,0.3062756427549207,0.15641284161402846,0.6622447666936314,0.3338763055462366,0.26499918020808366,39
SEG_1473,collector,5.0,concrete,0.8257622535722935,0.9110741324078738,0.7476043992375258,0.6314978892736722,0.599207081415098,0.8674584505526662,0.24534604742834887,0.5615842710933184,56
SEG_1474,residential,7.5,unpaved,,0.1292488927097969,0.6429344100110933,0.534266118039754,0.2645563476645729,0.5424747684343745,0.4287913139796179,0.39480513187452837,43
SEG_1475,service,10.0,asphalt,0.027093691681087217,0.6359710854409669,0.4224333060055543,0.12210349474825422,0.7791520116556164,0.5327862147412171,0.7182670141197616,0.9691616946099565,68
SEG_1476,service,7.5,asphalt,0.9023745441002995,0.3458829661193191,0.5324707487743177,0.9585320391358028,0.7687036239750447,0.2680293572093322,0.668842996352663,0.48605220754431433,61
SEG_1477,highway,3.5,concrete,0.44777568867894546,0.15771756668272197,0.40033815756786484,0.07358332818626756,0.5145498875958843,0.6968158345752319,0.6871742040533309,0.850192304081239,53
SEG_1478,residential,5.0,asphalt,0.5900757268626388,0.6894303029915221,0.7509008905033872,0.32871429722297063,0.0911039385364365,0.8687342977144193,0.026816068039988927,0.6782082206630708,51
SEG_1479,service,5.0,gravel,0.33923534879912753,0.29108963593987236,0.5812207913488647,0.8196210585388168,0.2916395472963257,0.9612937185989696,0.5628934535060811,0.5379288654268837,64
SEG_1480,service,10.0,gravel,0.7163955375663199,0.20434902775991393,0.35411683690485074,0.03351030993832549,0.3468847384927245,0.42508963810590505,0.5891434909543671,0.6152570831415777,47
SEG_1481,arterial,-1.0,asphalt,0.5344937897373795,0.5897240877612151,0.15850942524793055,0.3786626457856084,0.9797412235326662,0.698975569483268,0.48978886094326946,0.14848294670098294,47
SEG_1482,service,7.5,concrete,0.19035911605058708,0.43434579703469656,0.3235964386283561,0.023111942876233083,0.6556703127173303,0.9748313572454553,0.7930077403237119,0.2924009805615322,50
SEG_1483,arterial,5.0,gravel,0.2852186134066048,0.8135246015102957,0.29339617385380756,0.672272644840467,0.4237961759251425,0.655114648789268,0.4781512997749977,0.6419519439869585,65
SEG_1484,collector,3.5,concrete,0.5868128567364463,0.28971166730233666,0.24137285981319812,0.07805026430857498,0.25550797651353296,0.7668892660149325,0.7630336895483479,0.4900762375699488,45
SEG_1485,service,3.5,concrete,0.6611707909336791,0.9365566163068088,0.9317383553317965,0.17042091695537298,0.23097712091723088,0.07093705801556416,0.625013126154832,0.5399199965473305,65
SEG_1486,service,3.5,concrete,0.9242250673511245,0.7047464190087364,0.46599489269173267,0.3082799376415907,0.45172329288078006,0.7696544488939546,0.4268714509977285,0.30892648139557033,44
SEG_1487,arterial,10.0,asphalt,0.9131646602337201,0.8515719669758512,0.9037019445021154,0.9052212751126867,0.6459130282003107,0.040700536263206244,0.8940699243746211,0.8347783796704404,75
SEG_1488,service,3.5,concrete,0.7213313187480296,0.07710315956227154,0.8237031630335879,0.2968243952863675,0.2383537526831565,0.973098171034454,0.3390206689246483,0.7202497237858148,51
SEG_1489,service,10.0,gravel,0.8205896340579162,0.8493295001018664,0.9530824134188615,0.35069652729624723,0.5311505224877695,0.4185449755975139,0.3977696382934731,0.17243837531224082,56
SEG_1490,highway,10.0,concrete,0.7797263627028413,0.44391143174528425,0.14939956686635836,0.025771057201050773,0.45873263799860264,0.4657408127853194,0.38203018597687377,0.8373641856291628,44
SEG_1491,highway,10.0,gravel,0.19286775538430456,0.741184074823152,0.35267498121887975,0.1375124022038221,0.343854939943261,0.12281457128486961,0.4811302849663681,0.7643440675243255,66
SEG_1492,arterial,5.0,concrete,0.5958514868188908,0.15052186792448763,0.12338780335961119,0.1642977158482145,0.18964307781771683,0.1591522363042137,0.8570626189867112,0.6257533844341703,52
SEG_1493,arterial,5.0,concrete,0.6682311700586309,0.5615290233015366,0.8425922799637812,0.1520803498803126,0.356202360621123,0.22342759154342473,0.9412308662923711,0.6244196659734109,63
SEG_1494,service,7.5,unpaved,0.6405413990991727,0.7492178484506948,0.24027343837528103,0.619303053654799,0.4435921906326099,0.5617427108631847,0.013092459470032791,0.05413610529512625,48
SEG_1495,highway,7.5,concrete,0.9777360192649713,0.8376194427005896,0.0344908311398745,0.15298924254668056,0.3628892764156272,0.9876406545225085,0.656673740574837,0.9344725440585548,40
SEG_1496,highway,7.5,concrete,,0.26648599703045417,0.06807440855705271,0.425534785437498,0.12897321389473415,0.25262841302591177,0.3727595810686922,0.7249769151452623,45
SEG_1497,residential,7.5,concrete,0.2608849835625814,0.55342390555663,0.8048868187721273,0.08991780354954448,0.19112437802440319,0.4977688280938126,0.5620558986555526,0.3393768410797321,57
SEG_1498,highway,10.0,gravel,0.16619826342517197,0.7811677784820599,0.11658354280700733,0.45390319146584013,0.26986944360083776,0.48374461842229377,0.2949914508302077,0.968946601020896,65
SEG_1499,highway,7.5,gravel,0.5228932543591773,0.2858875767873884,0.3128941809240693,0.7923752420590278,0.6591959020633892,0.4620818207225832,0.0991878649765775,0.030293353899702335,53
SEG_1500,arterial,7.5,asphalt,0.5474274454267237,0.6810432982800451,0.45812872568130736,0.4822942261175023,0.1775401572393578,0.2572791402858259,0.7919581656106253,0.47518093323002475,62
SEG_1501,residential,3.5,asphalt,0.2370144334643578,0.2071561107374984,0.27386961745511373,0.588533698878169,0.9674035270144643,0.36863397769425055,0.8265765486029379,0.40474573284103954,58
SEG_1502,arterial,5.0,concrete,0.09203119845285046,0.28726656870228207,0.028977533605123895,0.263977605144477,0.6289200926412666,0.3531953846485394,0.8759090841412325,0.691509042045254,61
SEG_1503,residential,7.5,unpaved,0.9023300059099595,0.9940468434504096,0.4488072455974418,0.7761352781951719,0.17205141049578387,0.7428613988602535,0.6431726109518938,0.8462193362522882,54
SEG_1504,service,5.0,unpaved,0.6687422734196994,0.19027772754080763,0.9947516967220936,0.8791366171851523,0.11087291338377936,0.4306041060429038,0.7620005853554124,0.2504376191761448,67
SEG_1505,highway,5.0,concrete,0.2454933274241441,0.08102815773739935,0.23952346496426213,0.209211461453212,0.9077239271693381,0.8377756476598223,0.6770113575044666,0.9147621643929122,56
SEG_1506,residential,7.5,gravel,0.10202293687308917,0.4823996147772921,0.09085671555310582,0.7099294852206159,0.6225764605153132,0.4739748513628894,0.7905723199914797,0.9247047784259729,65
SEG_1507,residential,3.5,concrete,0.8660879747330661,0.9529250390221634,0.20455405310817532,0.22381120604680615,0.8703720987371275,0.2607773233932855,0.7719163598546355,0.8712893474150172,48
SEG_1508,highway,5.0,gravel,0.9745385285618359,0.8779274737045905,0.3267370606966493,0.4270742224247931,0.9448210148251469,0.5898522311886126,0.3361926452559355,0.5716337857369236,47
SEG_1509,residential,5.0,concrete,0.49372868525845504,0.5802507169671639,0.14993019306340327,0.1365016405254209,0.7640881339046739,0.7902400935410933,0.3270962990280586,0.5607226013405716,41
SEG_1510,arterial,3.5,concrete,0.7836778201773809,0.03872578461780529,0.16272859145256924,0.0021757991096470475,0.07563392259808799,0.9252717295034397,0.25356601682627644,0.7534724070874,36
SEG_1511,residential,5.0,gravel,,0.5443521550781479,0.40206861079145373,0.3617560834841327,0.18650128842830116,0.06940277099795589,0.2802158597582256,0.3084334703087461,42
SEG_1512,highway,-1.0,concrete,0.8974365070653201,0.7739392313666502,0.4401536736122409,0.47109085221380664,0.6366118544330656,0.07460868292778522,0.6744180626514584,0.3196527963568867,55
SEG_1513,arterial,10.0,unpaved,0.84414186616421,0.8907695547737109,0.6311445368927313,0.39669635290636096,0.8348200374463295,0.5155513586500892,0.012062527450817151,0.12280435652391819,49
SEG_1514,service,3.5,gravel,0.020247367623563828,0.7223155571115497,0.5936741399639012,0.8419217234720916,0.7245414286504156,0.5811574496081604,0.02117396277145145,0.07468281125467102,69
SEG_1515,highway,10.0,asphalt,0.6639388538606882,0.531405660487927,0.7487704145939335,0.8178196416179752,0.015398865444364862,0.6554171050140103,0.9981208256550586,0.1984199346676594,63
SEG_1516,service,10.0,unpaved,0.4696004085122778,0.4117112858960884,0.12323665644727466,0.9253065660471088,0.7486029494171025,0.430136986550279,0.19790365477437533,0.5664203096495465,60
SEG_1517,residential,5.0,unpaved,0.6906465810641429,0.4352503598818481,0.61110751857469,0.6112304682269748,0.3959060386251807,0.10687916511756379,0.17801371181466907,0.7029070798082148,58
SEG_1518,arterial,7.5,concrete,0.5004247950372895,0.5670442584537068,0.3461081642919597,0.1167522634689897,0.5641613205058789,0.5263309116956388,0.9106419063645965,0.47758326048933597,53
SEG_1519,residential,7.5,concrete,0.7242534904382771,0.07937964502500827,0.09917451268706245,0.18764082606566945,0.10019867628144763,0.9969832444559329,0.03685055223414613,0.180943324291427,27
SEG_1520,residential,3.5,gravel,0.5301091233200697,0.25448889223082405,0.0704547790608181,0.411434923562806,0.9253088224683701,0.5934303121135655,0.629039259260395,0.09763243025375401,41
SEG_1521,collector,3.5,concrete,0.657461319622858,0.2796358535996797,0.9638560353644469,0.032535684528153586,0.33958306627824797,0.3740211650973472,0.7426688456705263,0.2816179906220555,55
SEG_1522,service,10.0,unpaved,0.03979561489712902,0.013379718420249764,0.4065338636994741,0.35535678847909924,0.7445031632500165,0.2950498972077743,0.46630544116695016,0.5032872999188971,65
SEG_1523,collector,5.0,concrete,0.6839030564586911,0.5522965968727952,0.8530057923974064,0.21014986377508293,0.3008746626961186,0.80845573099059,0.9592581500379277,0.055558573679236556,52
SEG_1524,collector,5.0,gravel,0.4339760397557372,0.27087600112829524,0.31057116324643974,0.7998286497790524,0.4576420922719553,0.28153098981272273,0.3549809500246245,0.3732029713456284,62
SEG_1525,arterial,5.0,concrete,0.22117895086946282,0.21562792383887286,0.08188301550216404,0.938115352518655,0.04025379103674298,0.03978190465257314,0.856524988988483,0.17933515696033808,67
SEG_1526,highway,7.5,unpaved,0.8115996977247939,0.32630656763261656,0.6137264556492342,0.8666986590617024,0.18579243131259227,0.04425064354594499,0.43459041922696406,0.8819036433456148,68
SEG_1527,collector,5.0,unpaved,0.7522680582367746,0.9248824898634106,0.31051047986669433,0.07368173126887434,0.747711997047507,0.9722594923738793,0.7485559322917996,0.6718208236712385,46
SEG_1528,residential,7.5,asphalt,0.37002100887990585,0.17029067299871115,0.2152527475642757,0.4364304892328248,0.28380198408573953,0.4445306999344556,0.20665839217375237,0.6805472672205917,51
SEG_1529,residential,7.5,asphalt,0.43771878551294485,0.45895818839427505,0.3101500771660435,0.4741452287793628,0.7745480316052015,0.09438328348052127,0.7141562002678309,0.36618519682008255,56
SEG_1530,residential,5.0,gravel,0.5919958791762882,0.8488629792999349,0.9862187693123158,0.2009806238988383,0.4336528581093766,0.12387097930727131,0.5900663081889023,0.00899589648097543,57
SEG_1531,residential,3.5,unpaved,0.2600261093164514,0.501080011272944,0.7683957379939831,0.045218368424333244,0.6426833106799464,0.6791050959110404,0.32804517844656056,0.7310337380377124,56
SEG_1532,highway,5.0,asphalt,0.034727356729389425,0.9041704167337291,0.8630539982675867,0.25654798117803623,0.6461943498078794,0.5518571038432464,0.6839558268440757,0.10933978194801341,69
SEG_1533,arterial,5.0,concrete,0.44358286971191263,0.9120151580308965,0.16783032839511225,0.4190233459658904,0.3732415354420926,0.9041998071592099,0.04067362891386084,0.08485682254142402,46
SEG_1534,collector,7.5,unpaved,0.38757498179718086,0.3773319777832421,0.9909887120307558,0.6704286501519363,0.7276243824779497,0.7113325827015128,0.36881579038555634,0.8864410186110143,72
SEG_1535,service,7.5,asphalt,0.5708360415931413,0.4624636400437697,0.5118344864620656,0.22629738295578372,0.11986066367235171,0.5683008642662615,0.664060837167905,0.8557943408632868,58
SEG_1536,highway,7.5,gravel,0.9438922224003532,0.7234288095481438,0.13623375006067995,0.9450837453360695,0.6833683023553395,0.2276756477063454,0.6714577442249643,0.690948422441835,58
SEG_1537,arterial,10.0,concrete,0.37155452770722885,0.7146943163947781,0.836149088587647,0.3961950178778829,0.5493078132156121,0.26831568773770853,0.931211401487981,0.6996273361464083,73
SEG_1538,arterial,5.0,concrete,0.7708265764628046,0.979744701615662,0.8296730751937765,0.4255256930794432,0.16413851114856248,0.43290519346343226,0.19846050126582304,0.481162613750465,59
SEG_1539,service,5.0,gravel,0.8776668038125075,0.4102699375804746,0.1947809558494612,0.2783571317959941,0.1561714755185616,0.9635247425424368,0.5908200625185351,0.6578483785880263,41
SEG_1540,service,10.0,concrete,0.3266380629601038,0.341625932893166,0.952553437041145,0.077504006240945,0.10232200195357244,0.7255951242088521,0.4625734874168018,0.40833781662147495,59
SEG_1541,arterial,7.5,concrete,0.5504517552018494,0.07631070209016144,0.6074828170386585,0.7009562335967527,0.14022642834563825,0.08095235754415908,0.3406041480329456,0.6551089467728867,66
SEG_1542,arterial,10.0,asphalt,0.6682011461095724,0.5182516932431219,0.9167407001286983,0.6272879031554904,0.2350993405137961,0.11549677973937611,0.7605096469788716,0.3921502083997429,68
SEG_1543,arterial,7.5,gravel,,0.2619007722662394,0.8313082258860375,0.44694681848837703,0.4026059550032616,0.3516531175865847,0.5276235022946837,0.41866524056181487,53
SEG_1544,residential,10.0,concrete,0.3525380595517277,0.6457757408679385,0.11724775106304697,0.4240166990655918,0.08581899565042206,0.8454117424910328,0.8693687187220779,0.9430916450630688,54
SEG_1545,service,5.0,asphalt,0.8245812556673867,0.05825743465025168,0.2664281993990907,0.06654911418446396,0.7424120726598002,0.9357939156394603,0.7309508563072307,0.19689585404517773,35
SEG_1546,service,10.0,asphalt,0.564555470313609,0.0045686641783403426,0.9973567640473172,0.9759648226378644,0.5819638570590216,0.9889854940349793,0.8834875104942436,0.05735709333503558,63
SEG_1547,highway,10.0,asphalt,0.7262657021107336,0.036598101181341436,0.5687189578310569,0.6535113134048454,0.6253983931010395,0.8008157909457836,0.9736637831063653,0.9672455598573811,60
SEG_1548,highway,7.5,gravel,0.044150657764856494,0.028069318169959168,0.6756157889964648,0.6098378260636234,0.3613126256723048,0.7818865221775813,0.8381620542553601,0.6421785851673143,71
SEG_1549,service,5.0,asphalt,0.5520879062537098,0.7985897195039808,0.8922620259617857,0.11766969663229776,0.7132316300799312,0.9464529973286875,0.20187505203643807,0.3931058725651174,53
SEG_1550,service,7.5,gravel,0.2602505540941078,0.4966591314475207,0.9844071731660697,0.1068859261920101,0.6847284761350511,0.0999952012350277,0.7583699539510919,0.2552550951042236,68
SEG_1551,service,10.0,unpaved,0.15556733951957746,0.7188016632930495,0.48740352654451646,0.8994849686948528,0.8529257548373697,0.624121377143599,0.7314448951948511,0.24501520952325728,71
SEG_1552,service,-1.0,gravel,0.36404276166525384,0.19490830375702473,0.3113947152012856,0.8682517497685424,0.14504408322365936,0.6424125339032717,0.5498623751743186,0.5573607442512495,63
SEG_1553,arterial,10.0,asphalt,0.272232578972213,0.29567384834598875,0.7755533151796843,0.07164301852503396,0.4992547536089509,0.1813655167181606,0.732725121760119,0.3648453957860327,64
SEG_1554,highway,3.5,concrete,,0.9016470224465978,0.5363963296078784,0.9229256958548906,0.5509269136761341,0.8945248607826315,0.23444275841455187,0.4948065928657557,53
SEG_1555,service,3.5,asphalt,0.9758695839006396,0.464251385276956,0.5332517026977398,0.7877792400161565,0.9986527553598258,0.17805994057056684,0.1426180795090528,0.12688873546252144,52
SEG_1556,arterial,3.5,asphalt,0.08989792637973604,0.9138182186125778,0.7857745056142121,0.7345293108910969,0.7386092050877492,0.3333280569743069,0.07785384232296677,0.41433321687039737,76
SEG_1557,service,7.5,concrete,0.8140738874636771,0.5294901120501266,0.1279377523188966,0.0013075199026962858,0.6239796814871702,0.6598429112538569,0.9753079405550539,0.4244655234511494,40
SEG_1558,collector,5.0,concrete,,0.26580605548994884,0.7498608088191585,0.7680078766045552,0.7577051920011224,0.07517390830261961,0.3535343691703896,0.27999017568303974,57
SEG_1559,residential,5.0,unpaved,0.18964408079984385,0.4165838927819875,0.8052765870957975,0.5673096506348676,0.8613164865134102,0.8686874107809542,0.3123232653709229,0.07361660472648046,57
SEG_1560,collector,7.5,unpaved,0.8027596418516447,0.5462308356463753,0.03147182273041871,0.7178934189926275,0.3221216561017529,0.27436680286712367,0.75039565361711,0.1865405932926043,50
SEG_1561,service,7.5,unpaved,0.5062572338293833,0.7856223726181439,0.7404095283072474,0.491455247380157,0.3731377150956121,0.8465208211433368,0.7353524786009129,0.8195330764404305,65
SEG_1562,arterial,10.0,concrete,0.7438301134575361,0.596598333332357,0.9971346837428341,0.12541446424472114,0.6786771089989871,0.02370653929275124,0.5999774101641603,0.9526079045370297,67
SEG_1563,service,-1.0,unpaved,0.450523392397176,0.8619481459811792,0.7323301262334382,0.8668875147184985,0.43470505198870335,0.6255456629719156,0.29504497434694854,0.35514205440747715,68
SEG_1564,residential,5.0,concrete,0.9580494779838983,0.8609585468986523,0.5901379211493336,0.9970680994417216,0.1689718948390203,0.397406714825143,0.5256322790082764,0.8485672462812444,61
SEG_1565,highway,7.5,unpaved,0.7375524291984116,0.35981580661539236,0.12349531016919058,0.2037725291205439,0.29523094324571975,0.6690882279292394,0.18520232246204948,0.35480225238693897,39
SEG_1566,residential,10.0,gravel,0.7727159049601777,0.5498780574850713,0.8855205643293809,0.22996691178113848,0.41173030345388784,0.9549055342739203,0.9169549410966417,0.5426534096767885,49
SEG_1567,residential,5.0,concrete,0.739172196444,0.4558257864719162,0.6933804739631219,0.2441230564617598,0.8828148857685425,0.7989187279339852,0.9186667825993944,0.28083530255908795,45
SEG_1568,collector,3.5,gravel,0.4005600005283768,0.6103187571577708,0.7785596948710651,0.5855493527446152,0.14803416250548074,0.09694365828682894,0.7175608929172764,0.9938725036382782,78
SEG_1569,collector,7.5,gravel,0.8591991390241419,0.7560041019611775,0.6551660177666931,0.10253767372985956,0.5651099299605347,0.6100326775474948,0.3971484065617569,0.8346803403308197,52
SEG_1570,arterial,10.0,gravel,0.2926112163699285,0.8609807920474577,0.8649951311652638,0.6564140596643571,0.9131077604241647,0.008594855101233478,0.25491790130931535,0.12567130101034718,73
SEG_1571,residential,10.0,concrete,0.4238528625020307,0.3769405768731583,0.5486307514713589,0.7864953120401129,0.32634587973178375,0.9596465859648982,0.8783716902087478,0.5939374947978654,59
SEG_1572,highway,5.0,gravel,0.7170931243649729,0.30176803450823453,0.4844181096795339,0.2681027989277719,0.3606566252335852,0.9123422889045808,0.8915141537800291,0.8265082767859623,52
SEG_1573,service,3.5,gravel,0.20026221774993824,0.697158778732967,0.0894167455461703,0.34809972865916494,0.5772711227186882,0.2971667576499287,0.9780090662460701,0.5195734394976107,63
SEG_1574,service,3.5,concrete,0.7300468021459576,0.6338916427778539,0.8799279573934651,0.14756760690865844,0.9669116648258327,0.7153372739228818,0.8684375648169849,0.39573404316848515,55
SEG_1575,residential,10.0,gravel,0.4471910791661088,0.16926716216434712,0.7499683505528,0.22050769943538862,0.6631452211694843,0.27490748489754047,0.2812380693012074,0.40128418091427265,54
SEG_1576,residential,5.0,concrete,0.06474205581322323,0.6836674563313457,0.582171687177921,0.11921628745533752,0.4176547857263043,0.62578371810373,0.41916591212058907,0.8981233887391125,62
SEG_1577,residential,5.0,asphalt,0.6329233791993873,0.20415264106361075,0.538170153880951,0.8463104099879443,0.16342114646837647,0.6699209954359223,0.7665428807085145,0.28355752575799054,54
SEG_1578,residential,10.0,concrete,0.5363731111406529,0.9559193104661715,0.29552442360661946,0.11059168399130437,0.8475271384609573,0.365807518143039,0.3841862883435838,0.3858650587668898,47
SEG_1579,service,3.5,gravel,0.07253598870472244,0.7784490865011289,0.18229183295752227,0.4339473468174396,0.36257459047301044,0.9355191688313683,0.9171198170460744,0.08056890703226272,57
SEG_1580,arterial,5.0,asphalt,0.29870600334226216,0.7410766389767461,0.38499129220590944,0.18680532038386144,0.5699360212034816,0.39897472798044953,0.15574862940417777,0.08511737176978129,53
SEG_1581,highway,10.0,gravel,0.5775597462545822,0.9474739483839274,0.4147240398869123,0.7111031057276272,0.15637937419997539,0.25178593147633466,0.5776149634978778,0.049985162053531984,60
SEG_1582,collector,3.5,unpaved,0.3053365628864647,0.4520238329106102,0.8354827755581795,0.9399881830250867,0.09350944522890547,0.9780748829855339,0.16700199374336544,0.6504673958290048,70
SEG_1583,collector,10.0,concrete,0.9394288086460868,0.17331263006199304,0.0733509502696249,0.5283788712919139,0.145001754554813,0.6562990981601562,0.22738432209791182,0.4944226424184083,40
SEG_1584,highway,7.5,unpaved,0.7478835518488447,0.5455065430571221,0.15083728359162518,0.0046411176294348655,0.07245367552868953,0.004946432619923002,0.7600773849852751,0.2821060555455146,46
SEG_1585,highway,7.5,asphalt,,0.10779009459920963,0.688465732275054,0.059492556558875975,0.9059343648155964,0.4536756293915607,0.4413727265341054,0.0252678558863193,39
SEG_1586,service,5.0,concrete,0.02737516993414224,0.3198836136026094,0.24123858017290667,0.5071729363147066,0.016899123525129567,0.8140115284821633,0.9424497539613678,0.6355565208952614,65
SEG_1587,highway,3.5,concrete,0.21563339272899773,0.2479313982699024,0.8405474060863012,0.8338320390853966,0.9054800876837146,0.2853940910877373,0.7546613675159949,0.27985492821847446,75
SEG_1588,highway,3.5,gravel,0.8291649488622229,0.32221016850472506,0.5850118704316247,0.8569937045803756,0.964111773144913,0.9175854871695386,0.9412641283342006,0.641365671950978,58
SEG_1589,highway,10.0,gravel,0.05112486823060891,0.7600922573518638,0.00558042848741358,0.2387802787475014,0.24574760105004745,0.21738561174611293,0.6343438050098414,0.1256041613694019,58
SEG_1590,arterial,5.0,asphalt,0.4710228612316518,0.05918369443382632,0.7027643633114965,0.9313292089578703,0.9306806794439808,0.05419624665537304,0.40464356087808884,0.8577202477140253,75
SEG_1591,service,5.0,gravel,0.8014813216156969,0.946347203970759,0.3182360341929509,0.03293337333436841,0.3690511600300622,0.6424188708452765,0.033158350883920606,0.9676697827540175,47
SEG_1592,collector,10.0,concrete,0.11125944930921117,0.5105965636803075,0.2918162014502872,0.8122150199942735,0.49137802544205156,0.7186363812358626,0.960763720511661,0.29674623574965875,67
SEG_1593,residential,7.5,gravel,0.8328724355583899,0.5769932364066076,0.8430398014034053,0.4154244229742404,0.9087122889624102,0.144020418374031,0.19100390583799176,0.49216635864913405,54
SEG_1594,highway,10.0,unpaved,0.38195491887777133,0.8714392649631438,0.7706450272122983,0.35005658573968934,0.20085534752662892,0.15771984573048903,0.9431712107023433,0.9021328776642522,75
SEG_1595,arterial,3.5,asphalt,0.1931439688561003,0.5030374173610224,0.9861203814500195,0.20584099709582704,0.15960237134638733,0.4240453765877884,0.21359150104121039,0.8374225839079864,71
SEG_1596,service,3.5,unpaved,0.21304385442129714,0.08078957279817789,0.8395865769949573,0.20211204402196492,0.07868565137418027,0.7350152132204004,0.6342411791334939,0.5839406821630431,63
SEG_1597,residential,7.5,gravel,0.831029195043508,0.8781464215594531,0.8874815585366824,0.8576206552727448,0.6933535281847386,0.744968453521656,0.9517339203113822,0.885146302757267,65
SEG_1598,residential,7.5,gravel,0.8712287089116102,0.15186216473796244,0.6279322551642783,0.8425716768515966,0.582697321720504,0.577245435500484,0.07562711887721418,0.9694727831282466,54
SEG_1599,collector,5.0,gravel,0.08741646797994973,0.9391665980302458,0.8879568850943185,0.45459261920427163,0.625945581317565,0.45922138142894453,0.15738506412587827,0.4437182915999195,73
SEG_1600,arterial,3.5,unpaved,0.7967022162077515,0.962207613036719,0.5376475755039254,0.2618201038376813,0.8805189408244464,0.2143679369693241,0.995127677778028,0.09137218192417396,54
SEG_1601,residential,3.5,concrete,0.7453105218474333,0.2272993764512533,0.2575069174892616,0.4913532289273965,0.17055249102648984,0.02492766132182256,0.3458781208961377,0.836498256207623,52
SEG_1602,residential,7.5,concrete,0.17220701812903383,0.08528837795548261,0.7157798347667534,0.9238602095146018,0.737555042743522,0.9605861262787182,0.2047121791177159,0.801731706094278,66
SEG_1603,arterial,5.0,concrete,0.41156568911335,0.37728728872870376,0.022889085669675402,0.24073132240124873,0.9325957131347695,0.3569207228150665,0.7925335216555379,0.72796829455759,55
SEG_1604,residential,7.5,gravel,,0.6711717628185329,0.03297048035629324,0.8336428929470006,0.9223590761665416,0.9395139751102112,0.8156265322664432,0.36433573589876456,39
SEG_1605,residential,3.5,concrete,0.7885692670364549,0.8842370902716031,0.08690268561870063,0.5025383130034773,0.6892916338152842,0.016699818293610003,0.00950194714387309,0.09370797284140231,43
SEG_1606,collector,10.0,unpaved,0.4119890989652003,0.8929126338561028,0.8110937567207465,0.5281487598931255,0.4881164684057586,0.2020004566204081,0.7763994480077284,0.5298967486857183,73
SEG_1607,arterial,10.0,gravel,0.6633478509465867,0.7572174454408638,0.33357293828056045,0.7259956232134994,0.8500471685132049,0.8562885240812133,0.555469917973729,0.40058882574233967,54
SEG_1608,service,7.5,gravel,0.41938522758806696,0.9049249061542463,0.6977706126604118,0.5724085815427117,0.5991695150849464,0.5540502437823395,0.5091386947369967,0.2810474910516584,65
SEG_1609,service,10.0,concrete,0.5135359880941921,0.768031827093215,0.39165349504296365,0.3897741444553513,0.8157010249637362,0.5053626388146572,0.9000591037140636,0.4980685217643773,59
SEG_1610,service,5.0,concrete,0.36780945632862083,0.7738515905590816,0.5548725677505456,0.8437595713265484,0.051738651203432795,0.01726667641887003,0.025382374925172813,0.7124983420172726,74
SEG_1611,highway,5.0,gravel,0.9827105049197943,0.7489031910342666,0.3512572079380514,0.02817609156317058,0.7840713715800098,0.42871470014094715,0.2923030834476653,0.18152909643175352,38
SEG_1612,service,5.0,unpaved,0.7517399852716726,0.6802766556902241,0.32476948575402576,0.5324369463025307,0.604652985587526,0.32571451566594134,0.926825188167719,0.8868812823613682,61
SEG_1613,arterial,10.0,gravel,0.5949622524925654,0.08497835515986496,0.07043341019375371,0.9570429953088285,0.24816868389352453,0.4657114682469651,0.5258910171688296,0.12800237869963194,53
SEG_1614,highway,-1.0,unpaved,0.3850032737070892,0.422631914327913,0.6165691153981339,0.7590709025552598,0.13332393712985902,0.014563271252600596,0.894744380213785,0.08264876887586736,70
SEG_1615,arterial,10.0,asphalt,0.5515144167608497,0.2562872510317111,0.13260146911326176,0.1176912008177653,0.473776633287897,0.9987079166593583,0.07383397763986266,0.4773339914840503,39
SEG_1616,residential,3.5,gravel,,0.42877757360162005,0.7143568063121807,0.4511755118692974,0.15285243707502427,0.19963486562946453,0.013443940462053217,0.32381756291299846,45
SEG_1617,residential,3.5,asphalt,0.13302927873321524,0.12133526137885087,0.49775655587225853,0.4501839641869938,0.6191371126128997,0.27824986042050137,0.27705293337182235,0.7346018915635778,63
SEG_1618,residential,5.0,gravel,0.6443041195813893,0.8821374678211683,0.607017772840427,0.5592298238690374,0.9073108398180538,0.5197713047925518,0.16181109781431202,0.1948409355421271,51
SEG_1619,highway,7.5,concrete,0.9269164696702695,0.2815752475413623,0.31491554600284655,0.3885938260736794,0.01632195745320797,0.4813674151319214,0.5945131114379081,0.07811447347294098,42
SEG_1620,collector,3.5,unpaved,0.3865554379043771,0.6971169752893503,0.05411541019356658,0.21443043728221844,0.8968703185869545,0.9345480096339894,0.4745016584495475,0.6720843911432904,49
SEG_1621,highway,5.0,gravel,,0.7031335045302,0.8963687279144557,0.16998448058111548,0.7594987731175548,0.21240906193164233,0.8402259450101165,0.5233268001240471,56
SEG_1622,residential,7.5,unpaved,0.8211345586432309,0.9040893725531363,0.36529895252380273,0.07674687575397121,0.21377864016781623,0.7720306836194577,0.45555401873643175,0.7626979382100061,41
SEG_1623,service,5.0,concrete,0.3752623777475964,0.9223625125294284,0.36988520880467357,0.1785232235679698,0.2691897715936584,0.0639686815719468,0.4347696039691341,0.8932333704647121,65
SEG_1624,arterial,10.0,concrete,0.5723068601430973,0.7587262849973612,0.35158243304049885,0.9320120987575556,0.07948407901988774,0.13390689123652078,0.5040677597056412,0.8516474887835861,71
SEG_1625,arterial,3.5,concrete,0.7173379816295908,0.09856837128548512,0.08575305146580314,0.9755745802649889,0.6714509275439938,0.49544864879903894,0.003846717691802448,0.2142687386487555,49
SEG_1626,residential,10.0,unpaved,0.8861266049853024,0.9780112410017231,0.3289365327672841,0.4849544001441828,0.9412586515784406,0.3914927649082959,0.21778375647920434,0.8394461295502925,49
SEG_1627,residential,10.0,asphalt,0.5572441431801537,0.760002342523591,0.07704820874949714,0.5374998468498198,0.5692975243245613,0.7498612990702663,0.23917826193443326,0.23843838959496477,42
SEG_1628,service,3.5,gravel,0.11488117452532598,0.953016005135677,0.6759140119300507,0.4717031029253218,0.837226105245978,0.2771368510524015,0.16937395487025475,0.5278275611278347,73
SEG_1629,arterial,10.0,concrete,0.6911861200243916,0.5857061146297833,0.7487280433513505,0.5323164915467121,0.922758860921268,0.7826717255071234,0.02505414423074248,0.18250853098231434,52
SEG_1630,service,10.0,unpaved,0.7709272926183913,0.5724468491425716,0.5519405815133644,0.2618340682534316,0.48083560924465407,0.8009237589770254,0.7232476573179164,0.4352843551045924,49
SEG_1631,highway,5.0,unpaved,0.7165038735989215,0.5261978071123787,0.23901645267736382,0.27934749014958726,0.003409214814593442,0.9534564415436538,0.4603305344385342,0.40421105351211717,42
SEG_1632,service,10.0,concrete,0.1976521651751909,0.07517666124477773,0.4553964653793051,0.17424396069793646,0.11328397193891526,0.5192259828713023,0.9838451022362878,0.11031749391317947,56
SEG_1633,collector,10.0,concrete,0.6236688299422842,0.6133795903982157,0.22408164893194682,0.47642980459327466,0.8784716953456758,0.6612019820836126,0.9320087008503319,0.8213501536973815,57
SEG_1634,collector,5.0,unpaved,0.2061713596989454,0.35346291256502316,0.9259511757147398,0.3598427248273146,0.7560252767883683,0.2518206971287156,0.3859263373114702,0.8094939202513813,74
SEG_1635,collector,10.0,gravel,0.2180819291046171,0.3407347739382067,0.4436890099324715,0.08128790828027976,0.9116870362483969,0.8170490126756732,0.9781778702409762,0.4758450306374945,56
SEG_1636,collector,3.5,asphalt,,0.81586314944783,0.2276598348943808,0.919268925470976,0.9460391938413093,0.8421540183519497,0.07540413854054606,0.10660849975152908,44
SEG_1637,highway,10.0,unpaved,0.399149308840709,0.019074485007658737,0.5744131414100144,0.7002386788021384,0.2474147912611775,0.22144237423991375,0.4078068692028113,0.18183807738214142,62
SEG_1638,residential,10.0,asphalt,0.46217445449382955,0.21947452297686265,0.4385695689455412,0.07122094636093768,0.04673731792866187,0.5637027426298803,0.276135039005057,0.18953249793052718,42
SEG_1639,arterial,3.5,gravel,0.07557684247096264,0.5286021250526973,0.5851510964119468,0.40841857374425705,0.6177801340545398,0.2526372824823635,0.9215922551115916,0.9092886401217851,77
SEG_1640,residential,-1.0,concrete,0.8400804082900305,0.2239769732964707,0.2825226120050158,0.9815895090139065,0.5206171016858709,0.15063320408265468,0.028947964072197463,0.5877575024077366,52
SEG_1641,arterial,7.5,unpaved,,0.9672938699858827,0.49415832224266654,0.2381115710938193,0.5196745194002464,0.5265419570491775,0.30927917474429756,0.330668842326616,45
SEG_1642,arterial,5.0,asphalt,0.4459279246473963,0.32933688728073074,0.1521629764393273,0.443605422127071,0.09793135229189653,0.9589171144560344,0.23675678541392098,0.9336832557437187,52
SEG_1643,collector,10.0,concrete,0.1878131622078948,0.4732986276580812,0.28965220299801375,0.4664219117014332,0.39533910025362773,0.0296902274221148,0.7214638612460409,0.9127532371183845,72
SEG_1644,service,-1.0,concrete,0.7684489030490964,0.43598739101553685,0.04525525413525744,0.34317011045171664,0.34985287538022225,0.935276703331174,0.4331940077427755,0.14441653618458627,36
SEG_1645,collector,7.5,asphalt,0.09602074500254809,0.213196196258312,0.5440410271974544,0.5652883328375135,0.940700466680931,0.6412722465784095,0.6755880442991106,0.4403215987838326,67
SEG_1646,collector,10.0,concrete,0.49915431870476434,0.91233839703769,0.11373828460652291,0.5369458949361918,0.4061402524617208,0.5566778446036653,0.07874850369503306,0.4098928077340396,53
SEG_1647,highway,10.0,concrete,0.49913332805522603,0.42041430733192764,0.4763226937423236,0.6404160294815288,0.9732997548158613,0.41066281267332694,0.8792761274505211,0.0773600378066035,59
SEG_1648,service,10.0,unpaved,0.8290804108000343,0.4303712811834498,0.6769653236038794,0.16662726233910763,0.8184226205834515,0.5910781191534235,0.7260870687846122,0.3745095855825319,49
SEG_1649,highway,3.5,asphalt,0.3977556931840035,0.24934546490260912,0.616475391787693,0.6879003007642239,0.059168898120959046,0.01266397821440457,0.5751479736173323,0.7899907932944533,73
SEG_1650,highway,7.5,concrete,0.14817140776676618,0.9958732453323349,0.3115954428262323,0.5296007309199159,0.9170876521797561,0.7575269173710782,0.8955314560422634,0.2844920724293003,64
SEG_1651,residential,5.0,gravel,0.5433565330706488,0.35281318636537706,0.9852963447204723,0.16954137769666888,0.8431197498489041,0.6039287943417604,0.5678232802886506,0.6003250378946404,56
SEG_1652,highway,5.0,unpaved,0.14646424057434415,0.4644469629657686,0.10824686037720599,0.1470514066023555,0.2979813745308506,0.2345534716801455,0.5670676713362858,0.050140856239901166,54
SEG_1653,residential,10.0,concrete,0.7260440926342772,0.15634126880934918,0.7701557872968505,0.7331072746329177,0.6281517812790087,0.4659128083896731,0.8020693717005094,0.43588569705378144,57
SEG_1654,arterial,10.0,concrete,0.5027316690747926,0.2150036681286981,0.6807446334056386,0.13088511183072105,0.9081543720449213,0.3955906796234755,0.19295685705875998,0.3181591059949467,53
SEG_1655,service,7.5,unpaved,0.5614701433224611,0.922886569932891,0.6521870724590605,0.05817402660488491,0.7725730191050583,0.38066118352948963,0.8415799388586324,0.8853007589545392,63
SEG_1656,residential,3.5,asphalt,0.590045818721821,0.29209529822384783,0.08921624916802606,0.6090917657541476,0.7941854471084635,0.6845915634253004,0.5413353402565703,0.026524796674027407,41
SEG_1657,collector,5.0,asphalt,0.20248696319002124,0.2353936207473596,0.8304781461672012,0.9782858514061168,0.25594415279075056,0.8560980690832766,0.038803975902678256,0.21897718115059572,68
SEG_1658,residential,-1.0,asphalt,0.7275953826586996,0.0870675134367429,0.582797766334085,0.20733032022896425,0.6483879540325428,0.49799702529200895,0.3183617785473357,0.856819408118041,47
SEG_1659,collector,7.5,asphalt,0.2850391585780564,0.7922348639508373,0.8219994874609379,0.10274288082899774,0.37583996604275305,0.8531723291871146,0.8590079603976114,0.33879839820910906,61
SEG_1660,arterial,7.5,gravel,0.6336185495244697,0.6099883704074495,0.5027364213491136,0.6058139476332157,0.587990244733229,0.12386337782956891,0.8125486495761954,0.9333089878123692,69
SEG_1661,collector,7.5,asphalt,0.7128403250355378,0.588076656760157,0.5105415820344534,0.12433401605306837,0.55472925632104,0.6868520686625165,0.8474459376950743,0.39915456494688184,49
SEG_1662,highway,7.5,concrete,0.1323324971045028,0.3619683846311881,0.48728750512130237,0.1579097511251033,0.04823241207337181,0.6415450479725,0.06850990832642245,0.19849527552053237,54
SEG_1663,collector,3.5,gravel,0.011990111326798836,0.22003562231738794,0.4656661220301537,0.7299037053258646,0.05679648602469067,0.504649249836478,0.2250797063652452,0.9804136539693489,74
SEG_1664,service,10.0,unpaved,0.16161069779779913,0.4547438407306954,0.18160709873431824,0.712087542958629,0.13636328290934352,0.9625679278681818,0.3344567524975296,0.980614496226493,64
SEG_1665,service,10.0,concrete,0.15318451089765717,0.9805050577307016,0.5511287010591834,0.4835440479649791,0.5702233473398074,0.1886520142449295,0.18001563495907602,0.563852118878142,72
SEG_1666,residential,3.5,unpaved,0.04081844427525638,0.35328031857973774,0.7079196402546655,0.1368290252804475,0.2928361105382533,0.03392464971634612,0.921364901830633,0.40118036712579386,66
SEG_1667,service,7.5,concrete,,0.2858774877807536,0.4901087556167121,0.8951755572220289,0.16846183298603046,0.8335720208330819,0.46371086424888686,0.11313637239088581,47
SEG_1668,highway,3.5,asphalt,0.47222724439091557,0.11834540986512143,0.499817365980885,0.7630038733087388,0.7633372907697488,0.7093064782735898,0.7969068990575434,0.1977521175592688,58
SEG_1669,residential,7.5,unpaved,0.45629869656090505,0.49148935682203587,0.3699518565500274,0.23509029663889924,0.29357270317318995,0.03150498750564312,0.5385186732291289,0.39335234769325744,53
SEG_1670,collector,3.5,gravel,0.5347548730956742,0.5380347924557138,0.967984862793747,0.07588019402806134,0.6931582109746915,0.25933558866222695,0.9853198428852278,0.5145829000382204,65
SEG_1671,arterial,3.5,concrete,0.17222857874338315,0.5020396244829061,0.28360274264213103,0.7097312185478463,0.336587721407517,0.11149914662714189,0.14488206433423867,0.8966472192781723,72
SEG_1672,service,5.0,asphalt,0.4935545973188007,0.8131447484403572,0.9289941173539931,0.1637479898077412,0.8915512507317047,0.4330535668572707,0.5448553798050435,0.8813046624185124,67
SEG_1673,collector,10.0,asphalt,0.5723576194121884,0.18377422498344242,0.18231729133056984,0.08328737585472379,0.07698635934507314,0.8316490425632898,0.03212658205809338,0.5282830224132832,40
SEG_1674,collector,10.0,unpaved,0.048726805337935386,0.98239866364501,0.03418127039073471,0.47979927604421146,0.6089451961421293,0.5053206487994647,0.060042973199421756,0.3918885120533515,60
SEG_1675,collector,7.5,asphalt,0.14176553304203288,0.3596170324723058,0.6865598227050156,0.21573422841965006,0.12852682749642375,0.7494551985148777,0.692581699612146,0.9850085557399285,68
SEG_1676,residential,5.0,asphalt,,0.8215584145891838,0.5469601579520359,0.09139545774068825,0.6405943964249979,0.399283978149638,0.2489540563960675,0.021683645647686767,36
SEG_1677,residential,5.0,asphalt,0.3781960964382587,0.7084437141968903,0.9020969132975551,0.9997718548228138,0.7548371600951495,0.9485283015667295,0.8641249659300212,0.653734827896971,70
SEG_1678,collector,10.0,gravel,0.817254092047213,0.22015808157661287,0.048956286890763256,0.716167040333171,0.9571992108585646,0.3819309000268203,0.6490982592626169,0.43818549401419604,50
SEG_1679,residential,7.5,gravel,0.7735700922674986,0.21147096256017395,0.06112907558084979,0.6692735235249534,0.9696738761871619,0.5076621580428784,0.9144179569998254,0.13446488909032928,42
SEG_1680,arterial,10.0,gravel,0.5302159458056555,0.4329282022689248,0.40124624745059556,0.5659121334448843,0.583336087856887,0.6557609844306013,0.011720731696889697,0.3934388183360098,53
SEG_1681,service,5.0,unpaved,0.3211174443032043,0.6280180480645792,0.1576890417228365,0.20310242646068488,0.5452057317572035,0.8884928710407973,0.4451565461844458,0.27792952595870146,48
SEG_1682,service,7.5,unpaved,0.4207022718640483,0.3852331929273305,0.060838550094926225,0.8185301490908529,0.6335028478378586,0.47877167945449395,0.13790377284509858,0.21938526629891597,54
SEG_1683,residential,10.0,asphalt,,0.5520132897574093,0.8592401392918662,0.6410065993133894,0.9490478740483477,0.9675555707197605,0.5627691458694747,0.5227403862887573,48
SEG_1684,collector,7.5,asphalt,0.012933087043948355,0.2165181751802342,0.34301937023140383,0.19934162076232365,0.8351126115359244,0.19385293792331992,0.2543854535845994,0.9831229053823691,68
SEG_1685,arterial,10.0,gravel,0.19005412315405024,0.8366004893896465,0.14706449224410412,0.6002600613158402,0.2819749432134677,0.8321765826340922,0.5778698937779079,0.9869111959073995,66
SEG_1686,collector,7.5,gravel,0.8238170584050492,0.6550657201036129,0.5669093619092855,0.5398830368904203,0.13253379458734904,0.5532171324855593,0.9397333701143604,0.29780808414656645,55
SEG_1687,arterial,10.0,asphalt,0.09573497429407851,0.4898713189864816,0.395179677086952,0.43870998749772483,0.6039827363397777,0.4608290480139833,0.01493954247144702,0.058021573031530105,59
SEG_1688,highway,7.5,gravel,0.8221122401105855,0.43296011397918777,0.6128369663555494,0.9505861899543206,0.7967278382319571,0.7341095398059316,0.5049667406907813,0.5197890600750409,59
SEG_1689,collector,10.0,asphalt,0.4804555021231194,0.4352921930476539,0.2846195211446704,0.2212864270740632,0.5154665261283247,0.6359068940331498,0.798614917622559,0.5634897156848839,53
SEG_1690,arterial,3.5,asphalt,0.8069498170310061,0.1552501732408278,0.7479432244332622,0.09559871711820878,0.5232671178406092,0.3811302788731311,0.12641141173102965,0.10442824262535277,45
SEG_1691,arterial,3.5,concrete,0.7740750889259813,0.024972374674874342,0.7048943815932751,0.764948346896706,0.5813734593418434,0.4291988844915129,0.6570519217825633,0.026944119289487034,55
SEG_1692,arterial,3.5,gravel,0.4431517988603927,0.008691044456510588,0.5007220093763992,0.9540074688311122,0.0032319019918163328,0.44124639407584454,0.06041609357487965,0.5327114340167305,64
SEG_1693,residential,3.5,concrete,0.22644467005820568,0.8196183494190151,0.14596134293039775,0.9864978356569233,0.5596461523488252,0.9080548246552264,0.15339519419054704,0.6935118299979406,60
SEG_1694,service,3.5,concrete,0.6185433344024717,0.564570928921303,0.5029379104707445,0.08313488494288013,0.13508666352594012,0.9083279525039425,0.7250239823679885,0.19710569158201752,45
SEG_1695,service,7.5,asphalt,0.22426143536419219,0.9769768718542977,0.8169956347673091,0.25783945701961974,0.6714532038306303,0.48241363824821315,0.5048257602919876,0.2965640560163504,67
SEG_1696,residential,7.5,gravel,0.5868493680077456,0.9762191962922191,0.8705984991896504,0.13371980319542276,0.7235974438019314,0.6239869971936273,0.3632513066902088,0.7573592178314645,56
SEG_1697,collector,-1.0,gravel,0.18173566656638862,0.2752757244717672,0.020369066843022643,0.6273644141528429,0.02227172442357339,0.49438790814383793,0.5066319847508277,0.37469822846102707,58
SEG_1698,residential,7.5,gravel,0.34258109068930453,0.8275934929615556,0.24002875659966239,0.7339070215911366,0.312592950496988,0.5725075199986627,0.8010826674024556,0.5438860339213829,60
SEG_1699,service,7.5,concrete,0.7709142312015744,0.6047185715430968,0.5645608081912821,0.16654428305087454,0.08277839797292907,0.5515519243040775,0.5479875894979076,0.07990690439815895,46
SEG_1700,arterial,-1.0,unpaved,0.5107414915466115,0.27921971786249444,0.4227057210650552,0.44134824741464984,0.4249752019339762,0.06766534472969887,0.38690126165481054,0.6511557186137902,61
SEG_1701,arterial,10.0,concrete,0.2109429863629988,0.3577900790988289,0.9697999619506834,0.009425186204240155,0.9487977245877308,0.3146290243158081,0.7410555483269133,0.1311639074907216,64
SEG_1702,highway,3.5,gravel,0.8886452792501923,0.4455030873746545,0.05286830929645869,0.11250251516683052,0.36249137675106646,0.06900841595133378,0.032683228701756106,0.920453177729345,45
SEG_1703,collector,5.0,unpaved,0.5622590788939033,0.15587487845279246,0.13790358035755923,0.20841296043269242,0.18867673640269644,0.3639956745254972,0.5441813002245465,0.06469762724212591,44
SEG_1704,service,7.5,unpaved,0.00033824150637240535,0.15162727021171907,0.7652459549909273,0.24762160688043966,0.92172037265219,0.47529722374217354,0.39149996013895727,0.37410398635070563,66
SEG_1705,residential,3.5,unpaved,0.7429606589570346,0.5706245665411317,0.4407617801789798,0.44898096568553447,0.9125323358725884,0.1670553948824256,0.18847682468860116,0.4132013762697945,49
SEG_1706,collector,5.0,asphalt,0.4153977103916161,0.7106342081437539,0.4436653629754791,0.24169608214277105,0.13375890594497752,0.09860371580924931,0.7492511846193298,0.33942836930692344,61
SEG_1707,residential,5.0,concrete,,0.27145402780960504,0.5839222062777119,0.6313111607244802,0.4242436728106277,0.7580264150413143,0.06968793905614457,0.8965595989927594,46
SEG_1708,residential,5.0,unpaved,,0.4947684703264734,0.3056202516778873,0.8644766657421034,0.9013603971121212,0.7206282715849402,0.07241867979914707,0.6616670614184244,44
SEG_1709,collector,7.5,concrete,0.9159368955473751,0.9512153230914318,0.36454387928627496,0.9142500861410198,0.7972528694544065,0.6796093394692936,0.9107216402340094,0.8860745589188632,62
SEG_1710,collector,3.5,asphalt,0.004850042146918088,0.8018393545033294,0.10163687638199603,0.47211838549963026,0.856850790639225,0.39101648754824014,0.8896051616685692,0.3192605675428849,66
SEG_1711,collector,10.0,asphalt,0.11431076716590538,0.9521050186321771,0.8016894983512901,0.34437306027173065,0.6832476526318616,0.42678046837233796,0.1965049622484213,0.905926197305902,75
SEG_1712,residential,5.0,concrete,0.5872208118973918,0.5060350734256966,0.1744560480206243,0.056147761732786905,0.7335102288965457,0.8263241831883712,0.2887346574081795,0.5740968164075171,38
SEG_1713,residential,5.0,gravel,0.08993104638967309,0.4362935982872749,0.3799693088215542,0.7706477240681833,0.5442041189096638,0.323289266441562,0.05636950086130088,0.8143708628452476,67
SEG_1714,residential,3.5,gravel,0.3453413874940481,0.47040552130274615,0.7297074111987535,0.3909269638028421,0.08697166802441703,0.12144136048855547,0.823845886200897,0.028641728365502384,60
SEG_1715,service,3.5,concrete,0.6146954438635808,0.2223330041073024,0.2623919433108859,0.05264544915670599,0.9934038011634689,0.5793812897514025,0.4828775898447174,0.7223003915533137,47
SEG_1716,collector,-1.0,concrete,0.09293566394359198,0.8706318637820215,0.3155684193231729,0.7955357468354844,0.5934750487232382,0.16953960390226086,0.035697568825599935,0.729223802711238,74
SEG_1717,arterial,5.0,gravel,0.473515769016313,0.6462716607163586,0.8170248916599707,0.21578761745923003,0.25818561986090993,0.7871028011222428,0.8452915607259313,0.6512294161847543,62
SEG_1718,residential,7.5,unpaved,0.2322997348430298,0.8614747394371383,0.7606933822414107,0.2536861256005537,0.48875207287764943,0.04263167180001981,0.6323670393214865,0.39535143646700033,66
SEG_1719,service,7.5,unpaved,0.5540379817253097,0.22301031774723745,0.28942016545147875,0.14322187831189004,0.4616099778386862,0.6106175004734132,0.33488080577905255,0.6383770193360134,48
SEG_1720,arterial,7.5,concrete,0.8327566786373635,0.9153484441031269,0.9530038713724446,0.47914196911025864,0.07037486633570078,0.71151886459281,0.5662678344918844,0.8082870374924427,63
SEG_1721,service,7.5,gravel,0.4103979402989788,0.32897546927326016,0.9301388681314579,0.8333781398970173,0.9118113733600107,0.3796886391849932,0.39598780931614486,0.6745920455526266,74
SEG_1722,residential,10.0,asphalt,0.5687146745732111,0.5247625671329404,0.564638979684615,0.4247753993715033,0.7170115760557632,0.8711890120180413,0.4843749083537434,0.6298770198496021,51
SEG_1723,collector,3.5,gravel,0.0586602627276116,0.7042107159534485,0.43919214513386584,0.13709569077299966,0.7264556934685864,0.6619173199723091,0.7704226275078083,0.310163779617429,61
SEG_1724,service,3.5,asphalt,,0.3522256345540261,0.03944233672939235,0.4994456395040415,0.2939446745402744,0.9885695334949328,0.24374188275898456,0.8403805009615477,39
SEG_1725,highway,5.0,asphalt,0.9170893064670305,0.3111176253819925,0.8590412321515486,0.0753943085581742,0.47421860417566464,0.06683714269907093,0.483422458225066,0.13637022159813728,50
SEG_1726,collector,5.0,gravel,0.4015480404127606,0.34082868984624337,0.19130004015739466,0.7273802656266588,0.9427111398107605,0.11590586638674849,0.9040396575781484,0.46361471205451743,65
SEG_1727,residential,10.0,asphalt,0.4552066379701334,0.1823895603296366,0.30851263911644466,0.9821146319468457,0.7605104109466476,0.5463055250532873,0.0059575410146394114,0.23156902125500756,53
SEG_1728,highway,3.5,asphalt,0.05465930428848731,0.6831778238355746,0.8695281849739646,0.39504713144791526,0.7964510552614363,0.6517608316514516,0.30090182188517933,0.4208257272117375,70
SEG_1729,residential,3.5,asphalt,0.2192225038860912,0.5696597143801054,0.4648524763594828,0.42316407254014055,0.9745109723551384,0.13455833418499408,0.6067006483323291,0.3592626613998049,62
SEG_1730,highway,5.0,unpaved,0.13819188948094896,0.5087178283929693,0.5903514322279723,0.597601401012961,0.7776985690482819,0.28895960810314747,0.9139423108666522,0.9620439885637934,78
SEG_1731,service,5.0,unpaved,0.7649278307022459,0.7492594797374161,0.4651959263094154,0.43136737844912154,0.43685076468400785,0.4819438704406821,0.3830728001081759,0.8943311906527812,57
SEG_1732,residential,5.0,gravel,0.14518843092209177,0.5045648612989593,0.43991778324586095,0.19408890738817886,0.29887764680409046,0.5787556494377392,0.01936439981635374,0.017735774054345232,48
SEG_1733,collector,-1.0,asphalt,0.9167912770471128,0.2091608006309994,0.2647557636168395,0.4660523680287223,0.020031899066195957,0.43527537369125713,0.1946533311336035,0.4128053831228211,44
SEG_1734,residential,3.5,unpaved,0.3478722347822588,0.2578694905291866,0.6076311628200414,0.958831501666742,0.11372878437940404,0.3801554874379972,0.09580740659067,0.5859587002318738,65
SEG_1735,highway,10.0,concrete,0.7570689508562806,0.015132652773952593,0.6619128927412773,0.08706395149148471,0.23640066663685955,0.08061494816079329,0.02373707061485475,0.846856035132724,53
SEG_1736,collector,7.5,unpaved,0.42564742978642767,0.8293789919021306,0.30686941772713283,0.6443567734564983,0.23818651670963764,0.3498805250082663,0.9417714631611979,0.8169344203538832,69
SEG_1737,service,7.5,asphalt,0.5021238184094495,0.6528873005091566,0.012786512720738497,0.8974914433060424,0.5467315161485805,0.5742420160822199,0.9978643620983239,0.837426468731949,64
SEG_1738,service,7.5,unpaved,0.7680285808527479,0.5590234485607206,0.391662112912041,0.8239936504913268,0.775265041147783,0.40577944549370093,0.6739213617522302,0.602217747215193,61
SEG_1739,service,10.0,gravel,0.5394025952700459,0.5988081673513546,0.024424107651773497,0.1692824177884138,0.9001142896308577,0.23502211236392245,0.32883777021765825,0.2054559224011151,46
SEG_1740,highway,3.5,asphalt,0.2890772053704034,0.7931912960521394,0.04583559854140007,0.612340226676563,0.6538569113760341,0.5446112635329942,0.26108054592008123,0.6708078760729783,60
SEG_1741,service,3.5,gravel,0.43457876346344715,0.17547304374809924,0.7149723487277403,0.5994709582860608,0.9365650300391356,0.7727767837625609,0.13550874691297798,0.380875168499202,58
SEG_1742,highway,3.5,gravel,0.8611908573190754,0.4193771118402576,0.5960374658983534,0.2771826674087111,0.489780460239439,0.07046359409233016,0.5168751665168422,0.41031874898677845,53
SEG_1743,service,5.0,concrete,0.778619635214356,0.37778269278057464,0.9570150531502539,0.10508123748424114,0.7678680254084083,0.6045073363266128,0.424639526602693,0.6919377105311543,55
SEG_1744,service,10.0,gravel,0.5712312303812332,0.42643932438703946,0.718576966232653,0.7008863304593256,0.26007788058307235,0.43413792319269173,0.16587298600472067,0.7984425069236584,66
SEG_1745,service,3.5,gravel,0.24883712873274577,0.7260738992402641,0.4004920760148615,0.6910972441607457,0.9066690317329361,0.8519426092899786,0.9774313067926227,0.5067975748811203,66
SEG_1746,service,3.5,asphalt,0.9234302533493677,0.1393007847800556,0.9195863255994061,0.14726500846822732,0.771599484897072,0.4422891745126707,0.8418321515438477,0.5644984243549788,53
SEG_1747,residential,5.0,concrete,0.823741953354608,0.1986759177439671,0.8564262448415696,0.7967312040211104,0.4769370377047093,0.8022863560395114,0.7529063241561703,0.4526507227817912,54
SEG_1748,residential,10.0,gravel,0.6761815506067201,0.449400477618326,0.9109821189501311,0.6205405819445455,0.5807421820884118,0.14243797923395418,0.39841505160889024,0.7999776690357647,65
SEG_1749,service,10.0,asphalt,0.2714418959100303,0.04289745126411526,0.3865482756410915,0.2877168136205246,0.40968754454646406,0.4641217447443138,0.5734126984600363,0.023955121040105554,53
SEG_1750,service,5.0,gravel,0.35553354787895763,0.3215727011311552,0.03198445696396701,0.40093485592248435,0.8939310487236103,0.132563727315543,0.5118483040676065,0.6844328536448364,59
SEG_1751,collector,10.0,gravel,0.6840496956643153,0.15001721250635236,0.2495856769623399,0.44524872602754517,0.9549854705363142,0.002975435004058169,0.04453595402122479,0.042819849158653334,48
SEG_1752,highway,10.0,unpaved,0.0741543329950558,0.719342302544657,0.4279945835766632,0.19152440843812413,0.037069441986128826,0.7185727790220066,0.6136479266848864,0.509904101089217,62
SEG_1753,arterial,7.5,concrete,0.8066095265377343,0.33856595928339783,0.09791394555393373,0.04845494184994059,0.558705446126435,0.8328379202053762,0.6785023709073581,0.6689738009641352,39
SEG_1754,service,10.0,concrete,0.44850777316441337,0.06107867729010452,0.7614448656970029,0.3353238388819363,0.8217875621147999,0.8903526089072848,0.38809751152795047,0.9501703161228738,60
SEG_1755,arterial,3.5,gravel,0.9526139950645138,0.15928313954329454,0.7203020366602931,0.9969131721827893,0.7486016074470957,0.1543738407949068,0.23460492158525437,0.8067911490044122,65
SEG_1756,arterial,5.0,gravel,0.3234582640059699,0.2497473168410801,0.5464086776788494,0.3236832634992851,0.1188527197689847,0.8468664776816219,0.9601036014508708,0.9006349781923568,63
SEG_1757,arterial,3.5,unpaved,0.5596190273021873,0.47740108270919424,0.8120094178511389,0.10163212908553809,0.6895796668464864,0.13129311048244907,0.35316215705002374,0.8344354740071438,63
SEG_1758,arterial,5.0,gravel,0.49984675953787905,0.5524227130899502,0.516474896937172,0.09277688332628642,0.07210728372087971,0.877095897062495,0.7225300975319912,0.9612986467523361,56
SEG_1759,highway,7.5,concrete,0.9381054333210829,0.6175708171268662,0.7636202349599915,0.6392696958537929,0.4832004834405297,0.7473339366916694,0.0985407638388689,0.6121268042865259,54
SEG_1760,service,3.5,asphalt,0.6043903426424646,0.3007740045469042,0.18745818754776444,0.43273854356647756,0.13471243817505896,0.6012665990473485,0.6995514907859476,0.9352821058145415,55
SEG_1761,collector,3.5,gravel,0.7413428245212779,0.46126241539526347,0.14342059031199905,0.022628719860643742,0.7703549165347923,0.8250461755022429,0.7993145413012107,0.7832379176959092,43
SEG_1762,highway,7.5,unpaved,0.24089794631384143,0.48026706458401147,0.43317808636660116,0.6782139869503753,0.4870129038050076,0.07067098554099771,0.13151927115388629,0.28352102420724123,67
SEG_1763,highway,3.5,asphalt,0.9460071287894647,0.05757265905287601,0.38191318660317575,0.7393530451640938,0.4065782734560506,0.9649122261192563,0.9452260010624127,0.5772448731021101,49
SEG_1764,arterial,3.5,concrete,0.24794874513383325,0.6989946822920811,0.477450315904288,0.8114915102092629,0.812220483583924,0.038231017680405266,0.243081634936255,0.0660270792571851,69
SEG_1765,service,7.5,concrete,0.5863336994279922,0.10029780185993553,0.0636008349652134,0.4668183611629918,0.08528543234615549,0.9649611416599492,0.790124381538705,0.18602045233486852,42
SEG_1766,residential,5.0,gravel,0.8401618058949966,0.5455904084286008,0.4393612102340718,0.834456414652628,0.1546922042264779,0.22639609976349262,0.16837468208996298,0.7411638285175898,56
SEG_1767,collector,10.0,unpaved,0.20460668773112334,0.6758516607808791,0.7139234195680203,0.9505630471403725,0.0108326858059411,0.7451623192035931,0.33969917772300084,0.6634234528038141,75
SEG_1768,collector,3.5,gravel,0.9756362968795677,0.8350445459059184,0.7397630376465261,0.33423126095768063,0.33358090238376814,0.9866909774389369,0.9865572148935565,0.14500833631017063,47
SEG_1769,service,7.5,gravel,0.5257219655790903,0.9916579834332456,0.256519308179201,0.2232287474411364,0.9459642132822157,0.6170706341510106,0.7472936085562194,0.15510920036755682,50
SEG_1770,residential,5.0,concrete,0.008318340887198072,0.4144317187253632,0.8183437004703146,0.7590859703691235,0.9263085751614447,0.040083818409784255,0.5802902057633168,0.7474606059740738,80
SEG_1771,residential,5.0,gravel,0.5843628437868399,0.9566309143792016,0.7744934630893564,0.9580637237879949,0.33777970832696247,0.2248412099084819,0.16040279645466604,0.6176269843201266,68
SEG_1772,highway,5.0,unpaved,0.46549226116523346,0.5506587958047369,0.06771014172404544,0.1683526717709809,0.2589576105300705,0.7390756063639412,0.7210304905539645,0.6717539501566558,49
SEG_1773,collector,7.5,concrete,0.08792750525779247,0.4413665717841273,0.22704841364777983,0.3100635609422018,0.8257980698754029,0.6483511837164351,0.34803825882259176,0.2797213604628973,56
SEG_1774,arterial,7.5,gravel,0.42730715543877107,0.20723246140017593,0.6163740311332153,0.7528637970861594,0.8463885921227281,0.601358377232208,0.21468295917724645,0.37671988349982566,61
SEG_1775,service,10.0,concrete,0.20318153491845004,0.23212082701141656,0.1640085034881522,0.08918416290151554,0.4438021396953945,0.1671857663841405,0.7015927551104849,0.11371238777106019,53
SEG_1776,service,10.0,gravel,0.662902916814355,0.8513256173933036,0.7238485660254255,0.9491032496409352,0.10240762541817028,0.5305164923775313,0.3989710037290939,0.23883994341217285,65
SEG_1777,highway,3.5,unpaved,0.7249213832359086,0.08467301339874389,0.05289720173534607,0.837804390869763,0.9014602380956773,0.942229263797407,0.5518049936880013,0.5310183010369586,47
SEG_1778,residential,5.0,unpaved,0.1771802294533703,0.35993162476942686,0.46475991606224354,0.49214350833497467,0.1264329015488186,0.97133296645589,0.9975384821977846,0.013584329027670594,53
SEG_1779,arterial,7.5,gravel,0.5423246940183862,0.8579140109779774,0.8816807428599288,0.7310721866391824,0.775575361650704,0.4692699255689863,0.32619288659908086,0.6623823005810016,71
SEG_1780,collector,5.0,concrete,0.8339163885510514,0.12213979807671094,0.003972945061521904,0.08951122218063523,0.2712215763385497,0.58945972241395,0.7627046756704063,0.4263263502968112,37
SEG_1781,arterial,3.5,concrete,0.09840593390108165,0.7618364881446864,0.36302195331232356,0.29368670262260943,0.2855842071191541,0.8422531368080842,0.8165800236499224,0.900494648377988,66
SEG_1782,collector,5.0,unpaved,0.32186773773960065,0.6145388058037496,0.98825311569893,0.44960743503625133,0.6940555127508006,0.9624720792492754,0.8253172954562545,0.1962229986445605,64
SEG_1783,highway,5.0,gravel,0.07616138707953624,0.044162005242471825,0.9874772712488931,0.22239262524779246,0.28727865323169255,0.3560443084582543,0.6341457015315392,0.46970906337044616,71
SEG_1784,residential,10.0,unpaved,0.014591220072004196,0.16464359789618443,0.4203847971278867,0.20936663588359983,0.28789509928700385,0.47544682409448413,0.5560981601586774,0.455028395254539,57
SEG_1785,residential,-1.0,asphalt,0.15317176619186013,0.8094514981275356,0.7559412276097237,0.47954485695394433,0.644319173243488,0.45693609108265854,0.6866044872809667,0.4471339519266334,67
SEG_1786,arterial,7.5,asphalt,0.5930053521386567,0.8533326743385837,0.2582208450716068,0.7661659052885652,0.4558710660154124,0.3484511630190875,0.20278137345699687,0.3893995761461516,59
SEG_1787,arterial,-1.0,gravel,0.7674925687463,0.10701561917995606,0.3886540937715979,0.7653463449910983,0.9470914375863184,0.9725939777543428,0.6753967224196273,0.7711852848491664,53
SEG_1788,highway,5.0,unpaved,0.1390587689942232,0.3636239178908435,0.9290857180221505,0.36156062039583636,0.4355070048805959,0.7585958841910644,0.8405313551296996,0.8121269333954856,73
SEG_1789,collector,3.5,unpaved,0.2827067744998889,0.029670345681174215,0.33896092067263195,0.7611276659548156,0.21513231939962785,0.16275707281832075,0.9439058203189394,0.38838000657453053,67
SEG_1790,highway,10.0,gravel,0.5375543598982689,0.5207513602468504,0.014926197831639398,0.2662941043321422,0.19268371603798884,0.27316767683071386,0.9195235723225491,0.19196297521780792,49
SEG_1791,arterial,3.5,asphalt,0.39014645753796706,0.04728142376432398,0.426544487742345,0.5282216993010823,0.11073142218286736,0.8974494137326107,0.5156640270884862,0.12241088939527234,51
SEG_1792,service,10.0,asphalt,0.03288790273591613,0.015427109923064397,0.9552099871878049,0.8070430619666135,0.0376022946756267,0.21322900742633144,0.20081467864562164,0.3577741634619398,78
SEG_1793,arterial,3.5,asphalt,0.9767858661707329,0.6505317963611122,0.41930746581589995,0.6726632014670564,0.4199614173555537,0.7326226392332393,0.043703609863916526,0.6372433900612248,49
SEG_1794,residential,5.0,asphalt,0.8286426471629834,0.8761606685270694,0.464255083938365,0.1965318169460134,0.24860193163218514,0.055994555070656205,0.7960027969177766,0.02617845555226528,46
SEG_1795,collector,-1.0,gravel,0.5457933449007573,0.11302855673449785,0.48910762172492805,0.6433760898241988,0.07343614630596473,0.31701606144768657,0.455125042217031,0.5868103758160328,61
SEG_1796,collector,10.0,gravel,0.1936495176352958,0.8084739920898261,0.10898582517265387,0.12957998658701464,0.531068212118595,0.6630885857139082,0.16817910508944112,0.5542625177049868,53
SEG_1797,arterial,3.5,asphalt,0.8813675636684467,0.0034348250260959334,0.8022621940363125,0.7604947891151843,0.5163758316281609,0.179744956312886,0.8671432549215884,0.5579977838147255,63
SEG_1798,highway,5.0,unpaved,0.31269002283129455,0.5762407677121795,0.9660096896497351,0.5287475453317085,0.40755509081502606,0.9174234777049388,0.7580849733538229,0.1105444443466661,64
SEG_1799,highway,7.5,unpaved,0.899622598809046,0.5938743892421748,0.41918110469308856,0.6740744419704234,0.9304464706634216,0.6172213092057436,0.3719434412995706,0.5352391907020113,52
SEG_1800,service,3.5,asphalt,0.1813519703660238,0.18893154969771842,0.10332807987926962,0.7447043528983157,0.3846064889694977,0.03461189299425371,0.011795635766653878,0.5160386943109139,64
SEG_1801,service,5.0,gravel,0.4444061082309695,0.5466118324368762,0.4784527012956523,0.39509166610027757,0.9810919790506752,0.7797554048789929,0.01984044068336288,0.3198266634208813,52
SEG_1802,arterial,7.5,gravel,0.11761983769526585,0.24676227084668556,0.3153455328476896,0.21895638293991604,0.14940101942166029,0.9931061872849287,0.19583921384503744,0.21914862485727893,50
SEG_1803,residential,7.5,concrete,0.19235706004489594,0.7674682771407402,0.10495250743816253,0.4420058507508071,0.39423255776408184,0.7405883114982035,0.7279076802793287,0.4372272066064883,53
SEG_1804,highway,5.0,concrete,0.33526948469278584,0.7239154058537339,0.035763932700026424,0.16145090921126193,0.24862956862642627,0.1730444092367609,0.5763589883784441,0.43416901041220646,55
SEG_1805,collector,3.5,concrete,0.18502114012699955,0.5970064056504467,0.27310508271625644,0.7390189371010049,0.9123400921500766,0.42627876485460436,0.46545193914279115,0.011102450822925158,62
SEG_1806,arterial,5.0,asphalt,0.7917074200579522,0.5253875764488098,0.6928296801387344,0.8498923820975919,0.35368523845479816,0.9623518749972507,0.6354901089330648,0.7174120235546236,60
SEG_1807,collector,7.5,unpaved,,0.7475590919262649,0.7849628373169028,0.4302259946515755,0.8233627122545586,0.6104891665430594,0.15344058620053225,0.46413480516349515,51
SEG_1808,residential,10.0,asphalt,0.7335070258748839,0.22105690787112664,0.8596315383756328,0.4461770995310059,0.7260933172899636,0.610331155636024,0.8505987573094619,0.6499439610754816,55
SEG_1809,residential,-1.0,asphalt,0.2949630877257978,0.17225240524438556,0.24576604401327085,0.5562842777565293,0.7716892662835481,0.9501370209356316,0.8764757978326786,0.31403988210189426,50
SEG_1810,residential,7.5,asphalt,0.5749513144152035,0.659858847276031,0.6467028518780239,0.0494131097337569,0.17863004102741098,0.5490495425214844,0.9485076217915973,0.5696620410236523,52
SEG_1811,highway,3.5,concrete,0.7853834954419943,0.13246886211904108,0.7162505265413421,0.6549453946495439,0.5997489739491426,0.6224720920431263,0.6366196021458187,0.6862470016558231,59
SEG_1812,highway,7.5,concrete,0.7102966642413393,0.06808351039795635,0.5580798848512583,0.9256273839855959,0.8710949161838558,0.5665801694973426,0.3420699230284131,0.9334942536473168,63
SEG_1813,collector,3.5,gravel,0.07518557953346638,0.5266319667180892,0.47641982400727767,0.31620739605290193,0.8847646172948356,0.3047531869524992,0.7690809072689124,0.13417761863916355,65
SEG_1814,residential,3.5,unpaved,0.9843278151007424,0.6611686055482796,0.4281256202558327,0.7390149596474045,0.822332701575086,0.49096106593298805,0.5229591738657291,0.7810592418099713,51
SEG_1815,arterial,10.0,unpaved,0.1486667086528256,0.4746753614605953,0.7409246995457922,0.2696555929831187,0.30597748381662104,0.12338955153651965,0.14096056359107212,0.5836029408995768,69
SEG_1816,arterial,5.0,concrete,0.6070199924007227,0.48914365440794116,0.9441709794320966,0.0989802011264852,0.39103891424579407,0.9308929875658266,0.45414843357369183,0.6699545811614985,55
SEG_1817,service,3.5,asphalt,0.8978890794592977,0.8370791152642081,0.6158143669546869,0.6987815909673905,0.12143362609743336,0.274345801702486,0.44488620226836906,0.03571861541054244,55
SEG_1818,collector,3.5,asphalt,0.49491693771652245,0.9269087971659643,0.7745024478484518,0.07750164064401577,0.10044932934996775,0.10127436090503406,0.23530993811925982,0.6577583087250531,64
SEG_1819,residential,3.5,gravel,0.06520608318572607,0.040382685108155236,0.6669299169829916,0.8866809847249221,0.5887597150274003,0.22169880649177676,0.15774782049959246,0.6496687517893225,72
SEG_1820,arterial,3.5,unpaved,0.022547451934215257,0.12043116348808425,0.5971463315065098,0.715884358032843,0.7961256723659003,0.2282197752553652,0.1619490193953379,0.08538763246937608,69
SEG_1821,arterial,-1.0,unpaved,0.7242890365014972,0.6477516881672575,0.4790163114068634,0.8345642405966651,0.005324685316530631,0.906952359658655,0.4806304977647997,0.6486028467698101,58
SEG_1822,highway,10.0,gravel,0.34863219466625417,0.8379001685443076,0.9963620444435276,0.26771801045940546,0.796419624745277,0.9981371682272022,0.904768354642388,0.967779126504948,70
SEG_1823,arterial,7.5,asphalt,0.6180052035115758,0.01615705561366443,0.09942954731811615,0.3096752039905669,0.7223403884749205,0.1744851103506615,0.0646261486635199,0.7509696610784312,49
SEG_1824,arterial,7.5,concrete,0.444768795459603,0.6378653346529913,0.7297985763784302,0.2124846434359019,0.2674862984522609,0.03594124525881637,0.07375798399156497,0.968347521948933,68
SEG_1825,residential,10.0,gravel,,0.34485368897084934,0.7043418447304545,0.7400046499242945,0.34886972990714127,0.17248591349884212,0.5000750680659836,0.19666666393770382,51
SEG_1826,service,-1.0,unpaved,0.12254426669482377,0.1581610484670637,0.2277032026946305,0.20494724630425087,0.32643078472783404,0.8203961391895551,0.12849224299055906,0.9685050907729656,56
SEG_1827,arterial,-1.0,unpaved,0.9058540354567524,0.8887035748882102,0.5839420744512356,0.6807625777553065,0.7029567340605105,0.36831713547550327,0.6105756568562521,0.0842810434184198,55
SEG_1828,highway,3.5,asphalt,0.7130150993891973,0.5205954226610289,0.37800035078223304,0.958645168975182,0.5837836343520767,0.532440009266137,0.41020832015830244,0.055941700379264825,55
SEG_1829,service,5.0,unpaved,0.1023713609607192,0.8186897824956152,0.11743906643788282,0.6583286243936519,0.9278635413125647,0.09483541813953322,0.962179741887919,0.17219440053140656,69
SEG_1830,arterial,7.5,asphalt,0.39435588585183456,0.9153582035889511,0.35197489902055656,0.9477924523004407,0.617863842236528,0.3198009123336799,0.8759497898149707,0.5303939360243775,72
SEG_1831,highway,3.5,asphalt,0.6480098446842383,0.9051231600856023,0.9010373057248136,0.7910444245076483,0.14007026973559633,0.5841633221548292,0.6101000357171844,0.5285007314845944,69
SEG_1832,collector,10.0,unpaved,0.804048536441861,0.6485882932261,0.6549175554881735,0.11258323972350048,0.036990129509747116,0.13832227702728483,0.9512303671556497,0.6333090950800497,58
SEG_1833,residential,5.0,asphalt,0.8124367083448788,0.7745608564655487,0.180522755466473,0.5138038738518254,0.6115444745889653,0.5940466475699656,0.040595209583184966,0.36256918305636177,40
SEG_1834,highway,10.0,gravel,0.6423351696730843,0.8398763244288335,0.09380728277691586,0.6910466794436674,0.660369220281902,0.10306803586140567,0.4973443300082173,0.2278954806850194,56
SEG_1835,residential,10.0,concrete,0.011171818036861625,0.44501599120093627,0.44387359387001524,0.17084822331374316,0.5298867074077763,0.9462436835279476,0.6827848662351734,0.12199423338369175,51
SEG_1836,residential,3.5,concrete,0.6283649028782073,0.5503726067653315,0.19457013518871358,0.4483340516139035,0.7918190389421358,0.02006223573743937,0.6208473763925727,0.47409169588340005,52
SEG_1837,residential,7.5,unpaved,0.07549054369951758,0.7004421169802957,0.7808385194574722,0.917284790802169,0.5191120454970543,0.5500482837579489,0.21089844994859375,0.23694850453757765,70
SEG_1838,residential,5.0,asphalt,,0.9085649609421066,0.6450713511989483,0.9312134388649761,0.47690247253013174,0.5282392897630352,0.6952561683969278,0.7006447588823995,58
SEG_1839,service,10.0,asphalt,0.5134908513403125,0.8032052140949778,0.2555763936290675,0.7463233778266996,0.6601832456062131,0.9670659756345192,0.862802639016211,0.2060635374810419,55
SEG_1840,residential,3.5,unpaved,0.4024149676710461,0.49134016168512773,0.1571058353784014,0.3540164937590795,0.18166364122447265,0.5189813875675555,0.22615710380844467,0.7550230261238549,50
SEG_1841,arterial,10.0,concrete,0.5110043674858301,0.4479617762329753,0.2569521743200738,0.3072271497096408,0.9875321153793165,0.2646697861072538,0.5230353279103023,0.9779050358086118,60
SEG_1842,highway,10.0,gravel,0.7481056290814325,0.6882779475941392,0.7284383635992667,0.20408979002381666,0.9762444272307852,0.5426223851422498,0.3260101117333598,0.025427190938523747,48
SEG_1843,service,5.0,unpaved,0.043664480557393026,0.9140980306529773,0.5344515881437356,0.2875061012572321,0.5743950377641337,0.6654076345825508,0.7507620485460526,0.23209076172448107,65
SEG_1844,service,3.5,concrete,0.9998495089750353,0.8410863306507561,0.6671850931639104,0.786555918057439,0.4855182825412211,0.294444248552884,0.7258970723041636,0.16363656697718376,58
SEG_1845,service,-1.0,gravel,0.08574063492431339,0.014334860954719919,0.23264802384218763,0.6974491317232496,0.33790925254418014,0.42239672199289924,0.30807170486774493,0.6734617342341122,66
SEG_1846,collector,5.0,gravel,0.6366580392872206,0.5053500427559409,0.6740577726517429,0.5645887306715522,0.0028130628824324377,0.5835207777898863,0.007002089036016956,0.2198281152215531,54
SEG_1847,residential,10.0,asphalt,0.2022287850471457,0.3258169610953974,0.6468912080953264,0.6583528039862545,0.4847684632373319,0.6115241822589608,0.5427730636485476,0.9019460432803297,67
SEG_1848,service,5.0,asphalt,0.013216123489735665,0.20266186466431235,0.5743908319323535,0.023480760513278076,0.4814973664380845,0.17532098609239577,0.6869506244352389,0.647075049204369,67
SEG_1849,arterial,5.0,unpaved,0.4218093862825457,0.8779440327283285,0.0325956977201729,0.9257986349490986,0.22525103267441227,0.6472506388916588,0.5090918815661386,0.731227952206615,63
SEG_1850,residential,7.5,asphalt,0.4085481091539205,0.14506941953290087,0.781816478814152,0.8369147084794001,0.5926521988349672,0.4655386455677687,0.8987058748701426,0.25610699386695124,64
SEG_1851,highway,3.5,asphalt,0.08409420566555814,0.2992878121141491,0.881749271446794,0.25202078258455785,0.23442692469054993,0.01423518687663039,0.21147638288470438,0.8886259504880186,76
SEG_1852,arterial,7.5,unpaved,0.2003557505834258,0.6606893953103572,0.1213136000981262,0.41110207444295,0.4011556483989386,0.02469199077762918,0.09962208040966447,0.4875810107838717,62
SEG_1853,residential,10.0,concrete,0.9237124717943358,0.8061374961247026,0.3474734574335654,0.8376652478228335,0.8711672742480284,0.7621418183074352,0.15881144040801165,0.49287449014091533,46
SEG_1854,highway,5.0,concrete,0.4777413252604814,0.9992482984650775,0.7570000000336048,0.07019952447494848,0.8707373953476448,0.5929256728848665,0.6485640755952706,0.5967402227614638,61
SEG_1855,service,-1.0,asphalt,0.5227546822104878,0.022197009772934595,0.015194970413718312,0.265306561825442,0.31632974330726216,0.3045518476590876,0.20808067624921567,0.15095338197861496,43
SEG_1856,residential,10.0,unpaved,0.8474115776235958,0.5185642140750435,0.9634137774915733,0.14124009888873856,0.5464864820830725,0.6687726350721228,0.3381334186630127,0.14874459053054967,43
SEG_1857,collector,3.5,unpaved,0.5099412683399693,0.27262695618631827,0.8403348702409911,0.04124637398860098,0.8849416485046748,0.028288032814958064,0.44045004806656707,0.773938752386988,64
SEG_1858,collector,7.5,concrete,0.7905569004327647,0.29758285691113473,0.16208456739809474,0.8841739377089529,0.22426288104380487,0.6478435511675681,0.7743372085427894,0.60824101799318,54
SEG_1859,collector,7.5,gravel,0.8522756685351832,0.29304648550052936,0.3781682547077517,0.9849678314781951,0.8944433262919502,0.3124846586183243,0.6262292565071282,0.40980431808537243,58
SEG_1860,service,3.5,asphalt,0.7647927982624507,0.6792694320552725,0.6174581992610563,0.7177683949068625,0.022271494091391508,0.2574258481898585,0.9254845748722467,0.4478121176087497,64
SEG_1861,collector,5.0,gravel,0.6880648230963456,0.5184484208693334,0.3898073663048939,0.9103255933778336,0.6890973786359688,0.06918718123862955,0.6019073266574767,0.8033632795405694,68
SEG_1862,arterial,5.0,concrete,0.8605573740960494,0.6560028350897044,0.2938637709530859,0.7210528720713032,0.9640910132549788,0.5142585253607044,0.08295830915429259,0.06180355739827714,47
SEG_1863,service,5.0,unpaved,0.2476648719965201,0.31980887078218523,0.37688081679080054,0.9796044536068085,0.4295455801291833,0.6990327035888659,0.23115904072401616,0.6064380201216093,67
SEG_1864,collector,5.0,concrete,0.3351236950800971,0.35777815840682703,0.8522249928928656,0.37308471064972615,0.5250461904078598,0.5743003422713012,0.413787543692704,0.17046915125476603,61
SEG_1865,residential,7.5,unpaved,0.5194224496401985,0.8750709541089287,0.5244358451432656,0.5018233343881886,0.14718412740565168,0.010602858206771315,0.07881092596043637,0.05004144863738158,55
SEG_1866,arterial,3.5,gravel,0.7929179701937236,0.20813928127435388,0.6143503862169273,0.20290760042384648,0.4265351913050094,0.8990490588220033,0.8993175515524896,0.8924582893869183,51
SEG_1867,residential,10.0,concrete,0.4019472483228159,0.9426948116603551,0.9199627424997542,0.03298274021973513,0.014001707188407875,0.6611345622649795,0.18455662894881208,0.6174105885231668,56
SEG_1868,collector,7.5,concrete,0.2625101120899408,0.21240403236370287,0.733852542405923,0.3440348215107071,0.6959083894148477,0.6560257334206182,0.9419918009231802,0.8908693323968334,69
SEG_1869,collector,7.5,asphalt,,0.07099617044027395,0.1884786052621502,0.04866968216638223,0.01382532076426013,0.26643285335671263,0.8734437914385931,0.35152316660723093,39
SEG_1870,residential,3.5,concrete,0.22213110233555244,0.7389164499513119,0.1929960163699851,0.9953489236582246,0.8012260687347474,0.6517514152902939,0.20083489822183231,0.07022229475413388,57
SEG_1871,collector,7.5,concrete,0.9747013338825625,0.9214079137152424,0.8630345991013858,0.5350169129512545,0.16727736438847618,0.5351247397456208,0.4213526630146339,0.8171143925117863,61
SEG_1872,highway,10.0,gravel,0.4078963972020191,0.801051921614327,0.5910526184734246,0.5984855898383493,0.6381243392612815,0.9047690999280391,0.0041034937242181435,0.6234890674018242,60
SEG_1873,residential,10.0,concrete,0.8948034580761376,0.0445905031133389,0.6135536945267991,0.20466786690924965,0.4285721651138298,0.9730574190096811,0.174364976096261,0.023062568345180168,30
SEG_1874,arterial,5.0,unpaved,0.4161311913706359,0.44852178335574466,0.5323900803483644,0.7645726244100884,0.4819359731934425,0.2796224678896392,0.17546138326672278,0.8147412388953198,69
SEG_1875,highway,10.0,concrete,0.5340800982511196,0.6717060964811716,0.3998178682643806,0.9288338301202654,0.4413017081098026,0.2765547581872503,0.310816221842376,0.39329568028935513,65
SEG_1876,collector,3.5,unpaved,0.8357596771957431,0.11194452769545404,0.3769195249673343,0.19198852590300075,0.4619837436771911,0.15566069539680227,0.3597781743145697,0.9816234222031193,52
SEG_1877,residential,10.0,unpaved,0.5457025648910031,0.5905126675333858,0.17664122252280778,0.22813158993817761,0.8362548908971554,0.2735776293526637,0.5121348675541908,0.2780201164990025,45
SEG_1878,collector,10.0,unpaved,0.8593174182734394,0.008805845442794058,0.0936922742871934,0.33845751565816373,0.24462313791512436,0.06852581704109251,0.12295371581731052,0.1261346478649128,40
SEG_1879,service,-1.0,asphalt,0.047173248097495346,0.7773028761739569,0.252854039796393,0.6536580363894817,0.61693054545276,0.673155997172174,0.8837724319487762,0.36014972933833755,67
SEG_1880,residential,5.0,asphalt,0.21657131356811177,0.8870564741236449,0.6377972089298972,0.1479666468328339,0.4837858228746541,0.3753620405854704,0.8176677997680084,0.20003538713874813,59
SEG_1881,residential,-1.0,unpaved,0.4252048572502587,0.705626699971936,0.497467884423488,0.8833896887670587,0.1094698697340275,0.3521173816779928,0.348598186853889,0.6575710740272664,65
SEG_1882,collector,3.5,gravel,0.8357173366639802,0.17986313307440238,0.4235726160820823,0.28434368549569766,0.14267783144262913,0.05757271937581199,0.8254867846525771,0.8508033259636056,56
SEG_1883,arterial,7.5,asphalt,0.7616792020742424,0.4575518005295408,0.0182217274270704,0.5076290262012308,0.3061656977321433,0.4039354013247195,0.15384173001465717,0.19085063561734494,43
SEG_1884,residential,10.0,unpaved,0.4403969453348099,0.8684123260692809,0.9899257476852835,0.4369893072516672,0.2133781123968328,0.3635995021966978,0.9686698424476181,0.5070605052855581,68
SEG_1885,highway,3.5,concrete,0.9858505671087715,0.59155245569563,0.5527207007602948,0.4619254972120017,0.8016483853488673,0.47492607091701866,0.9601572373243245,0.5375527056251856,53
SEG_1886,highway,5.0,gravel,0.32289702398071807,0.11721004055005424,0.2947104904619984,0.2721937073712427,0.7657987245895662,0.5935504240933562,0.7350262696483143,0.022772279129034345,50
SEG_1887,collector,10.0,asphalt,0.4120248091623574,0.25408475575673906,0.844532938909321,0.15479526213862393,0.6170646740607232,0.12894648682974308,0.7280294396706315,0.23944663888132744,62
SEG_1888,arterial,10.0,concrete,0.6590789814724035,0.5086054105948002,0.13638499172838292,0.3187572873381086,0.6241590456726916,0.7987618180522061,0.22546542392923907,0.8558323367647958,47
SEG_1889,highway,7.5,asphalt,0.8823896837950802,0.33938268003971817,0.4820923169665926,0.425293986121693,0.260524113846508,0.32121172444778867,0.494755104318928,0.6448811751676359,53
SEG_1890,collector,7.5,gravel,0.00957054379108313,0.5004785617060885,0.20547138284591904,0.18944849945012432,0.04535296085288265,0.78814244473194,0.9751739971061583,0.7961440159284912,63
SEG_1891,service,10.0,unpaved,0.7949426659143786,0.2394164711405179,0.39877700507500113,0.9699867747260132,0.28485976587556605,0.2776484752655173,0.2355903348567544,0.1824380475185451,56
SEG_1892,residential,10.0,gravel,0.15071386933234865,0.27366416474182,0.5142779086078749,0.8295592050631301,0.07139697927833588,0.2636252255012048,0.3643128788080381,0.16871882175390374,64
SEG_1893,service,10.0,unpaved,0.4734365482407914,0.5750638968703333,0.852851451638599,0.35763004511188146,0.2412116987493481,0.707541099809893,0.2665991376119393,0.5700705044507178,61
SEG_1894,collector,10.0,gravel,0.30738808316504407,0.8428361833026838,0.02103498705137352,0.6219024635660683,0.3476758159580364,0.15331173122287856,0.6118840326466839,0.25116930744429355,61
SEG_1895,service,10.0,concrete,0.5554931492082854,0.929113393154339,0.9015274924221889,0.04941326791361966,0.05752269903411278,0.6434331111380964,0.5173666894095345,0.454718714598073,58
SEG_1896,collector,3.5,concrete,0.31725497977210504,0.609802578952465,0.6942083061951162,0.761986289811807,0.739335349842605,0.11948778081462674,0.06704809409865098,0.023541602749667212,67
SEG_1897,collector,10.0,unpaved,0.419879391926817,0.7744600519222095,0.3022438217293033,0.5715028441586014,0.5896273755887681,0.882629941372235,0.7711303124945215,0.5005290667532396,58
SEG_1898,service,7.5,concrete,0.5839596011727366,0.3037169438603663,0.16639656110665246,0.09858895628236686,0.0347922021387691,0.4727967232928514,0.5723732274796897,0.5174290393903561,47
SEG_1899,residential,10.0,gravel,0.3478808771394285,0.8649654203556071,0.008302847339479835,0.18379566854103224,0.03919983297116447,0.050265999197597444,0.5553672118483971,0.41374220453050703,51
SEG_1900,collector,7.5,unpaved,0.2841032927961539,0.21328772110392824,0.6291541952932358,0.472724843370952,0.912139396051322,0.7458747690592191,0.3622724296863987,0.6142700595859346,62
SEG_1901,highway,7.5,concrete,0.7031432443798741,0.6181479703547715,0.6196515049492407,0.34828523490729113,0.45897277117138013,0.11752169880655072,0.9320568810586508,0.15619357000335632,58
SEG_1902,residential,3.5,concrete,0.853439947524701,0.8728383306325385,0.8634706369176617,0.8319768380425486,0.0884650845387791,0.17982123049334653,0.8507890308446059,0.39911878639305187,64
SEG_1903,service,10.0,gravel,0.895164331714991,0.7618557940367339,0.49928883977137706,0.4876247749118342,0.643879926006336,0.9843985572527523,0.27986774928848124,0.043852178575582434,42
SEG_1904,collector,5.0,gravel,0.3702850164179976,0.097034378815682,0.15015276771638708,0.29175792778473075,0.4345554869992402,0.15379263441793722,0.06529426109321013,0.08187758812440638,49
SEG_1905,arterial,5.0,asphalt,0.9966637567573116,0.27033305258906104,0.12894033570633867,0.012621785658586737,0.7787827885319277,0.20414440936118206,0.9393248453798961,0.3217641122336946,39
SEG_1906,arterial,10.0,unpaved,,0.04583998775958764,0.7213052455692904,0.29498801030816946,0.02324454609692872,0.43932380649178115,0.25954336580307347,0.7013943818657926,49
SEG_1907,highway,10.0,gravel,0.7514645196358408,0.26881565529598994,0.522963369839466,0.45405567526607227,0.5109944417118223,0.8347864548948961,0.05939448566224215,0.10834422289479684,44
SEG_1908,arterial,5.0,concrete,0.6825523916758883,0.5683888239396236,0.236365040688454,0.41573846713637286,0.2589444668830928,0.7944385283256837,0.8653145349463794,0.3798012890028627,49
SEG_1909,collector,7.5,unpaved,0.5783501280868566,0.36499985175972904,0.1810125755821984,0.35213857291359685,0.44051728221659625,0.9480778807406813,0.07282042519321907,0.3563665663602026,42
SEG_1910,highway,7.5,concrete,0.42322142557491094,0.6618527492850097,0.36081260468413956,0.3119140060192368,0.7884629381621889,0.9993217253553102,0.9796644777608545,0.07886278339730624,50
SEG_1911,service,3.5,unpaved,0.678448966632821,0.02855285436937849,0.5320860736794868,0.8161987649076928,0.794331008100945,0.6689341168082407,0.6656122745554766,0.8948433248917024,62
SEG_1912,collector,5.0,asphalt,0.25617407520777935,0.06143597201332385,0.43501779891414494,0.7317278434723226,0.45199551236440816,0.3223149053154626,0.7113813565629189,0.8690084756912837,71
SEG_1913,collector,5.0,unpaved,0.9432780947712132,0.4326432922616009,0.8161981699485757,0.9567641865167839,0.8649282790768148,0.35519679871355303,0.43611440688501746,0.9426476025816188,67
SEG_1914,residential,3.5,unpaved,0.9226444460235772,0.7922325867516443,0.6609865746431283,0.7045328022790734,0.3941143251883341,0.03832949800739516,0.8020283960236091,0.36788809662706323,58
SEG_1915,collector,10.0,asphalt,0.6885529004909366,0.4721214316059803,0.28152923213581915,0.6906582455204534,0.8877371843869581,0.039728300848930864,0.22115076700126823,0.8769924369806236,62
SEG_1916,residential,7.5,gravel,0.137756667579096,0.8641725649184604,0.3945131651699526,0.062463149771857074,0.8814734974563854,0.6945763932176895,0.0940872520363708,0.2183010599472679,49
SEG_1917,service,3.5,gravel,0.2850958680158884,0.8796721581428497,0.4292808492158863,0.760635780186874,0.6778559608455345,0.8511856719669039,0.8646408682708796,0.867509797041777,71
SEG_1918,service,3.5,asphalt,0.0771689946000258,0.5233649160816677,0.736474454739826,0.06274942024044894,0.24043022723205176,0.6085249083163328,0.15623227969128517,0.8295413345712311,66
SEG_1919,residential,5.0,gravel,0.5750253637561363,0.6651668891612995,0.08038059786163632,0.21118827809373375,0.8535258039059949,0.9862239749826046,0.3407185455450997,0.26543737337679263,35
SEG_1920,collector,10.0,concrete,0.011211264350248107,0.4548264807641297,0.943694321852613,0.4183678996568093,0.5536875548017952,0.42348285879038017,0.22898871431420598,0.4639875002210704,74
SEG_1921,residential,10.0,unpaved,0.8272568472756826,0.18487366191796106,0.7132035334447959,0.08095047840625857,0.7337467511659062,0.9376111521308214,0.30475420828438204,0.1194552116485812,34
SEG_1922,arterial,5.0,unpaved,0.6062865364862419,0.6838520516866581,0.6221552171537261,0.6657325524115696,0.15897753286382654,0.7405987747816698,0.41931754903511664,0.7147290863376782,62
SEG_1923,service,5.0,concrete,0.7008637412445564,0.2743734242687562,0.5149760441971979,0.4639893658012667,0.8026011802672586,0.545126698271943,0.46968689598544944,0.05689881161963439,49
SEG_1924,collector,3.5,unpaved,0.5253285842493374,0.23450887838054701,0.8033519136406061,0.9993562919777452,0.41273255007261567,0.2379777186234815,0.21986169350885154,0.45553696068612604,70
SEG_1925,arterial,7.5,gravel,0.9476267482997612,0.4936591967449172,0.7035463897561839,0.814728800251517,0.7004828634370982,0.286603057888147,0.2786096888303746,0.11218462476383118,55
SEG_1926,residential,10.0,concrete,0.812799708782975,0.386938823889329,0.537417023922192,0.811792029782155,0.6604782166787148,0.9729168400006434,0.5941097150676025,0.7752682285966923,51
SEG_1927,service,-1.0,unpaved,0.383306154925558,0.7088306602178855,0.029119137166536024,0.868523048396713,0.7844094846980828,0.09809542944695082,0.16129066416585014,0.9873865482211033,69
SEG_1928,arterial,5.0,asphalt,0.9945862251319159,0.6614462682790767,0.4660674818727475,0.806741620264146,0.956511197366517,0.21575226138211756,0.1763189909922387,0.05464371267467971,51
SEG_1929,highway,3.5,gravel,0.6991874089342449,0.8429621761266473,0.04604058760477625,0.42519096730384187,0.3135074807894488,0.405426719685106,0.4087098997175094,0.016039334934012772,45
SEG_1930,highway,7.5,gravel,0.6443553419924213,0.11748345587315578,0.4323477676572286,0.4060536787616196,0.44109287251308704,0.12838933319325752,0.2550427689754715,0.7959629923613374,58
SEG_1931,highway,3.5,concrete,0.991015906201961,0.7027227226957435,0.4546682853054874,0.2696826757845747,0.003923479386169326,0.24540456761028617,0.32637316283438933,0.7865077398546545,51
SEG_1932,arterial,7.5,asphalt,,0.7288116713403308,0.6831686566839981,0.840402162227997,0.6011175561549511,0.3750085901667056,0.9730778702275082,0.20088501696629435,59
SEG_1933,collector,5.0,concrete,0.18039147159871427,0.5874780096617885,0.76953287568841,0.9044539242047335,0.3647012147433717,0.6258167419587187,0.8648283604228655,0.7913435267522744,80
SEG_1934,residential,3.5,asphalt,0.8199127119190367,0.23612151382555013,0.5566399297511919,0.8999413188598347,0.4511501373860991,0.8994051140036496,0.114822140423255,0.028883222554628052,43
SEG_1935,highway,5.0,gravel,0.21353943957218036,0.7721185056435916,0.8390329668387512,0.3153734232910399,0.31363785245687614,0.5923664913806929,0.9304264955661581,0.12879051734766178,66
SEG_1936,collector,-1.0,concrete,0.3586872616630873,0.8502729888581331,0.44602392584326533,0.6510963426000657,0.03364265806694067,0.9291761997496245,0.24620950222292437,0.345116490525876,58
SEG_1937,arterial,7.5,asphalt,0.1408029738094938,0.7404439855207087,0.3050740512202613,0.16791244151115547,0.5303039066255688,0.2660725283087323,0.5463126332364262,0.43689271964852827,62
SEG_1938,service,5.0,concrete,0.9647780389618111,0.22525512149319027,0.22412869148185588,0.5464511685185636,0.7674494250808493,0.5927880911481351,0.9835936379753338,0.6709594379896424,49
SEG_1939,arterial,10.0,concrete,0.05680567230230782,0.47894949578672275,0.6510702068629116,0.5731847393716839,0.785298906000742,0.11121419866729843,0.34561217181606774,0.1924583539767999,72
SEG_1940,arterial,7.5,gravel,0.28899019177809904,0.7656140738026165,0.4599104133515497,0.9186551851362645,0.9891512457675777,0.6444259597848444,0.09309678860605652,0.9078672918329626,71
SEG_1941,service,10.0,gravel,0.8853897895026408,0.631647375671893,0.6835425207563796,0.5081851318795931,0.2956110752818244,0.6568537781851912,0.5199600180960963,0.06558017785844383,50
SEG_1942,service,10.0,concrete,,0.4795306659909867,0.49538957176802034,0.23152604420861966,0.0852706722503811,0.23242198488962773,0.2714661972232202,0.8649417525151348,50
SEG_1943,service,3.5,asphalt,,0.33236069895939824,0.013625134154014895,0.17348328444819194,0.8766167232167337,0.41496925346361646,0.15490017911746568,0.07985853668590659,31
SEG_1944,residential,5.0,unpaved,0.8283777282795955,0.21848679217951372,0.8883829659019984,0.4645084686353549,0.9242756681779895,0.7657381577702289,0.6604389040941596,0.23681143933310989,47
SEG_1945,arterial,7.5,asphalt,0.2242461440881831,0.2902592733240197,0.6496498494078009,0.7321075720436524,0.5486166075589101,0.9808825243722821,0.37470407284248286,0.8610622864157848,68
SEG_1946,arterial,3.5,unpaved,0.20969865159536205,0.6800289795819794,0.2118170631426458,0.47512529631713085,0.21889843901999273,0.28003685039431525,0.08578892694342155,0.7193159801683093,64
SEG_1947,residential,3.5,gravel,0.6936509566949036,0.6512988539771012,0.02037260958431475,0.8367157131415569,0.04366832512378316,0.17994660080363456,0.15589530704068566,0.012504800190376919,46
SEG_1948,highway,5.0,concrete,0.11384961104029467,0.7982966180727633,0.32697292796988264,0.9502015333794026,0.38875818955451513,0.8123457075528764,0.41512217033801857,0.2674130651177503,67
SEG_1949,highway,10.0,gravel,0.5473941704380793,0.20028586355308053,0.7061475827364265,0.8396577134509484,0.9152780621498626,0.8888312650874393,0.3946036241348089,0.7758642833002578,64
SEG_1950,arterial,5.0,asphalt,0.9057354845952458,0.5957615376122576,0.06857449631665946,0.1167420819911007,0.7181787429774906,0.45085819353164014,0.33587244521639015,0.8174284863129128,42
SEG_1951,residential,10.0,gravel,0.9567773682354785,0.07971590459591082,0.32097087054931706,0.05643090651746374,0.6510526939594304,0.5589990420376559,0.8580043314190372,0.6812558049547782,37
SEG_1952,residential,10.0,asphalt,0.9887308093545988,0.24116904246534043,0.8576135658293514,0.9791905548283182,0.6635010755514471,0.05400277779365281,0.802683169116789,0.9138521050513688,66
SEG_1953,arterial,10.0,unpaved,0.5810414765504729,0.4950077494486025,0.4568693826888802,0.1373295945702664,0.8947999427754382,0.4867274635137996,0.9524990952981812,0.13255837225748723,50
SEG_1954,highway,10.0,concrete,0.8687025265215182,0.48632128165041244,0.6682498504173041,0.73052573621666,0.40367092678937333,0.9810979802588652,0.9536689143457974,0.6386022446069279,57
SEG_1955,collector,3.5,concrete,0.0940405581438456,0.4579016609717984,0.022271727936595043,0.23811525754156104,0.46671482121718766,0.4945582488447746,0.20496816686346941,0.8125278190238704,58
SEG_1956,service,3.5,concrete,0.3650265075790382,0.6891724653160483,0.8848185420060307,0.1797619537053491,0.16960956353429313,0.9472005341217686,0.15986243746721152,0.15437353264521658,54
SEG_1957,collector,10.0,asphalt,0.5176022548848096,0.140564612028794,0.6612659132105125,0.9931946153752972,0.24075069080857747,0.3811117147435259,0.9908092745728976,0.27461171615218527,69
SEG_1958,service,5.0,unpaved,0.342282943893258,0.22007669620931603,0.15420465644453196,0.6915227400502695,0.49941196907249785,0.8629000798849303,0.35837264925585566,0.08773891571957915,50
SEG_1959,service,7.5,unpaved,0.13844618706944523,0.9674249297244614,0.21385065437027462,0.9256835948294668,0.8700848423698304,0.8390832776792951,0.9869532005843693,0.5191985952146648,70
SEG_1960,arterial,5.0,concrete,0.2609943160988545,0.6958129630057109,0.3684337170118772,0.4585447525479277,0.6055844061785428,0.8068211592880948,0.15614197741339442,0.7966212794873327,61
SEG_1961,highway,5.0,unpaved,0.5612095794046986,0.44445848808935917,0.039294138345012275,0.9402024838168215,0.9282736162792385,0.1613542867678347,0.6655537159546352,0.8988854144321253,66
SEG_1962,residential,10.0,gravel,0.9228882460058018,0.26299145851751404,0.5628921893702714,0.4934733042801338,0.6760600449498456,0.7916304929613771,0.22628975290424036,0.22559702987679875,39
SEG_1963,collector,5.0,asphalt,0.29264249319809743,0.017578459977662608,0.01407968022048356,0.830270135345042,0.7898113248896838,0.24398022205832837,0.33514365593387296,0.20690855245495654,58
SEG_1964,arterial,10.0,gravel,0.9987109127256574,0.5544662072741329,0.12154559816558597,0.39772153037795654,0.1936994953199659,0.3389135688100924,0.39470035567383854,0.09804458095702218,40
SEG_1965,service,10.0,unpaved,0.7039504454393362,0.7208384743657751,0.5018120173322237,0.6450409601963751,0.6099840758654151,0.18467605146233645,0.8995627316586065,0.22268854137924377,61
SEG_1966,service,10.0,gravel,0.03186209838487952,0.5646666005806588,0.8365023564580613,0.4705432102977133,0.9427842920645677,0.6861446869423645,0.5958823294952745,0.09356020956409095,68
SEG_1967,collector,10.0,concrete,0.6391484117444137,0.41275109343539107,0.7024635800703203,0.953682052417699,0.6439970574472622,0.1908373050033505,0.08526036452100039,0.9917784233187132,72
SEG_1968,highway,5.0,asphalt,0.007847780230166967,0.9025552743719817,0.7021923082977815,0.8781614936613589,0.3011460705264436,0.37022102051615835,0.32672294563249105,0.4140047067120529,80
SEG_1969,highway,3.5,asphalt,0.7048205557498279,0.9955747824754544,0.12281389394573716,0.22377288716080435,0.2386974344240972,0.7612606874085978,0.336327131114475,0.013252264968622751,40
SEG_1970,highway,10.0,asphalt,0.1643812502554154,0.7844348946903673,0.553996031224971,0.20056555097797502,0.23164536535711822,0.43081316174376594,0.08305906252919948,0.47448153065695386,62
SEG_1971,residential,5.0,gravel,0.09745219803219163,0.1533132698152997,0.8355488140100216,0.3013583286040048,0.9142569683401921,0.6551283509011512,0.6122494106390117,0.23310766111743486,59
SEG_1972,collector,3.5,gravel,0.8449832352084162,0.5664449706968286,0.4673544699316744,0.8949881468808079,0.508835631905688,0.3970015724273297,0.2134662671184162,0.4726447316852359,58
SEG_1973,collector,5.0,concrete,0.8875860390080397,0.44591495638612855,0.671982404768101,0.727021806860539,0.5540020981235462,0.05643414980242312,0.7633741454803783,0.49691211563535775,63
SEG_1974,residential,7.5,asphalt,0.287233247962307,0.37391449629470275,0.7918381601170803,0.11801161970604057,0.7370178297669178,0.5973030561167476,0.2032465990698501,0.549216169960897,55
SEG_1975,service,3.5,unpaved,0.16714260550830118,0.376368686836861,0.9701461357250365,0.9060526487971526,0.7788498334442122,0.0957714020248962,0.45120338924996184,0.3903710892298774,81
SEG_1976,service,7.5,concrete,0.4190223584495797,0.6333042260960827,0.10222075858484769,0.5608100228301253,0.2115619459401198,0.8944076420521015,0.6213210274300387,0.028336272257379003,49
SEG_1977,arterial,7.5,unpaved,0.04126032497677268,0.6297094226569642,0.9126274214604351,0.45143050811115426,0.9844205711189635,0.37592463904010154,0.7096769322855724,0.730993765433492,79
SEG_1978,service,10.0,concrete,0.5336544611420101,0.7914288787157304,0.49040794555984657,0.12845296401902384,0.30506387142186553,0.07735956213567374,0.5701661167779646,0.34670149441318765,58
SEG_1979,highway,3.5,concrete,0.944746200387661,0.274246740374571,0.32739249148545824,0.93778519755199,0.5245644259528465,0.563688500941012,0.3044609837696589,0.7946736763362039,55
SEG_1980,service,7.5,asphalt,0.1474080696728588,0.3890969472198553,0.833643722557503,0.7009452015290052,0.4274925775871087,0.22171374673859356,0.8896580099270758,0.7629353167937738,81
SEG_1981,arterial,7.5,asphalt,0.012995484464638829,0.7812632380117436,0.2059782575738669,0.6574219220565848,0.8360619700634325,0.5493939161342378,0.3909394839196171,0.5737803449597175,68
SEG_1982,residential,10.0,concrete,0.1885008639901098,0.0006334324320379503,0.15408366962656428,0.09765375030799084,0.8750923826125874,0.48519105253438155,0.5634639096335428,0.042027558574260326,43
SEG_1983,residential,10.0,concrete,0.5056722453338071,0.29614305327022994,0.6369075873230184,0.8770729844419822,0.9139803035659682,0.3643781378886778,0.262190072483125,0.6819275491983672,63
SEG_1984,service,3.5,gravel,0.07102117623718873,0.7940292045395556,0.7763543516977626,0.6494979894236012,0.3826913920843463,0.3262624888077258,0.5107584039752276,0.09884080556961394,74
SEG_1985,highway,3.5,asphalt,,0.906096821272273,2.8445940696064653e-05,0.7921004350163966,0.4828264643050054,0.8350947071635699,0.5139418543881215,0.013051091838778173,40
SEG_1986,arterial,7.5,gravel,0.3374915453456433,0.7633501554930481,0.007194597650743817,0.5593944302533804,0.46298948349437663,0.8444497572094696,0.7431650477605793,0.34552087806790033,54
SEG_1987,residential,7.5,concrete,0.894620951716702,0.8997371911546138,0.5748918775729692,0.9452224873418363,0.23257999450433942,0.5070645616500372,0.6077030530462524,0.2597470400505837,54
SEG_1988,service,7.5,gravel,0.11205530241423534,0.9109949273728191,0.5883980590893377,0.11483111008300628,0.6176066000172046,0.4195001118177225,0.9578209999264228,0.9819472666737091,73
SEG_1989,service,7.5,unpaved,0.11734794026187145,0.7566259697566033,0.48101413941513715,0.8004990864099655,0.062026448794557765,0.3792853917258713,0.44059985875216456,0.13168244649690464,70
SEG_1990,arterial,3.5,concrete,0.5377501994678681,0.5986102859174763,0.11792922252224891,0.6528796875767312,0.9752532156444298,0.04452986846458962,0.8812483713949139,0.635764561170415,64
SEG_1991,arterial,5.0,concrete,0.33277730883813517,0.8971451375726947,0.23623908347642353,0.4234901170238107,0.4029880208312677,0.8634724626609799,0.2885049945350977,0.24196983248180226,52
SEG_1992,arterial,10.0,gravel,0.6619290918002693,0.3920771303129529,0.5229815706677959,0.009255187828508982,0.9684344996566694,0.8126082077917323,0.988792679729508,0.3118864639691076,46
SEG_1993,arterial,7.5,concrete,0.2715823348228469,0.7912313882258954,0.8933164789613194,0.39648320306045226,0.7330959042177843,0.8510488505420595,0.2021382626721221,0.14003266229980915,61
SEG_1994,collector,5.0,asphalt,0.2755898196768326,0.7307952910309519,0.9925308824502763,0.7074310539422098,0.40214986568302125,0.3489348228212136,0.06890266147009383,0.6233829577237511,76
SEG_1995,residential,7.5,asphalt,0.03867090448782606,0.018706872998988322,0.3367116120543453,0.8822401419203236,0.041791568031237514,0.5040201000062695,0.04666972071883935,0.3905086779038952,61
SEG_1996,highway,10.0,asphalt,0.7007606150002904,0.9558963780038865,0.6480499141444728,0.967198807000865,0.6356410616451493,0.36165189444773804,0.9774999863186948,0.3496301568598891,69
SEG_1997,arterial,7.5,gravel,0.12777628451375234,0.23859307373642225,0.7717108132873167,0.3159206306860711,0.26762214698174314,0.7608215738721531,0.27645743305433557,0.4549129205683934,63
SEG_1998,service,7.5,asphalt,0.9114457867823283,0.4044805895918884,0.1252398317418919,0.37537688308645534,0.034707960275119354,0.5834327831140362,0.25826756367608794,0.6339424175171452,43
SEG_1999,highway,10.0,unpaved,0.8895156169460489,0.9536519568030881,0.4466239006612086,0.9894447247734567,0.5525723644096155,0.15973089601015455,0.5348458443733087,0.5255029778724021,64
